zip_code,hud_area_name,year,bedrooms,value
77369,"Beaumont-Port Arthur, TX",2026,0,930
77369,"Beaumont-Port Arthur, TX",2026,1,960
77369,"Beaumont-Port Arthur, TX",2026,2,1160
77369,"Beaumont-Port Arthur, TX",2026,3,1530
77369,"Beaumont-Port Arthur, TX",2026,4,1900
77374,"Beaumont-Port Arthur, TX",2026,0,830
77374,"Beaumont-Port Arthur, TX",2026,1,840
77374,"Beaumont-Port Arthur, TX",2026,2,1030
77374,"Beaumont-Port Arthur, TX",2026,3,1350
77374,"Beaumont-Port Arthur, TX",2026,4,1620
77376,"Beaumont-Port Arthur, TX",2026,0,860
77376,"Beaumont-Port Arthur, TX",2026,1,870
77376,"Beaumont-Port Arthur, TX",2026,2,1090
77376,"Beaumont-Port Arthur, TX",2026,3,1390
77376,"Beaumont-Port Arthur, TX",2026,4,1690
77519,"Beaumont-Port Arthur, TX",2026,0,830
77519,"Beaumont-Port Arthur, TX",2026,1,840
77519,"Beaumont-Port Arthur, TX",2026,2,1030
77519,"Beaumont-Port Arthur, TX",2026,3,1350
77519,"Beaumont-Port Arthur, TX",2026,4,1620
77564,"Beaumont-Port Arthur, TX",2026,0,890
77564,"Beaumont-Port Arthur, TX",2026,1,920
77564,"Beaumont-Port Arthur, TX",2026,2,1090
77564,"Beaumont-Port Arthur, TX",2026,3,1470
77564,"Beaumont-Port Arthur, TX",2026,4,1820
77585,"Beaumont-Port Arthur, TX",2026,0,830
77585,"Beaumont-Port Arthur, TX",2026,1,840
77585,"Beaumont-Port Arthur, TX",2026,2,1030
77585,"Beaumont-Port Arthur, TX",2026,3,1350
77585,"Beaumont-Port Arthur, TX",2026,4,1620
77611,"Beaumont-Port Arthur, TX",2026,0,1000
77611,"Beaumont-Port Arthur, TX",2026,1,1000
77611,"Beaumont-Port Arthur, TX",2026,2,1230
77611,"Beaumont-Port Arthur, TX",2026,3,1610
77611,"Beaumont-Port Arthur, TX",2026,4,1930
77613,"Beaumont-Port Arthur, TX",2026,0,860
77613,"Beaumont-Port Arthur, TX",2026,1,860
77613,"Beaumont-Port Arthur, TX",2026,2,1060
77613,"Beaumont-Port Arthur, TX",2026,3,1390
77613,"Beaumont-Port Arthur, TX",2026,4,1660
77619,"Beaumont-Port Arthur, TX",2026,0,1030
77619,"Beaumont-Port Arthur, TX",2026,1,1030
77619,"Beaumont-Port Arthur, TX",2026,2,1270
77619,"Beaumont-Port Arthur, TX",2026,3,1660
77619,"Beaumont-Port Arthur, TX",2026,4,1990
77622,"Beaumont-Port Arthur, TX",2026,0,920
77622,"Beaumont-Port Arthur, TX",2026,1,970
77622,"Beaumont-Port Arthur, TX",2026,2,1170
77622,"Beaumont-Port Arthur, TX",2026,3,1530
77622,"Beaumont-Port Arthur, TX",2026,4,1720
77625,"Beaumont-Port Arthur, TX",2026,0,830
77625,"Beaumont-Port Arthur, TX",2026,1,830
77625,"Beaumont-Port Arthur, TX",2026,2,1020
77625,"Beaumont-Port Arthur, TX",2026,3,1340
77625,"Beaumont-Port Arthur, TX",2026,4,1600
77627,"Beaumont-Port Arthur, TX",2026,0,1090
77627,"Beaumont-Port Arthur, TX",2026,1,1100
77627,"Beaumont-Port Arthur, TX",2026,2,1350
77627,"Beaumont-Port Arthur, TX",2026,3,1770
77627,"Beaumont-Port Arthur, TX",2026,4,2120
77629,"Beaumont-Port Arthur, TX",2026,0,880
77629,"Beaumont-Port Arthur, TX",2026,1,890
77629,"Beaumont-Port Arthur, TX",2026,2,1080
77629,"Beaumont-Port Arthur, TX",2026,3,1430
77629,"Beaumont-Port Arthur, TX",2026,4,1730
77630,"Beaumont-Port Arthur, TX",2026,0,880
77630,"Beaumont-Port Arthur, TX",2026,1,890
77630,"Beaumont-Port Arthur, TX",2026,2,1090
77630,"Beaumont-Port Arthur, TX",2026,3,1430
77630,"Beaumont-Port Arthur, TX",2026,4,1710
77631,"Beaumont-Port Arthur, TX",2026,0,860
77631,"Beaumont-Port Arthur, TX",2026,1,860
77631,"Beaumont-Port Arthur, TX",2026,2,1060
77631,"Beaumont-Port Arthur, TX",2026,3,1390
77631,"Beaumont-Port Arthur, TX",2026,4,1660
77632,"Beaumont-Port Arthur, TX",2026,0,880
77632,"Beaumont-Port Arthur, TX",2026,1,890
77632,"Beaumont-Port Arthur, TX",2026,2,1090
77632,"Beaumont-Port Arthur, TX",2026,3,1440
77632,"Beaumont-Port Arthur, TX",2026,4,1720
77639,"Beaumont-Port Arthur, TX",2026,0,860
77639,"Beaumont-Port Arthur, TX",2026,1,860
77639,"Beaumont-Port Arthur, TX",2026,2,1060
77639,"Beaumont-Port Arthur, TX",2026,3,1390
77639,"Beaumont-Port Arthur, TX",2026,4,1660
77640,"Beaumont-Port Arthur, TX",2026,0,970
77640,"Beaumont-Port Arthur, TX",2026,1,980
77640,"Beaumont-Port Arthur, TX",2026,2,1200
77640,"Beaumont-Port Arthur, TX",2026,3,1570
77640,"Beaumont-Port Arthur, TX",2026,4,1880
77641,"Beaumont-Port Arthur, TX",2026,0,910
77641,"Beaumont-Port Arthur, TX",2026,1,910
77641,"Beaumont-Port Arthur, TX",2026,2,1120
77641,"Beaumont-Port Arthur, TX",2026,3,1470
77641,"Beaumont-Port Arthur, TX",2026,4,1760
77642,"Beaumont-Port Arthur, TX",2026,0,860
77642,"Beaumont-Port Arthur, TX",2026,1,860
77642,"Beaumont-Port Arthur, TX",2026,2,1060
77642,"Beaumont-Port Arthur, TX",2026,3,1390
77642,"Beaumont-Port Arthur, TX",2026,4,1660
77643,"Beaumont-Port Arthur, TX",2026,0,910
77643,"Beaumont-Port Arthur, TX",2026,1,910
77643,"Beaumont-Port Arthur, TX",2026,2,1120
77643,"Beaumont-Port Arthur, TX",2026,3,1470
77643,"Beaumont-Port Arthur, TX",2026,4,1760
77651,"Beaumont-Port Arthur, TX",2026,0,930
77651,"Beaumont-Port Arthur, TX",2026,1,940
77651,"Beaumont-Port Arthur, TX",2026,2,1150
77651,"Beaumont-Port Arthur, TX",2026,3,1510
77651,"Beaumont-Port Arthur, TX",2026,4,1810
77655,"Beaumont-Port Arthur, TX",2026,0,970
77655,"Beaumont-Port Arthur, TX",2026,1,980
77655,"Beaumont-Port Arthur, TX",2026,2,1200
77655,"Beaumont-Port Arthur, TX",2026,3,1570
77655,"Beaumont-Port Arthur, TX",2026,4,1880
77656,"Beaumont-Port Arthur, TX",2026,0,820
77656,"Beaumont-Port Arthur, TX",2026,1,820
77656,"Beaumont-Port Arthur, TX",2026,2,1010
77656,"Beaumont-Port Arthur, TX",2026,3,1320
77656,"Beaumont-Port Arthur, TX",2026,4,1590
77657,"Beaumont-Port Arthur, TX",2026,0,840
77657,"Beaumont-Port Arthur, TX",2026,1,850
77657,"Beaumont-Port Arthur, TX",2026,2,1040
77657,"Beaumont-Port Arthur, TX",2026,3,1360
77657,"Beaumont-Port Arthur, TX",2026,4,1630
77659,"Beaumont-Port Arthur, TX",2026,0,990
77659,"Beaumont-Port Arthur, TX",2026,1,990
77659,"Beaumont-Port Arthur, TX",2026,2,1220
77659,"Beaumont-Port Arthur, TX",2026,3,1600
77659,"Beaumont-Port Arthur, TX",2026,4,1920
77662,"Beaumont-Port Arthur, TX",2026,0,790
77662,"Beaumont-Port Arthur, TX",2026,1,790
77662,"Beaumont-Port Arthur, TX",2026,2,970
77662,"Beaumont-Port Arthur, TX",2026,3,1270
77662,"Beaumont-Port Arthur, TX",2026,4,1530
77663,"Beaumont-Port Arthur, TX",2026,0,830
77663,"Beaumont-Port Arthur, TX",2026,1,830
77663,"Beaumont-Port Arthur, TX",2026,2,1020
77663,"Beaumont-Port Arthur, TX",2026,3,1340
77663,"Beaumont-Port Arthur, TX",2026,4,1600
77664,"Beaumont-Port Arthur, TX",2026,0,830
77664,"Beaumont-Port Arthur, TX",2026,1,830
77664,"Beaumont-Port Arthur, TX",2026,2,1050
77664,"Beaumont-Port Arthur, TX",2026,3,1320
77664,"Beaumont-Port Arthur, TX",2026,4,1630
77665,"Beaumont-Port Arthur, TX",2026,0,930
77665,"Beaumont-Port Arthur, TX",2026,1,960
77665,"Beaumont-Port Arthur, TX",2026,2,1140
77665,"Beaumont-Port Arthur, TX",2026,3,1530
77665,"Beaumont-Port Arthur, TX",2026,4,1900
77670,"Beaumont-Port Arthur, TX",2026,0,860
77670,"Beaumont-Port Arthur, TX",2026,1,860
77670,"Beaumont-Port Arthur, TX",2026,2,1060
77670,"Beaumont-Port Arthur, TX",2026,3,1390
77670,"Beaumont-Port Arthur, TX",2026,4,1660
77701,"Beaumont-Port Arthur, TX",2026,0,790
77701,"Beaumont-Port Arthur, TX",2026,1,800
77701,"Beaumont-Port Arthur, TX",2026,2,980
77701,"Beaumont-Port Arthur, TX",2026,3,1280
77701,"Beaumont-Port Arthur, TX",2026,4,1540
77702,"Beaumont-Port Arthur, TX",2026,0,880
77702,"Beaumont-Port Arthur, TX",2026,1,890
77702,"Beaumont-Port Arthur, TX",2026,2,1090
77702,"Beaumont-Port Arthur, TX",2026,3,1430
77702,"Beaumont-Port Arthur, TX",2026,4,1710
77703,"Beaumont-Port Arthur, TX",2026,0,790
77703,"Beaumont-Port Arthur, TX",2026,1,790
77703,"Beaumont-Port Arthur, TX",2026,2,970
77703,"Beaumont-Port Arthur, TX",2026,3,1280
77703,"Beaumont-Port Arthur, TX",2026,4,1530
77704,"Beaumont-Port Arthur, TX",2026,0,910
77704,"Beaumont-Port Arthur, TX",2026,1,910
77704,"Beaumont-Port Arthur, TX",2026,2,1120
77704,"Beaumont-Port Arthur, TX",2026,3,1470
77704,"Beaumont-Port Arthur, TX",2026,4,1760
77705,"Beaumont-Port Arthur, TX",2026,0,790
77705,"Beaumont-Port Arthur, TX",2026,1,790
77705,"Beaumont-Port Arthur, TX",2026,2,970
77705,"Beaumont-Port Arthur, TX",2026,3,1280
77705,"Beaumont-Port Arthur, TX",2026,4,1530
77706,"Beaumont-Port Arthur, TX",2026,0,970
77706,"Beaumont-Port Arthur, TX",2026,1,980
77706,"Beaumont-Port Arthur, TX",2026,2,1200
77706,"Beaumont-Port Arthur, TX",2026,3,1570
77706,"Beaumont-Port Arthur, TX",2026,4,1880
77707,"Beaumont-Port Arthur, TX",2026,0,1000
77707,"Beaumont-Port Arthur, TX",2026,1,1000
77707,"Beaumont-Port Arthur, TX",2026,2,1230
77707,"Beaumont-Port Arthur, TX",2026,3,1610
77707,"Beaumont-Port Arthur, TX",2026,4,1930
77708,"Beaumont-Port Arthur, TX",2026,0,890
77708,"Beaumont-Port Arthur, TX",2026,1,900
77708,"Beaumont-Port Arthur, TX",2026,2,1100
77708,"Beaumont-Port Arthur, TX",2026,3,1440
77708,"Beaumont-Port Arthur, TX",2026,4,1730
77713,"Beaumont-Port Arthur, TX",2026,0,1140
77713,"Beaumont-Port Arthur, TX",2026,1,1150
77713,"Beaumont-Port Arthur, TX",2026,2,1410
77713,"Beaumont-Port Arthur, TX",2026,3,1850
77713,"Beaumont-Port Arthur, TX",2026,4,2210
77720,"Beaumont-Port Arthur, TX",2026,0,910
77720,"Beaumont-Port Arthur, TX",2026,1,910
77720,"Beaumont-Port Arthur, TX",2026,2,1120
77720,"Beaumont-Port Arthur, TX",2026,3,1470
77720,"Beaumont-Port Arthur, TX",2026,4,1760
77725,"Beaumont-Port Arthur, TX",2026,0,910
77725,"Beaumont-Port Arthur, TX",2026,1,910
77725,"Beaumont-Port Arthur, TX",2026,2,1120
77725,"Beaumont-Port Arthur, TX",2026,3,1470
77725,"Beaumont-Port Arthur, TX",2026,4,1760
77726,"Beaumont-Port Arthur, TX",2026,0,910
77726,"Beaumont-Port Arthur, TX",2026,1,910
77726,"Beaumont-Port Arthur, TX",2026,2,1120
77726,"Beaumont-Port Arthur, TX",2026,3,1470
77726,"Beaumont-Port Arthur, TX",2026,4,1760
75001,"Dallas, TX",2026,0,2050
75001,"Dallas, TX",2026,1,2130
75001,"Dallas, TX",2026,2,2500
75001,"Dallas, TX",2026,3,3150
75001,"Dallas, TX",2026,4,4000
75002,"Dallas, TX",2026,0,2040
75002,"Dallas, TX",2026,1,2130
75002,"Dallas, TX",2026,2,2490
75002,"Dallas, TX",2026,3,3140
75002,"Dallas, TX",2026,4,3990
75006,"Dallas, TX",2026,0,1650
75006,"Dallas, TX",2026,1,1720
75006,"Dallas, TX",2026,2,2010
75006,"Dallas, TX",2026,3,2530
75006,"Dallas, TX",2026,4,3220
75007,"Dallas, TX",2026,0,1630
75007,"Dallas, TX",2026,1,1700
75007,"Dallas, TX",2026,2,1990
75007,"Dallas, TX",2026,3,2510
75007,"Dallas, TX",2026,4,3190
75009,"Dallas, TX",2026,0,1940
75009,"Dallas, TX",2026,1,2020
75009,"Dallas, TX",2026,2,2370
75009,"Dallas, TX",2026,3,2980
75009,"Dallas, TX",2026,4,3790
75010,"Dallas, TX",2026,0,1820
75010,"Dallas, TX",2026,1,1890
75010,"Dallas, TX",2026,2,2220
75010,"Dallas, TX",2026,3,2800
75010,"Dallas, TX",2026,4,3550
75011,"Dallas, TX",2026,0,1560
75011,"Dallas, TX",2026,1,1630
75011,"Dallas, TX",2026,2,1910
75011,"Dallas, TX",2026,3,2400
75011,"Dallas, TX",2026,4,3050
75013,"Dallas, TX",2026,0,1840
75013,"Dallas, TX",2026,1,1920
75013,"Dallas, TX",2026,2,2250
75013,"Dallas, TX",2026,3,2830
75013,"Dallas, TX",2026,4,3600
75014,"Dallas, TX",2026,0,1510
75014,"Dallas, TX",2026,1,1570
75014,"Dallas, TX",2026,2,1840
75014,"Dallas, TX",2026,3,2320
75014,"Dallas, TX",2026,4,2950
75015,"Dallas, TX",2026,0,1510
75015,"Dallas, TX",2026,1,1570
75015,"Dallas, TX",2026,2,1840
75015,"Dallas, TX",2026,3,2320
75015,"Dallas, TX",2026,4,2950
75016,"Dallas, TX",2026,0,1510
75016,"Dallas, TX",2026,1,1570
75016,"Dallas, TX",2026,2,1840
75016,"Dallas, TX",2026,3,2320
75016,"Dallas, TX",2026,4,2950
75017,"Dallas, TX",2026,0,1510
75017,"Dallas, TX",2026,1,1570
75017,"Dallas, TX",2026,2,1840
75017,"Dallas, TX",2026,3,2320
75017,"Dallas, TX",2026,4,2950
75019,"Dallas, TX",2026,0,1840
75019,"Dallas, TX",2026,1,1910
75019,"Dallas, TX",2026,2,2240
75019,"Dallas, TX",2026,3,2820
75019,"Dallas, TX",2026,4,3590
75023,"Dallas, TX",2026,0,1800
75023,"Dallas, TX",2026,1,1880
75023,"Dallas, TX",2026,2,2200
75023,"Dallas, TX",2026,3,2770
75023,"Dallas, TX",2026,4,3520
75024,"Dallas, TX",2026,0,2110
75024,"Dallas, TX",2026,1,2200
75024,"Dallas, TX",2026,2,2580
75024,"Dallas, TX",2026,3,3250
75024,"Dallas, TX",2026,4,4130
75025,"Dallas, TX",2026,0,2030
75025,"Dallas, TX",2026,1,2120
75025,"Dallas, TX",2026,2,2480
75025,"Dallas, TX",2026,3,3120
75025,"Dallas, TX",2026,4,3970
75026,"Dallas, TX",2026,0,1840
75026,"Dallas, TX",2026,1,1910
75026,"Dallas, TX",2026,2,2240
75026,"Dallas, TX",2026,3,2820
75026,"Dallas, TX",2026,4,3590
75027,"Dallas, TX",2026,0,1660
75027,"Dallas, TX",2026,1,1720
75027,"Dallas, TX",2026,2,2020
75027,"Dallas, TX",2026,3,2540
75027,"Dallas, TX",2026,4,3230
75029,"Dallas, TX",2026,0,1660
75029,"Dallas, TX",2026,1,1720
75029,"Dallas, TX",2026,2,2020
75029,"Dallas, TX",2026,3,2540
75029,"Dallas, TX",2026,4,3230
75030,"Dallas, TX",2026,0,1510
75030,"Dallas, TX",2026,1,1570
75030,"Dallas, TX",2026,2,1840
75030,"Dallas, TX",2026,3,2320
75030,"Dallas, TX",2026,4,2950
75032,"Dallas, TX",2026,0,1940
75032,"Dallas, TX",2026,1,2020
75032,"Dallas, TX",2026,2,2370
75032,"Dallas, TX",2026,3,2980
75032,"Dallas, TX",2026,4,3790
75033,"Dallas, TX",2026,0,2090
75033,"Dallas, TX",2026,1,2180
75033,"Dallas, TX",2026,2,2550
75033,"Dallas, TX",2026,3,3210
75033,"Dallas, TX",2026,4,4080
75034,"Dallas, TX",2026,0,2080
75034,"Dallas, TX",2026,1,2170
75034,"Dallas, TX",2026,2,2540
75034,"Dallas, TX",2026,3,3200
75034,"Dallas, TX",2026,4,4070
75035,"Dallas, TX",2026,0,2280
75035,"Dallas, TX",2026,1,2370
75035,"Dallas, TX",2026,2,2780
75035,"Dallas, TX",2026,3,3500
75035,"Dallas, TX",2026,4,4450
75036,"Dallas, TX",2026,0,2290
75036,"Dallas, TX",2026,1,2380
75036,"Dallas, TX",2026,2,2790
75036,"Dallas, TX",2026,3,3510
75036,"Dallas, TX",2026,4,4470
75038,"Dallas, TX",2026,0,1710
75038,"Dallas, TX",2026,1,1780
75038,"Dallas, TX",2026,2,2090
75038,"Dallas, TX",2026,3,2630
75038,"Dallas, TX",2026,4,3350
75039,"Dallas, TX",2026,0,2230
75039,"Dallas, TX",2026,1,2320
75039,"Dallas, TX",2026,2,2720
75039,"Dallas, TX",2026,3,3420
75039,"Dallas, TX",2026,4,4350
75040,"Dallas, TX",2026,0,1580
75040,"Dallas, TX",2026,1,1650
75040,"Dallas, TX",2026,2,1930
75040,"Dallas, TX",2026,3,2430
75040,"Dallas, TX",2026,4,3090
75041,"Dallas, TX",2026,0,1380
75041,"Dallas, TX",2026,1,1430
75041,"Dallas, TX",2026,2,1680
75041,"Dallas, TX",2026,3,2120
75041,"Dallas, TX",2026,4,2690
75042,"Dallas, TX",2026,0,1350
75042,"Dallas, TX",2026,1,1410
75042,"Dallas, TX",2026,2,1650
75042,"Dallas, TX",2026,3,2080
75042,"Dallas, TX",2026,4,2640
75043,"Dallas, TX",2026,0,1540
75043,"Dallas, TX",2026,1,1600
75043,"Dallas, TX",2026,2,1880
75043,"Dallas, TX",2026,3,2370
75043,"Dallas, TX",2026,4,3010
75044,"Dallas, TX",2026,0,1750
75044,"Dallas, TX",2026,1,1820
75044,"Dallas, TX",2026,2,2130
75044,"Dallas, TX",2026,3,2680
75044,"Dallas, TX",2026,4,3410
75045,"Dallas, TX",2026,0,1510
75045,"Dallas, TX",2026,1,1570
75045,"Dallas, TX",2026,2,1840
75045,"Dallas, TX",2026,3,2320
75045,"Dallas, TX",2026,4,2950
75046,"Dallas, TX",2026,0,1510
75046,"Dallas, TX",2026,1,1570
75046,"Dallas, TX",2026,2,1840
75046,"Dallas, TX",2026,3,2320
75046,"Dallas, TX",2026,4,2950
75047,"Dallas, TX",2026,0,1510
75047,"Dallas, TX",2026,1,1570
75047,"Dallas, TX",2026,2,1840
75047,"Dallas, TX",2026,3,2320
75047,"Dallas, TX",2026,4,2950
75048,"Dallas, TX",2026,0,1910
75048,"Dallas, TX",2026,1,1990
75048,"Dallas, TX",2026,2,2330
75048,"Dallas, TX",2026,3,2930
75048,"Dallas, TX",2026,4,3730
75049,"Dallas, TX",2026,0,1510
75049,"Dallas, TX",2026,1,1570
75049,"Dallas, TX",2026,2,1840
75049,"Dallas, TX",2026,3,2320
75049,"Dallas, TX",2026,4,2950
75056,"Dallas, TX",2026,0,1820
75056,"Dallas, TX",2026,1,1890
75056,"Dallas, TX",2026,2,2220
75056,"Dallas, TX",2026,3,2800
75056,"Dallas, TX",2026,4,3550
75057,"Dallas, TX",2026,0,1640
75057,"Dallas, TX",2026,1,1710
75057,"Dallas, TX",2026,2,2000
75057,"Dallas, TX",2026,3,2520
75057,"Dallas, TX",2026,4,3200
75058,"Dallas, TX",2026,0,1390
75058,"Dallas, TX",2026,1,1390
75058,"Dallas, TX",2026,2,1720
75058,"Dallas, TX",2026,3,2390
75058,"Dallas, TX",2026,4,2750
75060,"Dallas, TX",2026,0,1430
75060,"Dallas, TX",2026,1,1490
75060,"Dallas, TX",2026,2,1750
75060,"Dallas, TX",2026,3,2200
75060,"Dallas, TX",2026,4,2800
75061,"Dallas, TX",2026,0,1410
75061,"Dallas, TX",2026,1,1470
75061,"Dallas, TX",2026,2,1720
75061,"Dallas, TX",2026,3,2170
75061,"Dallas, TX",2026,4,2750
75062,"Dallas, TX",2026,0,1490
75062,"Dallas, TX",2026,1,1550
75062,"Dallas, TX",2026,2,1820
75062,"Dallas, TX",2026,3,2290
75062,"Dallas, TX",2026,4,2910
75063,"Dallas, TX",2026,0,1890
75063,"Dallas, TX",2026,1,1970
75063,"Dallas, TX",2026,2,2310
75063,"Dallas, TX",2026,3,2910
75063,"Dallas, TX",2026,4,3700
75065,"Dallas, TX",2026,0,1670
75065,"Dallas, TX",2026,1,1740
75065,"Dallas, TX",2026,2,2040
75065,"Dallas, TX",2026,3,2570
75065,"Dallas, TX",2026,4,3270
75067,"Dallas, TX",2026,0,1700
75067,"Dallas, TX",2026,1,1770
75067,"Dallas, TX",2026,2,2070
75067,"Dallas, TX",2026,3,2610
75067,"Dallas, TX",2026,4,3310
75068,"Dallas, TX",2026,0,2200
75068,"Dallas, TX",2026,1,2290
75068,"Dallas, TX",2026,2,2680
75068,"Dallas, TX",2026,3,3370
75068,"Dallas, TX",2026,4,4290
75069,"Dallas, TX",2026,0,1630
75069,"Dallas, TX",2026,1,1700
75069,"Dallas, TX",2026,2,1990
75069,"Dallas, TX",2026,3,2510
75069,"Dallas, TX",2026,4,3190
75070,"Dallas, TX",2026,0,1830
75070,"Dallas, TX",2026,1,1900
75070,"Dallas, TX",2026,2,2230
75070,"Dallas, TX",2026,3,2810
75070,"Dallas, TX",2026,4,3570
75071,"Dallas, TX",2026,0,2160
75071,"Dallas, TX",2026,1,2250
75071,"Dallas, TX",2026,2,2640
75071,"Dallas, TX",2026,3,3320
75071,"Dallas, TX",2026,4,4230
75072,"Dallas, TX",2026,0,2380
75072,"Dallas, TX",2026,1,2470
75072,"Dallas, TX",2026,2,2900
75072,"Dallas, TX",2026,3,3650
75072,"Dallas, TX",2026,4,4640
75074,"Dallas, TX",2026,0,1750
75074,"Dallas, TX",2026,1,1820
75074,"Dallas, TX",2026,2,2130
75074,"Dallas, TX",2026,3,2680
75074,"Dallas, TX",2026,4,3410
75075,"Dallas, TX",2026,0,1700
75075,"Dallas, TX",2026,1,1770
75075,"Dallas, TX",2026,2,2070
75075,"Dallas, TX",2026,3,2610
75075,"Dallas, TX",2026,4,3310
75077,"Dallas, TX",2026,0,1870
75077,"Dallas, TX",2026,1,1950
75077,"Dallas, TX",2026,2,2280
75077,"Dallas, TX",2026,3,2870
75077,"Dallas, TX",2026,4,3650
75078,"Dallas, TX",2026,0,2290
75078,"Dallas, TX",2026,1,2380
75078,"Dallas, TX",2026,2,2790
75078,"Dallas, TX",2026,3,3510
75078,"Dallas, TX",2026,4,4470
75080,"Dallas, TX",2026,0,1770
75080,"Dallas, TX",2026,1,1840
75080,"Dallas, TX",2026,2,2160
75080,"Dallas, TX",2026,3,2720
75080,"Dallas, TX",2026,4,3460
75081,"Dallas, TX",2026,0,1800
75081,"Dallas, TX",2026,1,1880
75081,"Dallas, TX",2026,2,2200
75081,"Dallas, TX",2026,3,2770
75081,"Dallas, TX",2026,4,3520
75082,"Dallas, TX",2026,0,2020
75082,"Dallas, TX",2026,1,2100
75082,"Dallas, TX",2026,2,2460
75082,"Dallas, TX",2026,3,3100
75082,"Dallas, TX",2026,4,3940
75083,"Dallas, TX",2026,0,1510
75083,"Dallas, TX",2026,1,1570
75083,"Dallas, TX",2026,2,1840
75083,"Dallas, TX",2026,3,2320
75083,"Dallas, TX",2026,4,2950
75085,"Dallas, TX",2026,0,1510
75085,"Dallas, TX",2026,1,1570
75085,"Dallas, TX",2026,2,1840
75085,"Dallas, TX",2026,3,2320
75085,"Dallas, TX",2026,4,2950
75086,"Dallas, TX",2026,0,1840
75086,"Dallas, TX",2026,1,1910
75086,"Dallas, TX",2026,2,2240
75086,"Dallas, TX",2026,3,2820
75086,"Dallas, TX",2026,4,3590
75087,"Dallas, TX",2026,0,1720
75087,"Dallas, TX",2026,1,1790
75087,"Dallas, TX",2026,2,2100
75087,"Dallas, TX",2026,3,2640
75087,"Dallas, TX",2026,4,3360
75088,"Dallas, TX",2026,0,2020
75088,"Dallas, TX",2026,1,2110
75088,"Dallas, TX",2026,2,2470
75088,"Dallas, TX",2026,3,3110
75088,"Dallas, TX",2026,4,3950
75089,"Dallas, TX",2026,0,2000
75089,"Dallas, TX",2026,1,2080
75089,"Dallas, TX",2026,2,2440
75089,"Dallas, TX",2026,3,3070
75089,"Dallas, TX",2026,4,3910
75093,"Dallas, TX",2026,0,2030
75093,"Dallas, TX",2026,1,2120
75093,"Dallas, TX",2026,2,2480
75093,"Dallas, TX",2026,3,3120
75093,"Dallas, TX",2026,4,3970
75094,"Dallas, TX",2026,0,2380
75094,"Dallas, TX",2026,1,2470
75094,"Dallas, TX",2026,2,2900
75094,"Dallas, TX",2026,3,3650
75094,"Dallas, TX",2026,4,4640
75097,"Dallas, TX",2026,0,1840
75097,"Dallas, TX",2026,1,1910
75097,"Dallas, TX",2026,2,2240
75097,"Dallas, TX",2026,3,2820
75097,"Dallas, TX",2026,4,3590
75098,"Dallas, TX",2026,0,2040
75098,"Dallas, TX",2026,1,2130
75098,"Dallas, TX",2026,2,2490
75098,"Dallas, TX",2026,3,3140
75098,"Dallas, TX",2026,4,3990
75099,"Dallas, TX",2026,0,1510
75099,"Dallas, TX",2026,1,1570
75099,"Dallas, TX",2026,2,1840
75099,"Dallas, TX",2026,3,2320
75099,"Dallas, TX",2026,4,2950
75101,"Dallas, TX",2026,0,1230
75101,"Dallas, TX",2026,1,1280
75101,"Dallas, TX",2026,2,1500
75101,"Dallas, TX",2026,3,1890
75101,"Dallas, TX",2026,4,2400
75104,"Dallas, TX",2026,0,1910
75104,"Dallas, TX",2026,1,1990
75104,"Dallas, TX",2026,2,2330
75104,"Dallas, TX",2026,3,2930
75104,"Dallas, TX",2026,4,3730
75106,"Dallas, TX",2026,0,1510
75106,"Dallas, TX",2026,1,1570
75106,"Dallas, TX",2026,2,1840
75106,"Dallas, TX",2026,3,2320
75106,"Dallas, TX",2026,4,2950
75114,"Dallas, TX",2026,0,1460
75114,"Dallas, TX",2026,1,1520
75114,"Dallas, TX",2026,2,1780
75114,"Dallas, TX",2026,3,2240
75114,"Dallas, TX",2026,4,2850
75115,"Dallas, TX",2026,0,1560
75115,"Dallas, TX",2026,1,1620
75115,"Dallas, TX",2026,2,1900
75115,"Dallas, TX",2026,3,2390
75115,"Dallas, TX",2026,4,3040
75116,"Dallas, TX",2026,0,1500
75116,"Dallas, TX",2026,1,1560
75116,"Dallas, TX",2026,2,1830
75116,"Dallas, TX",2026,3,2300
75116,"Dallas, TX",2026,4,2930
75118,"Dallas, TX",2026,0,1420
75118,"Dallas, TX",2026,1,1480
75118,"Dallas, TX",2026,2,1730
75118,"Dallas, TX",2026,3,2180
75118,"Dallas, TX",2026,4,2770
75119,"Dallas, TX",2026,0,1270
75119,"Dallas, TX",2026,1,1320
75119,"Dallas, TX",2026,2,1550
75119,"Dallas, TX",2026,3,1950
75119,"Dallas, TX",2026,4,2480
75123,"Dallas, TX",2026,0,1510
75123,"Dallas, TX",2026,1,1570
75123,"Dallas, TX",2026,2,1840
75123,"Dallas, TX",2026,3,2320
75123,"Dallas, TX",2026,4,2950
75125,"Dallas, TX",2026,0,1210
75125,"Dallas, TX",2026,1,1260
75125,"Dallas, TX",2026,2,1480
75125,"Dallas, TX",2026,3,1860
75125,"Dallas, TX",2026,4,2370
75126,"Dallas, TX",2026,0,2030
75126,"Dallas, TX",2026,1,2120
75126,"Dallas, TX",2026,2,2480
75126,"Dallas, TX",2026,3,3120
75126,"Dallas, TX",2026,4,3970
75132,"Dallas, TX",2026,0,1900
75132,"Dallas, TX",2026,1,1980
75132,"Dallas, TX",2026,2,2320
75132,"Dallas, TX",2026,3,2920
75132,"Dallas, TX",2026,4,3710
75134,"Dallas, TX",2026,0,1690
75134,"Dallas, TX",2026,1,1760
75134,"Dallas, TX",2026,2,2060
75134,"Dallas, TX",2026,3,2590
75134,"Dallas, TX",2026,4,3300
75135,"Dallas, TX",2026,0,1500
75135,"Dallas, TX",2026,1,1560
75135,"Dallas, TX",2026,2,1830
75135,"Dallas, TX",2026,3,2300
75135,"Dallas, TX",2026,4,2930
75137,"Dallas, TX",2026,0,1830
75137,"Dallas, TX",2026,1,1900
75137,"Dallas, TX",2026,2,2230
75137,"Dallas, TX",2026,3,2810
75137,"Dallas, TX",2026,4,3570
75138,"Dallas, TX",2026,0,1510
75138,"Dallas, TX",2026,1,1570
75138,"Dallas, TX",2026,2,1840
75138,"Dallas, TX",2026,3,2320
75138,"Dallas, TX",2026,4,2950
75141,"Dallas, TX",2026,0,1570
75141,"Dallas, TX",2026,1,1630
75141,"Dallas, TX",2026,2,1910
75141,"Dallas, TX",2026,3,2400
75141,"Dallas, TX",2026,4,3060
75142,"Dallas, TX",2026,0,1300
75142,"Dallas, TX",2026,1,1360
75142,"Dallas, TX",2026,2,1590
75142,"Dallas, TX",2026,3,2000
75142,"Dallas, TX",2026,4,2550
75143,"Dallas, TX",2026,0,1020
75143,"Dallas, TX",2026,1,1090
75143,"Dallas, TX",2026,2,1300
75143,"Dallas, TX",2026,3,1670
75143,"Dallas, TX",2026,4,2000
75146,"Dallas, TX",2026,0,1580
75146,"Dallas, TX",2026,1,1650
75146,"Dallas, TX",2026,2,1930
75146,"Dallas, TX",2026,3,2430
75146,"Dallas, TX",2026,4,3090
75147,"Dallas, TX",2026,0,870
75147,"Dallas, TX",2026,1,900
75147,"Dallas, TX",2026,2,1090
75147,"Dallas, TX",2026,3,1390
75147,"Dallas, TX",2026,4,1650
75149,"Dallas, TX",2026,0,1450
75149,"Dallas, TX",2026,1,1510
75149,"Dallas, TX",2026,2,1770
75149,"Dallas, TX",2026,3,2230
75149,"Dallas, TX",2026,4,2830
75150,"Dallas, TX",2026,0,1500
75150,"Dallas, TX",2026,1,1560
75150,"Dallas, TX",2026,2,1830
75150,"Dallas, TX",2026,3,2300
75150,"Dallas, TX",2026,4,2930
75152,"Dallas, TX",2026,0,1650
75152,"Dallas, TX",2026,1,1720
75152,"Dallas, TX",2026,2,2010
75152,"Dallas, TX",2026,3,2530
75152,"Dallas, TX",2026,4,3220
75154,"Dallas, TX",2026,0,1520
75154,"Dallas, TX",2026,1,1590
75154,"Dallas, TX",2026,2,1860
75154,"Dallas, TX",2026,3,2340
75154,"Dallas, TX",2026,4,2980
75156,"Dallas, TX",2026,0,830
75156,"Dallas, TX",2026,1,890
75156,"Dallas, TX",2026,2,1030
75156,"Dallas, TX",2026,3,1300
75156,"Dallas, TX",2026,4,1690
75157,"Dallas, TX",2026,0,1200
75157,"Dallas, TX",2026,1,1250
75157,"Dallas, TX",2026,2,1470
75157,"Dallas, TX",2026,3,1850
75157,"Dallas, TX",2026,4,2350
75158,"Dallas, TX",2026,0,1200
75158,"Dallas, TX",2026,1,1250
75158,"Dallas, TX",2026,2,1470
75158,"Dallas, TX",2026,3,1850
75158,"Dallas, TX",2026,4,2350
75159,"Dallas, TX",2026,0,1390
75159,"Dallas, TX",2026,1,1450
75159,"Dallas, TX",2026,2,1700
75159,"Dallas, TX",2026,3,2140
75159,"Dallas, TX",2026,4,2720
75160,"Dallas, TX",2026,0,1250
75160,"Dallas, TX",2026,1,1300
75160,"Dallas, TX",2026,2,1520
75160,"Dallas, TX",2026,3,1910
75160,"Dallas, TX",2026,4,2430
75161,"Dallas, TX",2026,0,930
75161,"Dallas, TX",2026,1,960
75161,"Dallas, TX",2026,2,1130
75161,"Dallas, TX",2026,3,1420
75161,"Dallas, TX",2026,4,1810
75164,"Dallas, TX",2026,0,1630
75164,"Dallas, TX",2026,1,1700
75164,"Dallas, TX",2026,2,2000
75164,"Dallas, TX",2026,3,2510
75164,"Dallas, TX",2026,4,3190
75165,"Dallas, TX",2026,0,1480
75165,"Dallas, TX",2026,1,1540
75165,"Dallas, TX",2026,2,1810
75165,"Dallas, TX",2026,3,2280
75165,"Dallas, TX",2026,4,2900
75166,"Dallas, TX",2026,0,1930
75166,"Dallas, TX",2026,1,2010
75166,"Dallas, TX",2026,2,2360
75166,"Dallas, TX",2026,3,2970
75166,"Dallas, TX",2026,4,3780
75167,"Dallas, TX",2026,0,2050
75167,"Dallas, TX",2026,1,2130
75167,"Dallas, TX",2026,2,2500
75167,"Dallas, TX",2026,3,3150
75167,"Dallas, TX",2026,4,4000
75168,"Dallas, TX",2026,0,1470
75168,"Dallas, TX",2026,1,1530
75168,"Dallas, TX",2026,2,1790
75168,"Dallas, TX",2026,3,2250
75168,"Dallas, TX",2026,4,2870
75169,"Dallas, TX",2026,0,820
75169,"Dallas, TX",2026,1,830
75169,"Dallas, TX",2026,2,1070
75169,"Dallas, TX",2026,3,1390
75169,"Dallas, TX",2026,4,1490
75172,"Dallas, TX",2026,0,1270
75172,"Dallas, TX",2026,1,1320
75172,"Dallas, TX",2026,2,1550
75172,"Dallas, TX",2026,3,1950
75172,"Dallas, TX",2026,4,2480
75173,"Dallas, TX",2026,0,1410
75173,"Dallas, TX",2026,1,1470
75173,"Dallas, TX",2026,2,1720
75173,"Dallas, TX",2026,3,2170
75173,"Dallas, TX",2026,4,2750
75180,"Dallas, TX",2026,0,1320
75180,"Dallas, TX",2026,1,1370
75180,"Dallas, TX",2026,2,1610
75180,"Dallas, TX",2026,3,2030
75180,"Dallas, TX",2026,4,2580
75181,"Dallas, TX",2026,0,2030
75181,"Dallas, TX",2026,1,2120
75181,"Dallas, TX",2026,2,2480
75181,"Dallas, TX",2026,3,3120
75181,"Dallas, TX",2026,4,3970
75182,"Dallas, TX",2026,0,1520
75182,"Dallas, TX",2026,1,1590
75182,"Dallas, TX",2026,2,1870
75182,"Dallas, TX",2026,3,2340
75182,"Dallas, TX",2026,4,2990
75185,"Dallas, TX",2026,0,1510
75185,"Dallas, TX",2026,1,1570
75185,"Dallas, TX",2026,2,1840
75185,"Dallas, TX",2026,3,2320
75185,"Dallas, TX",2026,4,2950
75187,"Dallas, TX",2026,0,1510
75187,"Dallas, TX",2026,1,1570
75187,"Dallas, TX",2026,2,1840
75187,"Dallas, TX",2026,3,2320
75187,"Dallas, TX",2026,4,2950
75189,"Dallas, TX",2026,0,2020
75189,"Dallas, TX",2026,1,2110
75189,"Dallas, TX",2026,2,2470
75189,"Dallas, TX",2026,3,3110
75189,"Dallas, TX",2026,4,3950
75201,"Dallas, TX",2026,0,2380
75201,"Dallas, TX",2026,1,2470
75201,"Dallas, TX",2026,2,2900
75201,"Dallas, TX",2026,3,3650
75201,"Dallas, TX",2026,4,4640
75202,"Dallas, TX",2026,0,2110
75202,"Dallas, TX",2026,1,2200
75202,"Dallas, TX",2026,2,2580
75202,"Dallas, TX",2026,3,3250
75202,"Dallas, TX",2026,4,4130
75203,"Dallas, TX",2026,0,1200
75203,"Dallas, TX",2026,1,1250
75203,"Dallas, TX",2026,2,1460
75203,"Dallas, TX",2026,3,1840
75203,"Dallas, TX",2026,4,2340
75204,"Dallas, TX",2026,0,2270
75204,"Dallas, TX",2026,1,2360
75204,"Dallas, TX",2026,2,2770
75204,"Dallas, TX",2026,3,3490
75204,"Dallas, TX",2026,4,4430
75205,"Dallas, TX",2026,0,2360
75205,"Dallas, TX",2026,1,2460
75205,"Dallas, TX",2026,2,2880
75205,"Dallas, TX",2026,3,3630
75205,"Dallas, TX",2026,4,4610
75206,"Dallas, TX",2026,0,1980
75206,"Dallas, TX",2026,1,2070
75206,"Dallas, TX",2026,2,2420
75206,"Dallas, TX",2026,3,3050
75206,"Dallas, TX",2026,4,3870
75207,"Dallas, TX",2026,0,1940
75207,"Dallas, TX",2026,1,2020
75207,"Dallas, TX",2026,2,2370
75207,"Dallas, TX",2026,3,2980
75207,"Dallas, TX",2026,4,3790
75208,"Dallas, TX",2026,0,1610
75208,"Dallas, TX",2026,1,1680
75208,"Dallas, TX",2026,2,1970
75208,"Dallas, TX",2026,3,2480
75208,"Dallas, TX",2026,4,3150
75209,"Dallas, TX",2026,0,1850
75209,"Dallas, TX",2026,1,1930
75209,"Dallas, TX",2026,2,2260
75209,"Dallas, TX",2026,3,2850
75209,"Dallas, TX",2026,4,3620
75210,"Dallas, TX",2026,0,1000
75210,"Dallas, TX",2026,1,1040
75210,"Dallas, TX",2026,2,1220
75210,"Dallas, TX",2026,3,1540
75210,"Dallas, TX",2026,4,1950
75211,"Dallas, TX",2026,0,1250
75211,"Dallas, TX",2026,1,1310
75211,"Dallas, TX",2026,2,1530
75211,"Dallas, TX",2026,3,1930
75211,"Dallas, TX",2026,4,2450
75212,"Dallas, TX",2026,0,1250
75212,"Dallas, TX",2026,1,1310
75212,"Dallas, TX",2026,2,1530
75212,"Dallas, TX",2026,3,1930
75212,"Dallas, TX",2026,4,2450
75214,"Dallas, TX",2026,0,1780
75214,"Dallas, TX",2026,1,1850
75214,"Dallas, TX",2026,2,2170
75214,"Dallas, TX",2026,3,2730
75214,"Dallas, TX",2026,4,3470
75215,"Dallas, TX",2026,0,1260
75215,"Dallas, TX",2026,1,1310
75215,"Dallas, TX",2026,2,1540
75215,"Dallas, TX",2026,3,1940
75215,"Dallas, TX",2026,4,2470
75216,"Dallas, TX",2026,0,1120
75216,"Dallas, TX",2026,1,1170
75216,"Dallas, TX",2026,2,1370
75216,"Dallas, TX",2026,3,1720
75216,"Dallas, TX",2026,4,2190
75217,"Dallas, TX",2026,0,1160
75217,"Dallas, TX",2026,1,1200
75217,"Dallas, TX",2026,2,1410
75217,"Dallas, TX",2026,3,1780
75217,"Dallas, TX",2026,4,2260
75218,"Dallas, TX",2026,0,1710
75218,"Dallas, TX",2026,1,1780
75218,"Dallas, TX",2026,2,2090
75218,"Dallas, TX",2026,3,2630
75218,"Dallas, TX",2026,4,3350
75219,"Dallas, TX",2026,0,1960
75219,"Dallas, TX",2026,1,2040
75219,"Dallas, TX",2026,2,2390
75219,"Dallas, TX",2026,3,3010
75219,"Dallas, TX",2026,4,3830
75220,"Dallas, TX",2026,0,1380
75220,"Dallas, TX",2026,1,1430
75220,"Dallas, TX",2026,2,1680
75220,"Dallas, TX",2026,3,2120
75220,"Dallas, TX",2026,4,2690
75221,"Dallas, TX",2026,0,1510
75221,"Dallas, TX",2026,1,1570
75221,"Dallas, TX",2026,2,1840
75221,"Dallas, TX",2026,3,2320
75221,"Dallas, TX",2026,4,2950
75222,"Dallas, TX",2026,0,1510
75222,"Dallas, TX",2026,1,1570
75222,"Dallas, TX",2026,2,1840
75222,"Dallas, TX",2026,3,2320
75222,"Dallas, TX",2026,4,2950
75223,"Dallas, TX",2026,0,1430
75223,"Dallas, TX",2026,1,1480
75223,"Dallas, TX",2026,2,1740
75223,"Dallas, TX",2026,3,2190
75223,"Dallas, TX",2026,4,2790
75224,"Dallas, TX",2026,0,1220
75224,"Dallas, TX",2026,1,1270
75224,"Dallas, TX",2026,2,1490
75224,"Dallas, TX",2026,3,1880
75224,"Dallas, TX",2026,4,2390
75225,"Dallas, TX",2026,0,2380
75225,"Dallas, TX",2026,1,2470
75225,"Dallas, TX",2026,2,2900
75225,"Dallas, TX",2026,3,3650
75225,"Dallas, TX",2026,4,4640
75226,"Dallas, TX",2026,0,1730
75226,"Dallas, TX",2026,1,1800
75226,"Dallas, TX",2026,2,2110
75226,"Dallas, TX",2026,3,2660
75226,"Dallas, TX",2026,4,3380
75227,"Dallas, TX",2026,0,1300
75227,"Dallas, TX",2026,1,1360
75227,"Dallas, TX",2026,2,1590
75227,"Dallas, TX",2026,3,2000
75227,"Dallas, TX",2026,4,2550
75228,"Dallas, TX",2026,0,1300
75228,"Dallas, TX",2026,1,1360
75228,"Dallas, TX",2026,2,1590
75228,"Dallas, TX",2026,3,2000
75228,"Dallas, TX",2026,4,2550
75229,"Dallas, TX",2026,0,1570
75229,"Dallas, TX",2026,1,1640
75229,"Dallas, TX",2026,2,1920
75229,"Dallas, TX",2026,3,2420
75229,"Dallas, TX",2026,4,3070
75230,"Dallas, TX",2026,0,1520
75230,"Dallas, TX",2026,1,1580
75230,"Dallas, TX",2026,2,1850
75230,"Dallas, TX",2026,3,2330
75230,"Dallas, TX",2026,4,2960
75231,"Dallas, TX",2026,0,1430
75231,"Dallas, TX",2026,1,1480
75231,"Dallas, TX",2026,2,1740
75231,"Dallas, TX",2026,3,2190
75231,"Dallas, TX",2026,4,2790
75232,"Dallas, TX",2026,0,1340
75232,"Dallas, TX",2026,1,1400
75232,"Dallas, TX",2026,2,1640
75232,"Dallas, TX",2026,3,2060
75232,"Dallas, TX",2026,4,2630
75233,"Dallas, TX",2026,0,1330
75233,"Dallas, TX",2026,1,1380
75233,"Dallas, TX",2026,2,1620
75233,"Dallas, TX",2026,3,2040
75233,"Dallas, TX",2026,4,2590
75234,"Dallas, TX",2026,0,1760
75234,"Dallas, TX",2026,1,1830
75234,"Dallas, TX",2026,2,2150
75234,"Dallas, TX",2026,3,2710
75234,"Dallas, TX",2026,4,3440
75235,"Dallas, TX",2026,0,1660
75235,"Dallas, TX",2026,1,1730
75235,"Dallas, TX",2026,2,2030
75235,"Dallas, TX",2026,3,2560
75235,"Dallas, TX",2026,4,3250
75236,"Dallas, TX",2026,0,1320
75236,"Dallas, TX",2026,1,1370
75236,"Dallas, TX",2026,2,1610
75236,"Dallas, TX",2026,3,2030
75236,"Dallas, TX",2026,4,2580
75237,"Dallas, TX",2026,0,1220
75237,"Dallas, TX",2026,1,1270
75237,"Dallas, TX",2026,2,1490
75237,"Dallas, TX",2026,3,1880
75237,"Dallas, TX",2026,4,2390
75238,"Dallas, TX",2026,0,1360
75238,"Dallas, TX",2026,1,1420
75238,"Dallas, TX",2026,2,1660
75238,"Dallas, TX",2026,3,2090
75238,"Dallas, TX",2026,4,2660
75240,"Dallas, TX",2026,0,1470
75240,"Dallas, TX",2026,1,1530
75240,"Dallas, TX",2026,2,1790
75240,"Dallas, TX",2026,3,2250
75240,"Dallas, TX",2026,4,2870
75241,"Dallas, TX",2026,0,1290
75241,"Dallas, TX",2026,1,1350
75241,"Dallas, TX",2026,2,1580
75241,"Dallas, TX",2026,3,1990
75241,"Dallas, TX",2026,4,2530
75242,"Dallas, TX",2026,0,1510
75242,"Dallas, TX",2026,1,1570
75242,"Dallas, TX",2026,2,1840
75242,"Dallas, TX",2026,3,2320
75242,"Dallas, TX",2026,4,2950
75243,"Dallas, TX",2026,0,1490
75243,"Dallas, TX",2026,1,1550
75243,"Dallas, TX",2026,2,1820
75243,"Dallas, TX",2026,3,2290
75243,"Dallas, TX",2026,4,2910
75244,"Dallas, TX",2026,0,1930
75244,"Dallas, TX",2026,1,2010
75244,"Dallas, TX",2026,2,2350
75244,"Dallas, TX",2026,3,2960
75244,"Dallas, TX",2026,4,3760
75246,"Dallas, TX",2026,0,1130
75246,"Dallas, TX",2026,1,1180
75246,"Dallas, TX",2026,2,1380
75246,"Dallas, TX",2026,3,1740
75246,"Dallas, TX",2026,4,2210
75247,"Dallas, TX",2026,0,1290
75247,"Dallas, TX",2026,1,1340
75247,"Dallas, TX",2026,2,1570
75247,"Dallas, TX",2026,3,1980
75247,"Dallas, TX",2026,4,2510
75248,"Dallas, TX",2026,0,1860
75248,"Dallas, TX",2026,1,1940
75248,"Dallas, TX",2026,2,2270
75248,"Dallas, TX",2026,3,2860
75248,"Dallas, TX",2026,4,3630
75249,"Dallas, TX",2026,0,2010
75249,"Dallas, TX",2026,1,2090
75249,"Dallas, TX",2026,2,2450
75249,"Dallas, TX",2026,3,3080
75249,"Dallas, TX",2026,4,3920
75250,"Dallas, TX",2026,0,1510
75250,"Dallas, TX",2026,1,1570
75250,"Dallas, TX",2026,2,1840
75250,"Dallas, TX",2026,3,2320
75250,"Dallas, TX",2026,4,2950
75251,"Dallas, TX",2026,0,1800
75251,"Dallas, TX",2026,1,1880
75251,"Dallas, TX",2026,2,2200
75251,"Dallas, TX",2026,3,2770
75251,"Dallas, TX",2026,4,3520
75252,"Dallas, TX",2026,0,1410
75252,"Dallas, TX",2026,1,1470
75252,"Dallas, TX",2026,2,1720
75252,"Dallas, TX",2026,3,2170
75252,"Dallas, TX",2026,4,2750
75253,"Dallas, TX",2026,0,1420
75253,"Dallas, TX",2026,1,1480
75253,"Dallas, TX",2026,2,1730
75253,"Dallas, TX",2026,3,2180
75253,"Dallas, TX",2026,4,2770
75254,"Dallas, TX",2026,0,1770
75254,"Dallas, TX",2026,1,1840
75254,"Dallas, TX",2026,2,2160
75254,"Dallas, TX",2026,3,2720
75254,"Dallas, TX",2026,4,3460
75270,"Dallas, TX",2026,0,1510
75270,"Dallas, TX",2026,1,1570
75270,"Dallas, TX",2026,2,1840
75270,"Dallas, TX",2026,3,2320
75270,"Dallas, TX",2026,4,2950
75287,"Dallas, TX",2026,0,1760
75287,"Dallas, TX",2026,1,1830
75287,"Dallas, TX",2026,2,2150
75287,"Dallas, TX",2026,3,2710
75287,"Dallas, TX",2026,4,3440
75313,"Dallas, TX",2026,0,1510
75313,"Dallas, TX",2026,1,1570
75313,"Dallas, TX",2026,2,1840
75313,"Dallas, TX",2026,3,2320
75313,"Dallas, TX",2026,4,2950
75315,"Dallas, TX",2026,0,1510
75315,"Dallas, TX",2026,1,1570
75315,"Dallas, TX",2026,2,1840
75315,"Dallas, TX",2026,3,2320
75315,"Dallas, TX",2026,4,2950
75336,"Dallas, TX",2026,0,1510
75336,"Dallas, TX",2026,1,1570
75336,"Dallas, TX",2026,2,1840
75336,"Dallas, TX",2026,3,2320
75336,"Dallas, TX",2026,4,2950
75339,"Dallas, TX",2026,0,1510
75339,"Dallas, TX",2026,1,1570
75339,"Dallas, TX",2026,2,1840
75339,"Dallas, TX",2026,3,2320
75339,"Dallas, TX",2026,4,2950
75342,"Dallas, TX",2026,0,1510
75342,"Dallas, TX",2026,1,1570
75342,"Dallas, TX",2026,2,1840
75342,"Dallas, TX",2026,3,2320
75342,"Dallas, TX",2026,4,2950
75354,"Dallas, TX",2026,0,1510
75354,"Dallas, TX",2026,1,1570
75354,"Dallas, TX",2026,2,1840
75354,"Dallas, TX",2026,3,2320
75354,"Dallas, TX",2026,4,2950
75355,"Dallas, TX",2026,0,1510
75355,"Dallas, TX",2026,1,1570
75355,"Dallas, TX",2026,2,1840
75355,"Dallas, TX",2026,3,2320
75355,"Dallas, TX",2026,4,2950
75356,"Dallas, TX",2026,0,1510
75356,"Dallas, TX",2026,1,1570
75356,"Dallas, TX",2026,2,1840
75356,"Dallas, TX",2026,3,2320
75356,"Dallas, TX",2026,4,2950
75357,"Dallas, TX",2026,0,1510
75357,"Dallas, TX",2026,1,1570
75357,"Dallas, TX",2026,2,1840
75357,"Dallas, TX",2026,3,2320
75357,"Dallas, TX",2026,4,2950
75360,"Dallas, TX",2026,0,1510
75360,"Dallas, TX",2026,1,1570
75360,"Dallas, TX",2026,2,1840
75360,"Dallas, TX",2026,3,2320
75360,"Dallas, TX",2026,4,2950
75367,"Dallas, TX",2026,0,1510
75367,"Dallas, TX",2026,1,1570
75367,"Dallas, TX",2026,2,1840
75367,"Dallas, TX",2026,3,2320
75367,"Dallas, TX",2026,4,2950
75370,"Dallas, TX",2026,0,1840
75370,"Dallas, TX",2026,1,1910
75370,"Dallas, TX",2026,2,2240
75370,"Dallas, TX",2026,3,2820
75370,"Dallas, TX",2026,4,3590
75371,"Dallas, TX",2026,0,1510
75371,"Dallas, TX",2026,1,1570
75371,"Dallas, TX",2026,2,1840
75371,"Dallas, TX",2026,3,2320
75371,"Dallas, TX",2026,4,2950
75372,"Dallas, TX",2026,0,1510
75372,"Dallas, TX",2026,1,1570
75372,"Dallas, TX",2026,2,1840
75372,"Dallas, TX",2026,3,2320
75372,"Dallas, TX",2026,4,2950
75374,"Dallas, TX",2026,0,1510
75374,"Dallas, TX",2026,1,1570
75374,"Dallas, TX",2026,2,1840
75374,"Dallas, TX",2026,3,2320
75374,"Dallas, TX",2026,4,2950
75376,"Dallas, TX",2026,0,1510
75376,"Dallas, TX",2026,1,1570
75376,"Dallas, TX",2026,2,1840
75376,"Dallas, TX",2026,3,2320
75376,"Dallas, TX",2026,4,2950
75378,"Dallas, TX",2026,0,1510
75378,"Dallas, TX",2026,1,1570
75378,"Dallas, TX",2026,2,1840
75378,"Dallas, TX",2026,3,2320
75378,"Dallas, TX",2026,4,2950
75379,"Dallas, TX",2026,0,1840
75379,"Dallas, TX",2026,1,1910
75379,"Dallas, TX",2026,2,2240
75379,"Dallas, TX",2026,3,2820
75379,"Dallas, TX",2026,4,3590
75380,"Dallas, TX",2026,0,1510
75380,"Dallas, TX",2026,1,1570
75380,"Dallas, TX",2026,2,1840
75380,"Dallas, TX",2026,3,2320
75380,"Dallas, TX",2026,4,2950
75381,"Dallas, TX",2026,0,1510
75381,"Dallas, TX",2026,1,1570
75381,"Dallas, TX",2026,2,1840
75381,"Dallas, TX",2026,3,2320
75381,"Dallas, TX",2026,4,2950
75382,"Dallas, TX",2026,0,1510
75382,"Dallas, TX",2026,1,1570
75382,"Dallas, TX",2026,2,1840
75382,"Dallas, TX",2026,3,2320
75382,"Dallas, TX",2026,4,2950
75390,"Dallas, TX",2026,0,1510
75390,"Dallas, TX",2026,1,1570
75390,"Dallas, TX",2026,2,1840
75390,"Dallas, TX",2026,3,2320
75390,"Dallas, TX",2026,4,2950
75398,"Dallas, TX",2026,0,1510
75398,"Dallas, TX",2026,1,1570
75398,"Dallas, TX",2026,2,1840
75398,"Dallas, TX",2026,3,2320
75398,"Dallas, TX",2026,4,2950
75401,"Dallas, TX",2026,0,1210
75401,"Dallas, TX",2026,1,1260
75401,"Dallas, TX",2026,2,1480
75401,"Dallas, TX",2026,3,1860
75401,"Dallas, TX",2026,4,2370
75402,"Dallas, TX",2026,0,1440
75402,"Dallas, TX",2026,1,1500
75402,"Dallas, TX",2026,2,1760
75402,"Dallas, TX",2026,3,2220
75402,"Dallas, TX",2026,4,2820
75403,"Dallas, TX",2026,0,1240
75403,"Dallas, TX",2026,1,1290
75403,"Dallas, TX",2026,2,1510
75403,"Dallas, TX",2026,3,1900
75403,"Dallas, TX",2026,4,2420
75404,"Dallas, TX",2026,0,1240
75404,"Dallas, TX",2026,1,1290
75404,"Dallas, TX",2026,2,1510
75404,"Dallas, TX",2026,3,1900
75404,"Dallas, TX",2026,4,2420
75407,"Dallas, TX",2026,0,1870
75407,"Dallas, TX",2026,1,1950
75407,"Dallas, TX",2026,2,2280
75407,"Dallas, TX",2026,3,2870
75407,"Dallas, TX",2026,4,3650
75409,"Dallas, TX",2026,0,2040
75409,"Dallas, TX",2026,1,2130
75409,"Dallas, TX",2026,2,2490
75409,"Dallas, TX",2026,3,3140
75409,"Dallas, TX",2026,4,3990
75422,"Dallas, TX",2026,0,1190
75422,"Dallas, TX",2026,1,1240
75422,"Dallas, TX",2026,2,1450
75422,"Dallas, TX",2026,3,1830
75422,"Dallas, TX",2026,4,2320
75423,"Dallas, TX",2026,0,1120
75423,"Dallas, TX",2026,1,1170
75423,"Dallas, TX",2026,2,1370
75423,"Dallas, TX",2026,3,1720
75423,"Dallas, TX",2026,4,2190
75424,"Dallas, TX",2026,0,1400
75424,"Dallas, TX",2026,1,1460
75424,"Dallas, TX",2026,2,1720
75424,"Dallas, TX",2026,3,2170
75424,"Dallas, TX",2026,4,2760
75428,"Dallas, TX",2026,0,1010
75428,"Dallas, TX",2026,1,1050
75428,"Dallas, TX",2026,2,1240
75428,"Dallas, TX",2026,3,1560
75428,"Dallas, TX",2026,4,1980
75429,"Dallas, TX",2026,0,1240
75429,"Dallas, TX",2026,1,1290
75429,"Dallas, TX",2026,2,1510
75429,"Dallas, TX",2026,3,1900
75429,"Dallas, TX",2026,4,2420
75433,"Dallas, TX",2026,0,910
75433,"Dallas, TX",2026,1,970
75433,"Dallas, TX",2026,2,1130
75433,"Dallas, TX",2026,3,1420
75433,"Dallas, TX",2026,4,1810
75442,"Dallas, TX",2026,0,1490
75442,"Dallas, TX",2026,1,1550
75442,"Dallas, TX",2026,2,1820
75442,"Dallas, TX",2026,3,2290
75442,"Dallas, TX",2026,4,2910
75448,"Dallas, TX",2026,0,920
75448,"Dallas, TX",2026,1,970
75448,"Dallas, TX",2026,2,1140
75448,"Dallas, TX",2026,3,1490
75448,"Dallas, TX",2026,4,1810
75449,"Dallas, TX",2026,0,860
75449,"Dallas, TX",2026,1,900
75449,"Dallas, TX",2026,2,1120
75449,"Dallas, TX",2026,3,1510
75449,"Dallas, TX",2026,4,1850
75452,"Dallas, TX",2026,0,870
75452,"Dallas, TX",2026,1,910
75452,"Dallas, TX",2026,2,1080
75452,"Dallas, TX",2026,3,1490
75452,"Dallas, TX",2026,4,1800
75453,"Dallas, TX",2026,0,1170
75453,"Dallas, TX",2026,1,1230
75453,"Dallas, TX",2026,2,1430
75453,"Dallas, TX",2026,3,1830
75453,"Dallas, TX",2026,4,2290
75454,"Dallas, TX",2026,0,2370
75454,"Dallas, TX",2026,1,2470
75454,"Dallas, TX",2026,2,2890
75454,"Dallas, TX",2026,3,3640
75454,"Dallas, TX",2026,4,4630
75458,"Dallas, TX",2026,0,1240
75458,"Dallas, TX",2026,1,1290
75458,"Dallas, TX",2026,2,1510
75458,"Dallas, TX",2026,3,1900
75458,"Dallas, TX",2026,4,2420
75469,"Dallas, TX",2026,0,910
75469,"Dallas, TX",2026,1,970
75469,"Dallas, TX",2026,2,1130
75469,"Dallas, TX",2026,3,1420
75469,"Dallas, TX",2026,4,1810
75474,"Dallas, TX",2026,0,1150
75474,"Dallas, TX",2026,1,1190
75474,"Dallas, TX",2026,2,1400
75474,"Dallas, TX",2026,3,1760
75474,"Dallas, TX",2026,4,2240
75485,"Dallas, TX",2026,0,1840
75485,"Dallas, TX",2026,1,1910
75485,"Dallas, TX",2026,2,2240
75485,"Dallas, TX",2026,3,2820
75485,"Dallas, TX",2026,4,3590
75491,"Dallas, TX",2026,0,860
75491,"Dallas, TX",2026,1,870
75491,"Dallas, TX",2026,2,1090
75491,"Dallas, TX",2026,3,1520
75491,"Dallas, TX",2026,4,1760
75495,"Dallas, TX",2026,0,1270
75495,"Dallas, TX",2026,1,1270
75495,"Dallas, TX",2026,2,1570
75495,"Dallas, TX",2026,3,2170
75495,"Dallas, TX",2026,4,2510
75496,"Dallas, TX",2026,0,1010
75496,"Dallas, TX",2026,1,1060
75496,"Dallas, TX",2026,2,1260
75496,"Dallas, TX",2026,3,1610
75496,"Dallas, TX",2026,4,2030
76041,"Dallas, TX",2026,0,1510
76041,"Dallas, TX",2026,1,1570
76041,"Dallas, TX",2026,2,1840
76041,"Dallas, TX",2026,3,2310
76041,"Dallas, TX",2026,4,2940
76055,"Dallas, TX",2026,0,1070
76055,"Dallas, TX",2026,1,1120
76055,"Dallas, TX",2026,2,1310
76055,"Dallas, TX",2026,3,1650
76055,"Dallas, TX",2026,4,2120
76064,"Dallas, TX",2026,0,1560
76064,"Dallas, TX",2026,1,1620
76064,"Dallas, TX",2026,2,1900
76064,"Dallas, TX",2026,3,2390
76064,"Dallas, TX",2026,4,3040
76078,"Dallas, TX",2026,0,1230
76078,"Dallas, TX",2026,1,1250
76078,"Dallas, TX",2026,2,1610
76078,"Dallas, TX",2026,3,2210
76078,"Dallas, TX",2026,4,2680
76201,"Dallas, TX",2026,0,1340
76201,"Dallas, TX",2026,1,1400
76201,"Dallas, TX",2026,2,1640
76201,"Dallas, TX",2026,3,2060
76201,"Dallas, TX",2026,4,2630
76202,"Dallas, TX",2026,0,1660
76202,"Dallas, TX",2026,1,1720
76202,"Dallas, TX",2026,2,2020
76202,"Dallas, TX",2026,3,2540
76202,"Dallas, TX",2026,4,3230
76203,"Dallas, TX",2026,0,1340
76203,"Dallas, TX",2026,1,1400
76203,"Dallas, TX",2026,2,1640
76203,"Dallas, TX",2026,3,2060
76203,"Dallas, TX",2026,4,2630
76204,"Dallas, TX",2026,0,1660
76204,"Dallas, TX",2026,1,1720
76204,"Dallas, TX",2026,2,2020
76204,"Dallas, TX",2026,3,2540
76204,"Dallas, TX",2026,4,3230
76205,"Dallas, TX",2026,0,1400
76205,"Dallas, TX",2026,1,1460
76205,"Dallas, TX",2026,2,1710
76205,"Dallas, TX",2026,3,2150
76205,"Dallas, TX",2026,4,2740
76206,"Dallas, TX",2026,0,1660
76206,"Dallas, TX",2026,1,1720
76206,"Dallas, TX",2026,2,2020
76206,"Dallas, TX",2026,3,2540
76206,"Dallas, TX",2026,4,3230
76207,"Dallas, TX",2026,0,1660
76207,"Dallas, TX",2026,1,1720
76207,"Dallas, TX",2026,2,2020
76207,"Dallas, TX",2026,3,2540
76207,"Dallas, TX",2026,4,3230
76208,"Dallas, TX",2026,0,1620
76208,"Dallas, TX",2026,1,1690
76208,"Dallas, TX",2026,2,1980
76208,"Dallas, TX",2026,3,2490
76208,"Dallas, TX",2026,4,3170
76209,"Dallas, TX",2026,0,1430
76209,"Dallas, TX",2026,1,1480
76209,"Dallas, TX",2026,2,1740
76209,"Dallas, TX",2026,3,2190
76209,"Dallas, TX",2026,4,2790
76210,"Dallas, TX",2026,0,1810
76210,"Dallas, TX",2026,1,1890
76210,"Dallas, TX",2026,2,2210
76210,"Dallas, TX",2026,3,2780
76210,"Dallas, TX",2026,4,3540
76226,"Dallas, TX",2026,0,2380
76226,"Dallas, TX",2026,1,2470
76226,"Dallas, TX",2026,2,2900
76226,"Dallas, TX",2026,3,3650
76226,"Dallas, TX",2026,4,4640
76227,"Dallas, TX",2026,0,2020
76227,"Dallas, TX",2026,1,2110
76227,"Dallas, TX",2026,2,2470
76227,"Dallas, TX",2026,3,3110
76227,"Dallas, TX",2026,4,3950
76234,"Dallas, TX",2026,0,940
76234,"Dallas, TX",2026,1,940
76234,"Dallas, TX",2026,2,1240
76234,"Dallas, TX",2026,3,1710
76234,"Dallas, TX",2026,4,2070
76247,"Dallas, TX",2026,0,2150
76247,"Dallas, TX",2026,1,2230
76247,"Dallas, TX",2026,2,2620
76247,"Dallas, TX",2026,3,3300
76247,"Dallas, TX",2026,4,4200
76249,"Dallas, TX",2026,0,1640
76249,"Dallas, TX",2026,1,1710
76249,"Dallas, TX",2026,2,2000
76249,"Dallas, TX",2026,3,2520
76249,"Dallas, TX",2026,4,3200
76258,"Dallas, TX",2026,0,1250
76258,"Dallas, TX",2026,1,1300
76258,"Dallas, TX",2026,2,1530
76258,"Dallas, TX",2026,3,1940
76258,"Dallas, TX",2026,4,2450
76259,"Dallas, TX",2026,0,1370
76259,"Dallas, TX",2026,1,1430
76259,"Dallas, TX",2026,2,1670
76259,"Dallas, TX",2026,3,2100
76259,"Dallas, TX",2026,4,2670
76266,"Dallas, TX",2026,0,1500
76266,"Dallas, TX",2026,1,1560
76266,"Dallas, TX",2026,2,1830
76266,"Dallas, TX",2026,3,2300
76266,"Dallas, TX",2026,4,2930
76272,"Dallas, TX",2026,0,980
76272,"Dallas, TX",2026,1,1030
76272,"Dallas, TX",2026,2,1210
76272,"Dallas, TX",2026,3,1530
76272,"Dallas, TX",2026,4,1980
76623,"Dallas, TX",2026,0,1270
76623,"Dallas, TX",2026,1,1320
76623,"Dallas, TX",2026,2,1550
76623,"Dallas, TX",2026,3,1950
76623,"Dallas, TX",2026,4,2480
76626,"Dallas, TX",2026,0,950
76626,"Dallas, TX",2026,1,990
76626,"Dallas, TX",2026,2,1170
76626,"Dallas, TX",2026,3,1600
76626,"Dallas, TX",2026,4,1890
76641,"Dallas, TX",2026,0,1070
76641,"Dallas, TX",2026,1,1120
76641,"Dallas, TX",2026,2,1310
76641,"Dallas, TX",2026,3,1650
76641,"Dallas, TX",2026,4,2120
76651,"Dallas, TX",2026,0,1200
76651,"Dallas, TX",2026,1,1250
76651,"Dallas, TX",2026,2,1460
76651,"Dallas, TX",2026,3,1840
76651,"Dallas, TX",2026,4,2340
76670,"Dallas, TX",2026,0,900
76670,"Dallas, TX",2026,1,960
76670,"Dallas, TX",2026,2,1150
76670,"Dallas, TX",2026,3,1480
76670,"Dallas, TX",2026,4,1860
75022,"Fort Worth, TX",2026,0,2200
75022,"Fort Worth, TX",2026,1,2290
75022,"Fort Worth, TX",2026,2,2680
75022,"Fort Worth, TX",2026,3,3390
75022,"Fort Worth, TX",2026,4,4300
75028,"Fort Worth, TX",2026,0,2290
75028,"Fort Worth, TX",2026,1,2390
75028,"Fort Worth, TX",2026,2,2800
75028,"Fort Worth, TX",2026,3,3520
75028,"Fort Worth, TX",2026,4,4480
75050,"Fort Worth, TX",2026,0,1510
75050,"Fort Worth, TX",2026,1,1570
75050,"Fort Worth, TX",2026,2,1840
75050,"Fort Worth, TX",2026,3,2340
75050,"Fort Worth, TX",2026,4,2960
75051,"Fort Worth, TX",2026,0,1250
75051,"Fort Worth, TX",2026,1,1300
75051,"Fort Worth, TX",2026,2,1530
75051,"Fort Worth, TX",2026,3,1930
75051,"Fort Worth, TX",2026,4,2450
75052,"Fort Worth, TX",2026,0,1730
75052,"Fort Worth, TX",2026,1,1800
75052,"Fort Worth, TX",2026,2,2100
75052,"Fort Worth, TX",2026,3,2700
75052,"Fort Worth, TX",2026,4,3400
75053,"Fort Worth, TX",2026,0,1480
75053,"Fort Worth, TX",2026,1,1540
75053,"Fort Worth, TX",2026,2,1800
75053,"Fort Worth, TX",2026,3,2310
75053,"Fort Worth, TX",2026,4,2910
75054,"Fort Worth, TX",2026,0,2070
75054,"Fort Worth, TX",2026,1,2140
75054,"Fort Worth, TX",2026,2,2500
75054,"Fort Worth, TX",2026,3,3300
75054,"Fort Worth, TX",2026,4,4090
75261,"Fort Worth, TX",2026,0,1500
75261,"Fort Worth, TX",2026,1,1560
75261,"Fort Worth, TX",2026,2,1830
75261,"Fort Worth, TX",2026,3,2310
75261,"Fort Worth, TX",2026,4,2940
76001,"Fort Worth, TX",2026,0,1860
76001,"Fort Worth, TX",2026,1,1920
76001,"Fort Worth, TX",2026,2,2250
76001,"Fort Worth, TX",2026,3,2970
76001,"Fort Worth, TX",2026,4,3680
76002,"Fort Worth, TX",2026,0,2140
76002,"Fort Worth, TX",2026,1,2210
76002,"Fort Worth, TX",2026,2,2580
76002,"Fort Worth, TX",2026,3,3400
76002,"Fort Worth, TX",2026,4,4220
76003,"Fort Worth, TX",2026,0,1430
76003,"Fort Worth, TX",2026,1,1480
76003,"Fort Worth, TX",2026,2,1730
76003,"Fort Worth, TX",2026,3,2280
76003,"Fort Worth, TX",2026,4,2830
76004,"Fort Worth, TX",2026,0,1430
76004,"Fort Worth, TX",2026,1,1480
76004,"Fort Worth, TX",2026,2,1730
76004,"Fort Worth, TX",2026,3,2280
76004,"Fort Worth, TX",2026,4,2830
76005,"Fort Worth, TX",2026,0,2140
76005,"Fort Worth, TX",2026,1,2210
76005,"Fort Worth, TX",2026,2,2580
76005,"Fort Worth, TX",2026,3,3400
76005,"Fort Worth, TX",2026,4,4220
76006,"Fort Worth, TX",2026,0,1570
76006,"Fort Worth, TX",2026,1,1620
76006,"Fort Worth, TX",2026,2,1900
76006,"Fort Worth, TX",2026,3,2510
76006,"Fort Worth, TX",2026,4,3100
76007,"Fort Worth, TX",2026,0,1430
76007,"Fort Worth, TX",2026,1,1480
76007,"Fort Worth, TX",2026,2,1730
76007,"Fort Worth, TX",2026,3,2280
76007,"Fort Worth, TX",2026,4,2830
76008,"Fort Worth, TX",2026,0,2140
76008,"Fort Worth, TX",2026,1,2210
76008,"Fort Worth, TX",2026,2,2580
76008,"Fort Worth, TX",2026,3,3400
76008,"Fort Worth, TX",2026,4,4220
76009,"Fort Worth, TX",2026,0,1230
76009,"Fort Worth, TX",2026,1,1270
76009,"Fort Worth, TX",2026,2,1480
76009,"Fort Worth, TX",2026,3,1950
76009,"Fort Worth, TX",2026,4,2420
76010,"Fort Worth, TX",2026,0,1300
76010,"Fort Worth, TX",2026,1,1340
76010,"Fort Worth, TX",2026,2,1570
76010,"Fort Worth, TX",2026,3,2070
76010,"Fort Worth, TX",2026,4,2560
76011,"Fort Worth, TX",2026,0,1420
76011,"Fort Worth, TX",2026,1,1460
76011,"Fort Worth, TX",2026,2,1710
76011,"Fort Worth, TX",2026,3,2260
76011,"Fort Worth, TX",2026,4,2790
76012,"Fort Worth, TX",2026,0,1320
76012,"Fort Worth, TX",2026,1,1360
76012,"Fort Worth, TX",2026,2,1590
76012,"Fort Worth, TX",2026,3,2100
76012,"Fort Worth, TX",2026,4,2600
76013,"Fort Worth, TX",2026,0,1290
76013,"Fort Worth, TX",2026,1,1330
76013,"Fort Worth, TX",2026,2,1560
76013,"Fort Worth, TX",2026,3,2060
76013,"Fort Worth, TX",2026,4,2550
76014,"Fort Worth, TX",2026,0,1480
76014,"Fort Worth, TX",2026,1,1530
76014,"Fort Worth, TX",2026,2,1790
76014,"Fort Worth, TX",2026,3,2360
76014,"Fort Worth, TX",2026,4,2920
76015,"Fort Worth, TX",2026,0,1550
76015,"Fort Worth, TX",2026,1,1600
76015,"Fort Worth, TX",2026,2,1870
76015,"Fort Worth, TX",2026,3,2470
76015,"Fort Worth, TX",2026,4,3060
76016,"Fort Worth, TX",2026,0,1830
76016,"Fort Worth, TX",2026,1,1890
76016,"Fort Worth, TX",2026,2,2210
76016,"Fort Worth, TX",2026,3,2920
76016,"Fort Worth, TX",2026,4,3610
76017,"Fort Worth, TX",2026,0,1490
76017,"Fort Worth, TX",2026,1,1540
76017,"Fort Worth, TX",2026,2,1800
76017,"Fort Worth, TX",2026,3,2380
76017,"Fort Worth, TX",2026,4,2940
76018,"Fort Worth, TX",2026,0,1860
76018,"Fort Worth, TX",2026,1,1920
76018,"Fort Worth, TX",2026,2,2250
76018,"Fort Worth, TX",2026,3,2970
76018,"Fort Worth, TX",2026,4,3680
76019,"Fort Worth, TX",2026,0,1430
76019,"Fort Worth, TX",2026,1,1480
76019,"Fort Worth, TX",2026,2,1730
76019,"Fort Worth, TX",2026,3,2280
76019,"Fort Worth, TX",2026,4,2830
76020,"Fort Worth, TX",2026,0,1270
76020,"Fort Worth, TX",2026,1,1310
76020,"Fort Worth, TX",2026,2,1540
76020,"Fort Worth, TX",2026,3,2040
76020,"Fort Worth, TX",2026,4,2520
76021,"Fort Worth, TX",2026,0,1510
76021,"Fort Worth, TX",2026,1,1560
76021,"Fort Worth, TX",2026,2,1820
76021,"Fort Worth, TX",2026,3,2400
76021,"Fort Worth, TX",2026,4,2970
76022,"Fort Worth, TX",2026,0,1430
76022,"Fort Worth, TX",2026,1,1480
76022,"Fort Worth, TX",2026,2,1730
76022,"Fort Worth, TX",2026,3,2280
76022,"Fort Worth, TX",2026,4,2830
76023,"Fort Worth, TX",2026,0,910
76023,"Fort Worth, TX",2026,1,950
76023,"Fort Worth, TX",2026,2,1190
76023,"Fort Worth, TX",2026,3,1650
76023,"Fort Worth, TX",2026,4,2000
76028,"Fort Worth, TX",2026,0,1460
76028,"Fort Worth, TX",2026,1,1510
76028,"Fort Worth, TX",2026,2,1760
76028,"Fort Worth, TX",2026,3,2320
76028,"Fort Worth, TX",2026,4,2880
76031,"Fort Worth, TX",2026,0,1190
76031,"Fort Worth, TX",2026,1,1230
76031,"Fort Worth, TX",2026,2,1440
76031,"Fort Worth, TX",2026,3,1900
76031,"Fort Worth, TX",2026,4,2350
76033,"Fort Worth, TX",2026,0,1280
76033,"Fort Worth, TX",2026,1,1320
76033,"Fort Worth, TX",2026,2,1550
76033,"Fort Worth, TX",2026,3,2040
76033,"Fort Worth, TX",2026,4,2530
76034,"Fort Worth, TX",2026,0,2140
76034,"Fort Worth, TX",2026,1,2210
76034,"Fort Worth, TX",2026,2,2580
76034,"Fort Worth, TX",2026,3,3400
76034,"Fort Worth, TX",2026,4,4220
76035,"Fort Worth, TX",2026,0,1330
76035,"Fort Worth, TX",2026,1,1430
76035,"Fort Worth, TX",2026,2,1650
76035,"Fort Worth, TX",2026,3,2100
76035,"Fort Worth, TX",2026,4,2650
76036,"Fort Worth, TX",2026,0,1660
76036,"Fort Worth, TX",2026,1,1720
76036,"Fort Worth, TX",2026,2,2010
76036,"Fort Worth, TX",2026,3,2650
76036,"Fort Worth, TX",2026,4,3280
76039,"Fort Worth, TX",2026,0,1850
76039,"Fort Worth, TX",2026,1,1910
76039,"Fort Worth, TX",2026,2,2230
76039,"Fort Worth, TX",2026,3,2940
76039,"Fort Worth, TX",2026,4,3640
76040,"Fort Worth, TX",2026,0,1280
76040,"Fort Worth, TX",2026,1,1330
76040,"Fort Worth, TX",2026,2,1550
76040,"Fort Worth, TX",2026,3,2050
76040,"Fort Worth, TX",2026,4,2530
76044,"Fort Worth, TX",2026,0,1370
76044,"Fort Worth, TX",2026,1,1420
76044,"Fort Worth, TX",2026,2,1660
76044,"Fort Worth, TX",2026,3,2190
76044,"Fort Worth, TX",2026,4,2710
76049,"Fort Worth, TX",2026,0,1250
76049,"Fort Worth, TX",2026,1,1400
76049,"Fort Worth, TX",2026,2,1600
76049,"Fort Worth, TX",2026,3,1930
76049,"Fort Worth, TX",2026,4,2500
76050,"Fort Worth, TX",2026,0,1220
76050,"Fort Worth, TX",2026,1,1260
76050,"Fort Worth, TX",2026,2,1480
76050,"Fort Worth, TX",2026,3,1950
76050,"Fort Worth, TX",2026,4,2410
76051,"Fort Worth, TX",2026,0,1930
76051,"Fort Worth, TX",2026,1,1990
76051,"Fort Worth, TX",2026,2,2330
76051,"Fort Worth, TX",2026,3,3070
76051,"Fort Worth, TX",2026,4,3810
76052,"Fort Worth, TX",2026,0,2030
76052,"Fort Worth, TX",2026,1,2100
76052,"Fort Worth, TX",2026,2,2460
76052,"Fort Worth, TX",2026,3,3230
76052,"Fort Worth, TX",2026,4,4010
76053,"Fort Worth, TX",2026,0,1330
76053,"Fort Worth, TX",2026,1,1380
76053,"Fort Worth, TX",2026,2,1610
76053,"Fort Worth, TX",2026,3,2120
76053,"Fort Worth, TX",2026,4,2630
76054,"Fort Worth, TX",2026,0,1520
76054,"Fort Worth, TX",2026,1,1560
76054,"Fort Worth, TX",2026,2,1830
76054,"Fort Worth, TX",2026,3,2410
76054,"Fort Worth, TX",2026,4,2990
76058,"Fort Worth, TX",2026,0,1370
76058,"Fort Worth, TX",2026,1,1420
76058,"Fort Worth, TX",2026,2,1660
76058,"Fort Worth, TX",2026,3,2190
76058,"Fort Worth, TX",2026,4,2710
76059,"Fort Worth, TX",2026,0,990
76059,"Fort Worth, TX",2026,1,1020
76059,"Fort Worth, TX",2026,2,1190
76059,"Fort Worth, TX",2026,3,1570
76059,"Fort Worth, TX",2026,4,1940
76060,"Fort Worth, TX",2026,0,1270
76060,"Fort Worth, TX",2026,1,1320
76060,"Fort Worth, TX",2026,2,1540
76060,"Fort Worth, TX",2026,3,2030
76060,"Fort Worth, TX",2026,4,2520
76061,"Fort Worth, TX",2026,0,1340
76061,"Fort Worth, TX",2026,1,1390
76061,"Fort Worth, TX",2026,2,1620
76061,"Fort Worth, TX",2026,3,2140
76061,"Fort Worth, TX",2026,4,2650
76063,"Fort Worth, TX",2026,0,1740
76063,"Fort Worth, TX",2026,1,1800
76063,"Fort Worth, TX",2026,2,2100
76063,"Fort Worth, TX",2026,3,2770
76063,"Fort Worth, TX",2026,4,3430
76065,"Fort Worth, TX",2026,0,1770
76065,"Fort Worth, TX",2026,1,1840
76065,"Fort Worth, TX",2026,2,2160
76065,"Fort Worth, TX",2026,3,2720
76065,"Fort Worth, TX",2026,4,3460
76066,"Fort Worth, TX",2026,0,920
76066,"Fort Worth, TX",2026,1,950
76066,"Fort Worth, TX",2026,2,1110
76066,"Fort Worth, TX",2026,3,1460
76066,"Fort Worth, TX",2026,4,1810
76067,"Fort Worth, TX",2026,0,830
76067,"Fort Worth, TX",2026,1,840
76067,"Fort Worth, TX",2026,2,1080
76067,"Fort Worth, TX",2026,3,1420
76067,"Fort Worth, TX",2026,4,1820
76070,"Fort Worth, TX",2026,0,1010
76070,"Fort Worth, TX",2026,1,1060
76070,"Fort Worth, TX",2026,2,1250
76070,"Fort Worth, TX",2026,3,1650
76070,"Fort Worth, TX",2026,4,1980
76071,"Fort Worth, TX",2026,0,930
76071,"Fort Worth, TX",2026,1,940
76071,"Fort Worth, TX",2026,2,1210
76071,"Fort Worth, TX",2026,3,1680
76071,"Fort Worth, TX",2026,4,2030
76082,"Fort Worth, TX",2026,0,1230
76082,"Fort Worth, TX",2026,1,1260
76082,"Fort Worth, TX",2026,2,1490
76082,"Fort Worth, TX",2026,3,1980
76082,"Fort Worth, TX",2026,4,2440
76084,"Fort Worth, TX",2026,0,1630
76084,"Fort Worth, TX",2026,1,1680
76084,"Fort Worth, TX",2026,2,1970
76084,"Fort Worth, TX",2026,3,2570
76084,"Fort Worth, TX",2026,4,3200
76085,"Fort Worth, TX",2026,0,1560
76085,"Fort Worth, TX",2026,1,1620
76085,"Fort Worth, TX",2026,2,1890
76085,"Fort Worth, TX",2026,3,2490
76085,"Fort Worth, TX",2026,4,3090
76086,"Fort Worth, TX",2026,0,1370
76086,"Fort Worth, TX",2026,1,1420
76086,"Fort Worth, TX",2026,2,1660
76086,"Fort Worth, TX",2026,3,2190
76086,"Fort Worth, TX",2026,4,2710
76087,"Fort Worth, TX",2026,0,1610
76087,"Fort Worth, TX",2026,1,1670
76087,"Fort Worth, TX",2026,2,1950
76087,"Fort Worth, TX",2026,3,2570
76087,"Fort Worth, TX",2026,4,3180
76088,"Fort Worth, TX",2026,0,1360
76088,"Fort Worth, TX",2026,1,1400
76088,"Fort Worth, TX",2026,2,1640
76088,"Fort Worth, TX",2026,3,2160
76088,"Fort Worth, TX",2026,4,2680
76092,"Fort Worth, TX",2026,0,1890
76092,"Fort Worth, TX",2026,1,1950
76092,"Fort Worth, TX",2026,2,2290
76092,"Fort Worth, TX",2026,3,2980
76092,"Fort Worth, TX",2026,4,3720
76093,"Fort Worth, TX",2026,0,1200
76093,"Fort Worth, TX",2026,1,1240
76093,"Fort Worth, TX",2026,2,1460
76093,"Fort Worth, TX",2026,3,1920
76093,"Fort Worth, TX",2026,4,2380
76094,"Fort Worth, TX",2026,0,1430
76094,"Fort Worth, TX",2026,1,1480
76094,"Fort Worth, TX",2026,2,1730
76094,"Fort Worth, TX",2026,3,2280
76094,"Fort Worth, TX",2026,4,2830
76095,"Fort Worth, TX",2026,0,1430
76095,"Fort Worth, TX",2026,1,1480
76095,"Fort Worth, TX",2026,2,1730
76095,"Fort Worth, TX",2026,3,2280
76095,"Fort Worth, TX",2026,4,2830
76096,"Fort Worth, TX",2026,0,1430
76096,"Fort Worth, TX",2026,1,1480
76096,"Fort Worth, TX",2026,2,1730
76096,"Fort Worth, TX",2026,3,2280
76096,"Fort Worth, TX",2026,4,2830
76097,"Fort Worth, TX",2026,0,1340
76097,"Fort Worth, TX",2026,1,1390
76097,"Fort Worth, TX",2026,2,1620
76097,"Fort Worth, TX",2026,3,2140
76097,"Fort Worth, TX",2026,4,2650
76098,"Fort Worth, TX",2026,0,1390
76098,"Fort Worth, TX",2026,1,1440
76098,"Fort Worth, TX",2026,2,1680
76098,"Fort Worth, TX",2026,3,2220
76098,"Fort Worth, TX",2026,4,2740
76099,"Fort Worth, TX",2026,0,1430
76099,"Fort Worth, TX",2026,1,1480
76099,"Fort Worth, TX",2026,2,1730
76099,"Fort Worth, TX",2026,3,2280
76099,"Fort Worth, TX",2026,4,2830
76101,"Fort Worth, TX",2026,0,1430
76101,"Fort Worth, TX",2026,1,1480
76101,"Fort Worth, TX",2026,2,1730
76101,"Fort Worth, TX",2026,3,2280
76101,"Fort Worth, TX",2026,4,2830
76102,"Fort Worth, TX",2026,0,1680
76102,"Fort Worth, TX",2026,1,1740
76102,"Fort Worth, TX",2026,2,2030
76102,"Fort Worth, TX",2026,3,2680
76102,"Fort Worth, TX",2026,4,3320
76103,"Fort Worth, TX",2026,0,1130
76103,"Fort Worth, TX",2026,1,1170
76103,"Fort Worth, TX",2026,2,1370
76103,"Fort Worth, TX",2026,3,1810
76103,"Fort Worth, TX",2026,4,2240
76104,"Fort Worth, TX",2026,0,1370
76104,"Fort Worth, TX",2026,1,1410
76104,"Fort Worth, TX",2026,2,1650
76104,"Fort Worth, TX",2026,3,2180
76104,"Fort Worth, TX",2026,4,2700
76105,"Fort Worth, TX",2026,0,1170
76105,"Fort Worth, TX",2026,1,1210
76105,"Fort Worth, TX",2026,2,1410
76105,"Fort Worth, TX",2026,3,1860
76105,"Fort Worth, TX",2026,4,2300
76106,"Fort Worth, TX",2026,0,1200
76106,"Fort Worth, TX",2026,1,1240
76106,"Fort Worth, TX",2026,2,1450
76106,"Fort Worth, TX",2026,3,1910
76106,"Fort Worth, TX",2026,4,2370
76107,"Fort Worth, TX",2026,0,1510
76107,"Fort Worth, TX",2026,1,1560
76107,"Fort Worth, TX",2026,2,1820
76107,"Fort Worth, TX",2026,3,2400
76107,"Fort Worth, TX",2026,4,2970
76108,"Fort Worth, TX",2026,0,1420
76108,"Fort Worth, TX",2026,1,1470
76108,"Fort Worth, TX",2026,2,1720
76108,"Fort Worth, TX",2026,3,2270
76108,"Fort Worth, TX",2026,4,2810
76109,"Fort Worth, TX",2026,0,1670
76109,"Fort Worth, TX",2026,1,1730
76109,"Fort Worth, TX",2026,2,2020
76109,"Fort Worth, TX",2026,3,2670
76109,"Fort Worth, TX",2026,4,3300
76110,"Fort Worth, TX",2026,0,1270
76110,"Fort Worth, TX",2026,1,1310
76110,"Fort Worth, TX",2026,2,1530
76110,"Fort Worth, TX",2026,3,2020
76110,"Fort Worth, TX",2026,4,2500
76111,"Fort Worth, TX",2026,0,1260
76111,"Fort Worth, TX",2026,1,1300
76111,"Fort Worth, TX",2026,2,1520
76111,"Fort Worth, TX",2026,3,2010
76111,"Fort Worth, TX",2026,4,2480
76112,"Fort Worth, TX",2026,0,1340
76112,"Fort Worth, TX",2026,1,1390
76112,"Fort Worth, TX",2026,2,1620
76112,"Fort Worth, TX",2026,3,2140
76112,"Fort Worth, TX",2026,4,2650
76113,"Fort Worth, TX",2026,0,1430
76113,"Fort Worth, TX",2026,1,1480
76113,"Fort Worth, TX",2026,2,1730
76113,"Fort Worth, TX",2026,3,2280
76113,"Fort Worth, TX",2026,4,2830
76114,"Fort Worth, TX",2026,0,1200
76114,"Fort Worth, TX",2026,1,1240
76114,"Fort Worth, TX",2026,2,1450
76114,"Fort Worth, TX",2026,3,1910
76114,"Fort Worth, TX",2026,4,2370
76115,"Fort Worth, TX",2026,0,1180
76115,"Fort Worth, TX",2026,1,1210
76115,"Fort Worth, TX",2026,2,1420
76115,"Fort Worth, TX",2026,3,1870
76115,"Fort Worth, TX",2026,4,2320
76116,"Fort Worth, TX",2026,0,1260
76116,"Fort Worth, TX",2026,1,1300
76116,"Fort Worth, TX",2026,2,1520
76116,"Fort Worth, TX",2026,3,2010
76116,"Fort Worth, TX",2026,4,2480
76117,"Fort Worth, TX",2026,0,1200
76117,"Fort Worth, TX",2026,1,1240
76117,"Fort Worth, TX",2026,2,1450
76117,"Fort Worth, TX",2026,3,1910
76117,"Fort Worth, TX",2026,4,2370
76118,"Fort Worth, TX",2026,0,1430
76118,"Fort Worth, TX",2026,1,1480
76118,"Fort Worth, TX",2026,2,1730
76118,"Fort Worth, TX",2026,3,2280
76118,"Fort Worth, TX",2026,4,2830
76119,"Fort Worth, TX",2026,0,1160
76119,"Fort Worth, TX",2026,1,1200
76119,"Fort Worth, TX",2026,2,1400
76119,"Fort Worth, TX",2026,3,1850
76119,"Fort Worth, TX",2026,4,2290
76120,"Fort Worth, TX",2026,0,1340
76120,"Fort Worth, TX",2026,1,1390
76120,"Fort Worth, TX",2026,2,1620
76120,"Fort Worth, TX",2026,3,2140
76120,"Fort Worth, TX",2026,4,2650
76121,"Fort Worth, TX",2026,0,1430
76121,"Fort Worth, TX",2026,1,1480
76121,"Fort Worth, TX",2026,2,1730
76121,"Fort Worth, TX",2026,3,2280
76121,"Fort Worth, TX",2026,4,2830
76123,"Fort Worth, TX",2026,0,2140
76123,"Fort Worth, TX",2026,1,2210
76123,"Fort Worth, TX",2026,2,2580
76123,"Fort Worth, TX",2026,3,3400
76123,"Fort Worth, TX",2026,4,4220
76124,"Fort Worth, TX",2026,0,1430
76124,"Fort Worth, TX",2026,1,1480
76124,"Fort Worth, TX",2026,2,1730
76124,"Fort Worth, TX",2026,3,2280
76124,"Fort Worth, TX",2026,4,2830
76126,"Fort Worth, TX",2026,0,1620
76126,"Fort Worth, TX",2026,1,1680
76126,"Fort Worth, TX",2026,2,1960
76126,"Fort Worth, TX",2026,3,2590
76126,"Fort Worth, TX",2026,4,3200
76127,"Fort Worth, TX",2026,0,2000
76127,"Fort Worth, TX",2026,1,2070
76127,"Fort Worth, TX",2026,2,2420
76127,"Fort Worth, TX",2026,3,3190
76127,"Fort Worth, TX",2026,4,3950
76129,"Fort Worth, TX",2026,0,1670
76129,"Fort Worth, TX",2026,1,1730
76129,"Fort Worth, TX",2026,2,2020
76129,"Fort Worth, TX",2026,3,2670
76129,"Fort Worth, TX",2026,4,3300
76130,"Fort Worth, TX",2026,0,1430
76130,"Fort Worth, TX",2026,1,1480
76130,"Fort Worth, TX",2026,2,1730
76130,"Fort Worth, TX",2026,3,2280
76130,"Fort Worth, TX",2026,4,2830
76131,"Fort Worth, TX",2026,0,1780
76131,"Fort Worth, TX",2026,1,1840
76131,"Fort Worth, TX",2026,2,2150
76131,"Fort Worth, TX",2026,3,2840
76131,"Fort Worth, TX",2026,4,3510
76132,"Fort Worth, TX",2026,0,1560
76132,"Fort Worth, TX",2026,1,1620
76132,"Fort Worth, TX",2026,2,1890
76132,"Fort Worth, TX",2026,3,2490
76132,"Fort Worth, TX",2026,4,3090
76133,"Fort Worth, TX",2026,0,1420
76133,"Fort Worth, TX",2026,1,1460
76133,"Fort Worth, TX",2026,2,1710
76133,"Fort Worth, TX",2026,3,2260
76133,"Fort Worth, TX",2026,4,2790
76134,"Fort Worth, TX",2026,0,1330
76134,"Fort Worth, TX",2026,1,1380
76134,"Fort Worth, TX",2026,2,1610
76134,"Fort Worth, TX",2026,3,2120
76134,"Fort Worth, TX",2026,4,2630
76135,"Fort Worth, TX",2026,0,1230
76135,"Fort Worth, TX",2026,1,1270
76135,"Fort Worth, TX",2026,2,1490
76135,"Fort Worth, TX",2026,3,1970
76135,"Fort Worth, TX",2026,4,2430
76136,"Fort Worth, TX",2026,0,1430
76136,"Fort Worth, TX",2026,1,1480
76136,"Fort Worth, TX",2026,2,1730
76136,"Fort Worth, TX",2026,3,2280
76136,"Fort Worth, TX",2026,4,2830
76137,"Fort Worth, TX",2026,0,1710
76137,"Fort Worth, TX",2026,1,1770
76137,"Fort Worth, TX",2026,2,2070
76137,"Fort Worth, TX",2026,3,2730
76137,"Fort Worth, TX",2026,4,3380
76140,"Fort Worth, TX",2026,0,1480
76140,"Fort Worth, TX",2026,1,1530
76140,"Fort Worth, TX",2026,2,1790
76140,"Fort Worth, TX",2026,3,2360
76140,"Fort Worth, TX",2026,4,2920
76147,"Fort Worth, TX",2026,0,1430
76147,"Fort Worth, TX",2026,1,1480
76147,"Fort Worth, TX",2026,2,1730
76147,"Fort Worth, TX",2026,3,2280
76147,"Fort Worth, TX",2026,4,2830
76148,"Fort Worth, TX",2026,0,1830
76148,"Fort Worth, TX",2026,1,1890
76148,"Fort Worth, TX",2026,2,2210
76148,"Fort Worth, TX",2026,3,2920
76148,"Fort Worth, TX",2026,4,3610
76155,"Fort Worth, TX",2026,0,1400
76155,"Fort Worth, TX",2026,1,1450
76155,"Fort Worth, TX",2026,2,1690
76155,"Fort Worth, TX",2026,3,2230
76155,"Fort Worth, TX",2026,4,2760
76161,"Fort Worth, TX",2026,0,1430
76161,"Fort Worth, TX",2026,1,1480
76161,"Fort Worth, TX",2026,2,1730
76161,"Fort Worth, TX",2026,3,2280
76161,"Fort Worth, TX",2026,4,2830
76162,"Fort Worth, TX",2026,0,1430
76162,"Fort Worth, TX",2026,1,1480
76162,"Fort Worth, TX",2026,2,1730
76162,"Fort Worth, TX",2026,3,2280
76162,"Fort Worth, TX",2026,4,2830
76163,"Fort Worth, TX",2026,0,1430
76163,"Fort Worth, TX",2026,1,1480
76163,"Fort Worth, TX",2026,2,1730
76163,"Fort Worth, TX",2026,3,2280
76163,"Fort Worth, TX",2026,4,2830
76164,"Fort Worth, TX",2026,0,1130
76164,"Fort Worth, TX",2026,1,1160
76164,"Fort Worth, TX",2026,2,1360
76164,"Fort Worth, TX",2026,3,1790
76164,"Fort Worth, TX",2026,4,2220
76177,"Fort Worth, TX",2026,0,1750
76177,"Fort Worth, TX",2026,1,1810
76177,"Fort Worth, TX",2026,2,2120
76177,"Fort Worth, TX",2026,3,2770
76177,"Fort Worth, TX",2026,4,3440
76179,"Fort Worth, TX",2026,0,1870
76179,"Fort Worth, TX",2026,1,1930
76179,"Fort Worth, TX",2026,2,2260
76179,"Fort Worth, TX",2026,3,2980
76179,"Fort Worth, TX",2026,4,3690
76180,"Fort Worth, TX",2026,0,1610
76180,"Fort Worth, TX",2026,1,1660
76180,"Fort Worth, TX",2026,2,1940
76180,"Fort Worth, TX",2026,3,2560
76180,"Fort Worth, TX",2026,4,3170
76182,"Fort Worth, TX",2026,0,1740
76182,"Fort Worth, TX",2026,1,1800
76182,"Fort Worth, TX",2026,2,2100
76182,"Fort Worth, TX",2026,3,2770
76182,"Fort Worth, TX",2026,4,3430
76185,"Fort Worth, TX",2026,0,1430
76185,"Fort Worth, TX",2026,1,1480
76185,"Fort Worth, TX",2026,2,1730
76185,"Fort Worth, TX",2026,3,2280
76185,"Fort Worth, TX",2026,4,2830
76244,"Fort Worth, TX",2026,0,1940
76244,"Fort Worth, TX",2026,1,2000
76244,"Fort Worth, TX",2026,2,2340
76244,"Fort Worth, TX",2026,3,3090
76244,"Fort Worth, TX",2026,4,3820
76248,"Fort Worth, TX",2026,0,2000
76248,"Fort Worth, TX",2026,1,2070
76248,"Fort Worth, TX",2026,2,2420
76248,"Fort Worth, TX",2026,3,3190
76248,"Fort Worth, TX",2026,4,3950
76262,"Fort Worth, TX",2026,0,1730
76262,"Fort Worth, TX",2026,1,1800
76262,"Fort Worth, TX",2026,2,2110
76262,"Fort Worth, TX",2026,3,2690
76262,"Fort Worth, TX",2026,4,3400
76439,"Fort Worth, TX",2026,0,1390
76439,"Fort Worth, TX",2026,1,1440
76439,"Fort Worth, TX",2026,2,1680
76439,"Fort Worth, TX",2026,3,2220
76439,"Fort Worth, TX",2026,4,2740
76462,"Fort Worth, TX",2026,0,1090
76462,"Fort Worth, TX",2026,1,1150
76462,"Fort Worth, TX",2026,2,1360
76462,"Fort Worth, TX",2026,3,1760
76462,"Fort Worth, TX",2026,4,2190
76485,"Fort Worth, TX",2026,0,1390
76485,"Fort Worth, TX",2026,1,1440
76485,"Fort Worth, TX",2026,2,1680
76485,"Fort Worth, TX",2026,3,2220
76485,"Fort Worth, TX",2026,4,2740
76486,"Fort Worth, TX",2026,0,770
76486,"Fort Worth, TX",2026,1,850
76486,"Fort Worth, TX",2026,2,970
76486,"Fort Worth, TX",2026,3,1320
76486,"Fort Worth, TX",2026,4,1510
76487,"Fort Worth, TX",2026,0,1880
76487,"Fort Worth, TX",2026,1,1930
76487,"Fort Worth, TX",2026,2,2320
76487,"Fort Worth, TX",2026,3,3100
76487,"Fort Worth, TX",2026,4,3810
76490,"Fort Worth, TX",2026,0,860
76490,"Fort Worth, TX",2026,1,930
76490,"Fort Worth, TX",2026,2,1080
76490,"Fort Worth, TX",2026,3,1450
76490,"Fort Worth, TX",2026,4,1710
78002,"San Antonio, TX",2026,0,1000
78002,"San Antonio, TX",2026,1,1100
78002,"San Antonio, TX",2026,2,1330
78002,"San Antonio, TX",2026,3,1710
78002,"San Antonio, TX",2026,4,1990
78003,"San Antonio, TX",2026,0,860
78003,"San Antonio, TX",2026,1,930
78003,"San Antonio, TX",2026,2,1140
78003,"San Antonio, TX",2026,3,1460
78003,"San Antonio, TX",2026,4,1670
78006,"San Antonio, TX",2026,0,1340
78006,"San Antonio, TX",2026,1,1370
78006,"San Antonio, TX",2026,2,1710
78006,"San Antonio, TX",2026,3,2250
78006,"San Antonio, TX",2026,4,2310
78009,"San Antonio, TX",2026,0,1010
78009,"San Antonio, TX",2026,1,1010
78009,"San Antonio, TX",2026,2,1330
78009,"San Antonio, TX",2026,3,1750
78009,"San Antonio, TX",2026,4,1760
78010,"San Antonio, TX",2026,0,990
78010,"San Antonio, TX",2026,1,1100
78010,"San Antonio, TX",2026,2,1270
78010,"San Antonio, TX",2026,3,1680
78010,"San Antonio, TX",2026,4,1680
78015,"San Antonio, TX",2026,0,1390
78015,"San Antonio, TX",2026,1,1530
78015,"San Antonio, TX",2026,2,1870
78015,"San Antonio, TX",2026,3,2390
78015,"San Antonio, TX",2026,4,2710
78023,"San Antonio, TX",2026,0,1440
78023,"San Antonio, TX",2026,1,1590
78023,"San Antonio, TX",2026,2,1930
78023,"San Antonio, TX",2026,3,2450
78023,"San Antonio, TX",2026,4,2880
78028,"San Antonio, TX",2026,0,880
78028,"San Antonio, TX",2026,1,980
78028,"San Antonio, TX",2026,2,1130
78028,"San Antonio, TX",2026,3,1490
78028,"San Antonio, TX",2026,4,1500
78039,"San Antonio, TX",2026,0,1000
78039,"San Antonio, TX",2026,1,1040
78039,"San Antonio, TX",2026,2,1320
78039,"San Antonio, TX",2026,3,1730
78039,"San Antonio, TX",2026,4,1830
78052,"San Antonio, TX",2026,0,870
78052,"San Antonio, TX",2026,1,1010
78052,"San Antonio, TX",2026,2,1150
78052,"San Antonio, TX",2026,3,1510
78052,"San Antonio, TX",2026,4,1540
78054,"San Antonio, TX",2026,0,1070
78054,"San Antonio, TX",2026,1,1160
78054,"San Antonio, TX",2026,2,1410
78054,"San Antonio, TX",2026,3,1810
78054,"San Antonio, TX",2026,4,2110
78055,"San Antonio, TX",2026,0,860
78055,"San Antonio, TX",2026,1,930
78055,"San Antonio, TX",2026,2,1120
78055,"San Antonio, TX",2026,3,1460
78055,"San Antonio, TX",2026,4,1570
78063,"San Antonio, TX",2026,0,1050
78063,"San Antonio, TX",2026,1,1160
78063,"San Antonio, TX",2026,2,1410
78063,"San Antonio, TX",2026,3,1790
78063,"San Antonio, TX",2026,4,2100
78064,"San Antonio, TX",2026,0,960
78064,"San Antonio, TX",2026,1,1160
78064,"San Antonio, TX",2026,2,1270
78064,"San Antonio, TX",2026,3,1660
78064,"San Antonio, TX",2026,4,1690
78069,"San Antonio, TX",2026,0,820
78069,"San Antonio, TX",2026,1,960
78069,"San Antonio, TX",2026,2,1090
78069,"San Antonio, TX",2026,3,1410
78069,"San Antonio, TX",2026,4,1500
78070,"San Antonio, TX",2026,0,1070
78070,"San Antonio, TX",2026,1,1170
78070,"San Antonio, TX",2026,2,1440
78070,"San Antonio, TX",2026,3,1830
78070,"San Antonio, TX",2026,4,2140
78073,"San Antonio, TX",2026,0,890
78073,"San Antonio, TX",2026,1,990
78073,"San Antonio, TX",2026,2,1180
78073,"San Antonio, TX",2026,3,1510
78073,"San Antonio, TX",2026,4,1730
78101,"San Antonio, TX",2026,0,740
78101,"San Antonio, TX",2026,1,800
78101,"San Antonio, TX",2026,2,970
78101,"San Antonio, TX",2026,3,1250
78101,"San Antonio, TX",2026,4,1450
78108,"San Antonio, TX",2026,0,1620
78108,"San Antonio, TX",2026,1,1770
78108,"San Antonio, TX",2026,2,2140
78108,"San Antonio, TX",2026,3,2750
78108,"San Antonio, TX",2026,4,3200
78109,"San Antonio, TX",2026,0,1310
78109,"San Antonio, TX",2026,1,1440
78109,"San Antonio, TX",2026,2,1740
78109,"San Antonio, TX",2026,3,2230
78109,"San Antonio, TX",2026,4,2600
78112,"San Antonio, TX",2026,0,1020
78112,"San Antonio, TX",2026,1,1110
78112,"San Antonio, TX",2026,2,1350
78112,"San Antonio, TX",2026,3,1730
78112,"San Antonio, TX",2026,4,2020
78113,"San Antonio, TX",2026,0,950
78113,"San Antonio, TX",2026,1,1050
78113,"San Antonio, TX",2026,2,1320
78113,"San Antonio, TX",2026,3,1640
78113,"San Antonio, TX",2026,4,1950
78114,"San Antonio, TX",2026,0,960
78114,"San Antonio, TX",2026,1,1050
78114,"San Antonio, TX",2026,2,1270
78114,"San Antonio, TX",2026,3,1630
78114,"San Antonio, TX",2026,4,1900
78115,"San Antonio, TX",2026,0,1160
78115,"San Antonio, TX",2026,1,1270
78115,"San Antonio, TX",2026,2,1540
78115,"San Antonio, TX",2026,3,1980
78115,"San Antonio, TX",2026,4,2300
78121,"San Antonio, TX",2026,0,1000
78121,"San Antonio, TX",2026,1,1090
78121,"San Antonio, TX",2026,2,1330
78121,"San Antonio, TX",2026,3,1690
78121,"San Antonio, TX",2026,4,1980
78123,"San Antonio, TX",2026,0,950
78123,"San Antonio, TX",2026,1,1040
78123,"San Antonio, TX",2026,2,1260
78123,"San Antonio, TX",2026,3,1620
78123,"San Antonio, TX",2026,4,1880
78124,"San Antonio, TX",2026,0,1030
78124,"San Antonio, TX",2026,1,1130
78124,"San Antonio, TX",2026,2,1370
78124,"San Antonio, TX",2026,3,1760
78124,"San Antonio, TX",2026,4,2050
78130,"San Antonio, TX",2026,0,1220
78130,"San Antonio, TX",2026,1,1340
78130,"San Antonio, TX",2026,2,1620
78130,"San Antonio, TX",2026,3,2080
78130,"San Antonio, TX",2026,4,2420
78131,"San Antonio, TX",2026,0,1220
78131,"San Antonio, TX",2026,1,1330
78131,"San Antonio, TX",2026,2,1610
78131,"San Antonio, TX",2026,3,2070
78131,"San Antonio, TX",2026,4,2410
78132,"San Antonio, TX",2026,0,1250
78132,"San Antonio, TX",2026,1,1370
78132,"San Antonio, TX",2026,2,1660
78132,"San Antonio, TX",2026,3,2130
78132,"San Antonio, TX",2026,4,2480
78133,"San Antonio, TX",2026,0,1030
78133,"San Antonio, TX",2026,1,1120
78133,"San Antonio, TX",2026,2,1360
78133,"San Antonio, TX",2026,3,1740
78133,"San Antonio, TX",2026,4,2030
78140,"San Antonio, TX",2026,0,700
78140,"San Antonio, TX",2026,1,780
78140,"San Antonio, TX",2026,2,990
78140,"San Antonio, TX",2026,3,1380
78140,"San Antonio, TX",2026,4,1440
78143,"San Antonio, TX",2026,0,850
78143,"San Antonio, TX",2026,1,940
78143,"San Antonio, TX",2026,2,1160
78143,"San Antonio, TX",2026,3,1510
78143,"San Antonio, TX",2026,4,1710
78147,"San Antonio, TX",2026,0,970
78147,"San Antonio, TX",2026,1,1060
78147,"San Antonio, TX",2026,2,1290
78147,"San Antonio, TX",2026,3,1660
78147,"San Antonio, TX",2026,4,1930
78148,"San Antonio, TX",2026,0,1040
78148,"San Antonio, TX",2026,1,1140
78148,"San Antonio, TX",2026,2,1380
78148,"San Antonio, TX",2026,3,1770
78148,"San Antonio, TX",2026,4,2060
78150,"San Antonio, TX",2026,0,1070
78150,"San Antonio, TX",2026,1,1160
78150,"San Antonio, TX",2026,2,1410
78150,"San Antonio, TX",2026,3,1810
78150,"San Antonio, TX",2026,4,2110
78152,"San Antonio, TX",2026,0,1430
78152,"San Antonio, TX",2026,1,1560
78152,"San Antonio, TX",2026,2,1890
78152,"San Antonio, TX",2026,3,2420
78152,"San Antonio, TX",2026,4,2830
78154,"San Antonio, TX",2026,0,1370
78154,"San Antonio, TX",2026,1,1500
78154,"San Antonio, TX",2026,2,1820
78154,"San Antonio, TX",2026,3,2330
78154,"San Antonio, TX",2026,4,2720
78155,"San Antonio, TX",2026,0,950
78155,"San Antonio, TX",2026,1,1040
78155,"San Antonio, TX",2026,2,1260
78155,"San Antonio, TX",2026,3,1620
78155,"San Antonio, TX",2026,4,1880
78156,"San Antonio, TX",2026,0,1160
78156,"San Antonio, TX",2026,1,1270
78156,"San Antonio, TX",2026,2,1540
78156,"San Antonio, TX",2026,3,1980
78156,"San Antonio, TX",2026,4,2300
78160,"San Antonio, TX",2026,0,910
78160,"San Antonio, TX",2026,1,1000
78160,"San Antonio, TX",2026,2,1210
78160,"San Antonio, TX",2026,3,1550
78160,"San Antonio, TX",2026,4,1810
78161,"San Antonio, TX",2026,0,960
78161,"San Antonio, TX",2026,1,1050
78161,"San Antonio, TX",2026,2,1280
78161,"San Antonio, TX",2026,3,1630
78161,"San Antonio, TX",2026,4,1910
78163,"San Antonio, TX",2026,0,1220
78163,"San Antonio, TX",2026,1,1340
78163,"San Antonio, TX",2026,2,1620
78163,"San Antonio, TX",2026,3,2080
78163,"San Antonio, TX",2026,4,2420
78201,"San Antonio, TX",2026,0,970
78201,"San Antonio, TX",2026,1,1060
78201,"San Antonio, TX",2026,2,1280
78201,"San Antonio, TX",2026,3,1640
78201,"San Antonio, TX",2026,4,1910
78202,"San Antonio, TX",2026,0,1020
78202,"San Antonio, TX",2026,1,1110
78202,"San Antonio, TX",2026,2,1350
78202,"San Antonio, TX",2026,3,1730
78202,"San Antonio, TX",2026,4,2020
78203,"San Antonio, TX",2026,0,840
78203,"San Antonio, TX",2026,1,920
78203,"San Antonio, TX",2026,2,1110
78203,"San Antonio, TX",2026,3,1420
78203,"San Antonio, TX",2026,4,1660
78204,"San Antonio, TX",2026,0,1190
78204,"San Antonio, TX",2026,1,1300
78204,"San Antonio, TX",2026,2,1570
78204,"San Antonio, TX",2026,3,2010
78204,"San Antonio, TX",2026,4,2350
78205,"San Antonio, TX",2026,0,1110
78205,"San Antonio, TX",2026,1,1210
78205,"San Antonio, TX",2026,2,1470
78205,"San Antonio, TX",2026,3,1890
78205,"San Antonio, TX",2026,4,2200
78206,"San Antonio, TX",2026,0,1070
78206,"San Antonio, TX",2026,1,1160
78206,"San Antonio, TX",2026,2,1410
78206,"San Antonio, TX",2026,3,1810
78206,"San Antonio, TX",2026,4,2110
78207,"San Antonio, TX",2026,0,800
78207,"San Antonio, TX",2026,1,870
78207,"San Antonio, TX",2026,2,1060
78207,"San Antonio, TX",2026,3,1360
78207,"San Antonio, TX",2026,4,1580
78208,"San Antonio, TX",2026,0,770
78208,"San Antonio, TX",2026,1,840
78208,"San Antonio, TX",2026,2,1020
78208,"San Antonio, TX",2026,3,1310
78208,"San Antonio, TX",2026,4,1530
78209,"San Antonio, TX",2026,0,1220
78209,"San Antonio, TX",2026,1,1340
78209,"San Antonio, TX",2026,2,1620
78209,"San Antonio, TX",2026,3,2080
78209,"San Antonio, TX",2026,4,2420
78210,"San Antonio, TX",2026,0,930
78210,"San Antonio, TX",2026,1,1010
78210,"San Antonio, TX",2026,2,1230
78210,"San Antonio, TX",2026,3,1580
78210,"San Antonio, TX",2026,4,1840
78211,"San Antonio, TX",2026,0,870
78211,"San Antonio, TX",2026,1,950
78211,"San Antonio, TX",2026,2,1150
78211,"San Antonio, TX",2026,3,1480
78211,"San Antonio, TX",2026,4,1720
78212,"San Antonio, TX",2026,0,1060
78212,"San Antonio, TX",2026,1,1160
78212,"San Antonio, TX",2026,2,1400
78212,"San Antonio, TX",2026,3,1800
78212,"San Antonio, TX",2026,4,2090
78213,"San Antonio, TX",2026,0,1080
78213,"San Antonio, TX",2026,1,1180
78213,"San Antonio, TX",2026,2,1430
78213,"San Antonio, TX",2026,3,1830
78213,"San Antonio, TX",2026,4,2140
78214,"San Antonio, TX",2026,0,820
78214,"San Antonio, TX",2026,1,890
78214,"San Antonio, TX",2026,2,1080
78214,"San Antonio, TX",2026,3,1390
78214,"San Antonio, TX",2026,4,1610
78215,"San Antonio, TX",2026,0,1490
78215,"San Antonio, TX",2026,1,1630
78215,"San Antonio, TX",2026,2,1970
78215,"San Antonio, TX",2026,3,2530
78215,"San Antonio, TX",2026,4,2950
78216,"San Antonio, TX",2026,0,1130
78216,"San Antonio, TX",2026,1,1230
78216,"San Antonio, TX",2026,2,1490
78216,"San Antonio, TX",2026,3,1910
78216,"San Antonio, TX",2026,4,2230
78217,"San Antonio, TX",2026,0,1090
78217,"San Antonio, TX",2026,1,1190
78217,"San Antonio, TX",2026,2,1440
78217,"San Antonio, TX",2026,3,1850
78217,"San Antonio, TX",2026,4,2150
78218,"San Antonio, TX",2026,0,1000
78218,"San Antonio, TX",2026,1,1090
78218,"San Antonio, TX",2026,2,1320
78218,"San Antonio, TX",2026,3,1690
78218,"San Antonio, TX",2026,4,1970
78219,"San Antonio, TX",2026,0,930
78219,"San Antonio, TX",2026,1,1010
78219,"San Antonio, TX",2026,2,1230
78219,"San Antonio, TX",2026,3,1580
78219,"San Antonio, TX",2026,4,1840
78220,"San Antonio, TX",2026,0,1020
78220,"San Antonio, TX",2026,1,1110
78220,"San Antonio, TX",2026,2,1350
78220,"San Antonio, TX",2026,3,1730
78220,"San Antonio, TX",2026,4,2020
78221,"San Antonio, TX",2026,0,950
78221,"San Antonio, TX",2026,1,1040
78221,"San Antonio, TX",2026,2,1260
78221,"San Antonio, TX",2026,3,1620
78221,"San Antonio, TX",2026,4,1880
78222,"San Antonio, TX",2026,0,1050
78222,"San Antonio, TX",2026,1,1150
78222,"San Antonio, TX",2026,2,1390
78222,"San Antonio, TX",2026,3,1780
78222,"San Antonio, TX",2026,4,2080
78223,"San Antonio, TX",2026,0,940
78223,"San Antonio, TX",2026,1,1030
78223,"San Antonio, TX",2026,2,1250
78223,"San Antonio, TX",2026,3,1600
78223,"San Antonio, TX",2026,4,1870
78224,"San Antonio, TX",2026,0,950
78224,"San Antonio, TX",2026,1,1040
78224,"San Antonio, TX",2026,2,1260
78224,"San Antonio, TX",2026,3,1620
78224,"San Antonio, TX",2026,4,1880
78225,"San Antonio, TX",2026,0,860
78225,"San Antonio, TX",2026,1,940
78225,"San Antonio, TX",2026,2,1140
78225,"San Antonio, TX",2026,3,1460
78225,"San Antonio, TX",2026,4,1700
78226,"San Antonio, TX",2026,0,870
78226,"San Antonio, TX",2026,1,950
78226,"San Antonio, TX",2026,2,1150
78226,"San Antonio, TX",2026,3,1480
78226,"San Antonio, TX",2026,4,1720
78227,"San Antonio, TX",2026,0,920
78227,"San Antonio, TX",2026,1,1010
78227,"San Antonio, TX",2026,2,1220
78227,"San Antonio, TX",2026,3,1570
78227,"San Antonio, TX",2026,4,1820
78228,"San Antonio, TX",2026,0,920
78228,"San Antonio, TX",2026,1,1010
78228,"San Antonio, TX",2026,2,1220
78228,"San Antonio, TX",2026,3,1570
78228,"San Antonio, TX",2026,4,1820
78229,"San Antonio, TX",2026,0,1140
78229,"San Antonio, TX",2026,1,1250
78229,"San Antonio, TX",2026,2,1510
78229,"San Antonio, TX",2026,3,1940
78229,"San Antonio, TX",2026,4,2260
78230,"San Antonio, TX",2026,0,1160
78230,"San Antonio, TX",2026,1,1260
78230,"San Antonio, TX",2026,2,1530
78230,"San Antonio, TX",2026,3,1960
78230,"San Antonio, TX",2026,4,2290
78231,"San Antonio, TX",2026,0,1100
78231,"San Antonio, TX",2026,1,1200
78231,"San Antonio, TX",2026,2,1460
78231,"San Antonio, TX",2026,3,1870
78231,"San Antonio, TX",2026,4,2180
78232,"San Antonio, TX",2026,0,1250
78232,"San Antonio, TX",2026,1,1370
78232,"San Antonio, TX",2026,2,1660
78232,"San Antonio, TX",2026,3,2130
78232,"San Antonio, TX",2026,4,2480
78233,"San Antonio, TX",2026,0,1230
78233,"San Antonio, TX",2026,1,1340
78233,"San Antonio, TX",2026,2,1630
78233,"San Antonio, TX",2026,3,2090
78233,"San Antonio, TX",2026,4,2440
78234,"San Antonio, TX",2026,0,1620
78234,"San Antonio, TX",2026,1,1770
78234,"San Antonio, TX",2026,2,2140
78234,"San Antonio, TX",2026,3,2750
78234,"San Antonio, TX",2026,4,3200
78235,"San Antonio, TX",2026,0,1200
78235,"San Antonio, TX",2026,1,1310
78235,"San Antonio, TX",2026,2,1590
78235,"San Antonio, TX",2026,3,2040
78235,"San Antonio, TX",2026,4,2380
78236,"San Antonio, TX",2026,0,1620
78236,"San Antonio, TX",2026,1,1770
78236,"San Antonio, TX",2026,2,2140
78236,"San Antonio, TX",2026,3,2750
78236,"San Antonio, TX",2026,4,3200
78237,"San Antonio, TX",2026,0,850
78237,"San Antonio, TX",2026,1,930
78237,"San Antonio, TX",2026,2,1130
78237,"San Antonio, TX",2026,3,1450
78237,"San Antonio, TX",2026,4,1690
78238,"San Antonio, TX",2026,0,980
78238,"San Antonio, TX",2026,1,1070
78238,"San Antonio, TX",2026,2,1300
78238,"San Antonio, TX",2026,3,1670
78238,"San Antonio, TX",2026,4,1940
78239,"San Antonio, TX",2026,0,1130
78239,"San Antonio, TX",2026,1,1240
78239,"San Antonio, TX",2026,2,1500
78239,"San Antonio, TX",2026,3,1920
78239,"San Antonio, TX",2026,4,2240
78240,"San Antonio, TX",2026,0,1200
78240,"San Antonio, TX",2026,1,1310
78240,"San Antonio, TX",2026,2,1590
78240,"San Antonio, TX",2026,3,2040
78240,"San Antonio, TX",2026,4,2380
78241,"San Antonio, TX",2026,0,1070
78241,"San Antonio, TX",2026,1,1160
78241,"San Antonio, TX",2026,2,1410
78241,"San Antonio, TX",2026,3,1810
78241,"San Antonio, TX",2026,4,2110
78242,"San Antonio, TX",2026,0,980
78242,"San Antonio, TX",2026,1,1070
78242,"San Antonio, TX",2026,2,1300
78242,"San Antonio, TX",2026,3,1670
78242,"San Antonio, TX",2026,4,1940
78243,"San Antonio, TX",2026,0,1110
78243,"San Antonio, TX",2026,1,1210
78243,"San Antonio, TX",2026,2,1470
78243,"San Antonio, TX",2026,3,1890
78243,"San Antonio, TX",2026,4,2200
78244,"San Antonio, TX",2026,0,1290
78244,"San Antonio, TX",2026,1,1410
78244,"San Antonio, TX",2026,2,1710
78244,"San Antonio, TX",2026,3,2190
78244,"San Antonio, TX",2026,4,2560
78245,"San Antonio, TX",2026,0,1250
78245,"San Antonio, TX",2026,1,1370
78245,"San Antonio, TX",2026,2,1660
78245,"San Antonio, TX",2026,3,2130
78245,"San Antonio, TX",2026,4,2480
78246,"San Antonio, TX",2026,0,1070
78246,"San Antonio, TX",2026,1,1160
78246,"San Antonio, TX",2026,2,1410
78246,"San Antonio, TX",2026,3,1810
78246,"San Antonio, TX",2026,4,2110
78247,"San Antonio, TX",2026,0,1240
78247,"San Antonio, TX",2026,1,1350
78247,"San Antonio, TX",2026,2,1640
78247,"San Antonio, TX",2026,3,2100
78247,"San Antonio, TX",2026,4,2450
78248,"San Antonio, TX",2026,0,1130
78248,"San Antonio, TX",2026,1,1240
78248,"San Antonio, TX",2026,2,1500
78248,"San Antonio, TX",2026,3,1920
78248,"San Antonio, TX",2026,4,2240
78249,"San Antonio, TX",2026,0,1340
78249,"San Antonio, TX",2026,1,1460
78249,"San Antonio, TX",2026,2,1770
78249,"San Antonio, TX",2026,3,2270
78249,"San Antonio, TX",2026,4,2650
78250,"San Antonio, TX",2026,0,1240
78250,"San Antonio, TX",2026,1,1350
78250,"San Antonio, TX",2026,2,1640
78250,"San Antonio, TX",2026,3,2100
78250,"San Antonio, TX",2026,4,2450
78251,"San Antonio, TX",2026,0,1210
78251,"San Antonio, TX",2026,1,1320
78251,"San Antonio, TX",2026,2,1600
78251,"San Antonio, TX",2026,3,2050
78251,"San Antonio, TX",2026,4,2390
78252,"San Antonio, TX",2026,0,1450
78252,"San Antonio, TX",2026,1,1580
78252,"San Antonio, TX",2026,2,1920
78252,"San Antonio, TX",2026,3,2460
78252,"San Antonio, TX",2026,4,2870
78253,"San Antonio, TX",2026,0,1210
78253,"San Antonio, TX",2026,1,1310
78253,"San Antonio, TX",2026,2,1600
78253,"San Antonio, TX",2026,3,2050
78253,"San Antonio, TX",2026,4,2380
78254,"San Antonio, TX",2026,0,1410
78254,"San Antonio, TX",2026,1,1540
78254,"San Antonio, TX",2026,2,1870
78254,"San Antonio, TX",2026,3,2400
78254,"San Antonio, TX",2026,4,2800
78255,"San Antonio, TX",2026,0,1430
78255,"San Antonio, TX",2026,1,1560
78255,"San Antonio, TX",2026,2,1890
78255,"San Antonio, TX",2026,3,2420
78255,"San Antonio, TX",2026,4,2830
78256,"San Antonio, TX",2026,0,1270
78256,"San Antonio, TX",2026,1,1390
78256,"San Antonio, TX",2026,2,1680
78256,"San Antonio, TX",2026,3,2160
78256,"San Antonio, TX",2026,4,2510
78257,"San Antonio, TX",2026,0,1390
78257,"San Antonio, TX",2026,1,1520
78257,"San Antonio, TX",2026,2,1840
78257,"San Antonio, TX",2026,3,2360
78257,"San Antonio, TX",2026,4,2750
78258,"San Antonio, TX",2026,0,1370
78258,"San Antonio, TX",2026,1,1500
78258,"San Antonio, TX",2026,2,1820
78258,"San Antonio, TX",2026,3,2330
78258,"San Antonio, TX",2026,4,2720
78259,"San Antonio, TX",2026,0,1250
78259,"San Antonio, TX",2026,1,1360
78259,"San Antonio, TX",2026,2,1650
78259,"San Antonio, TX",2026,3,2120
78259,"San Antonio, TX",2026,4,2470
78260,"San Antonio, TX",2026,0,1620
78260,"San Antonio, TX",2026,1,1770
78260,"San Antonio, TX",2026,2,2140
78260,"San Antonio, TX",2026,3,2750
78260,"San Antonio, TX",2026,4,3200
78261,"San Antonio, TX",2026,0,1390
78261,"San Antonio, TX",2026,1,1520
78261,"San Antonio, TX",2026,2,1840
78261,"San Antonio, TX",2026,3,2360
78261,"San Antonio, TX",2026,4,2750
78263,"San Antonio, TX",2026,0,990
78263,"San Antonio, TX",2026,1,1080
78263,"San Antonio, TX",2026,2,1320
78263,"San Antonio, TX",2026,3,1680
78263,"San Antonio, TX",2026,4,1970
78264,"San Antonio, TX",2026,0,1040
78264,"San Antonio, TX",2026,1,1150
78264,"San Antonio, TX",2026,2,1380
78264,"San Antonio, TX",2026,3,1770
78264,"San Antonio, TX",2026,4,2030
78265,"San Antonio, TX",2026,0,1070
78265,"San Antonio, TX",2026,1,1160
78265,"San Antonio, TX",2026,2,1410
78265,"San Antonio, TX",2026,3,1810
78265,"San Antonio, TX",2026,4,2110
78266,"San Antonio, TX",2026,0,1620
78266,"San Antonio, TX",2026,1,1770
78266,"San Antonio, TX",2026,2,2140
78266,"San Antonio, TX",2026,3,2750
78266,"San Antonio, TX",2026,4,3200
78268,"San Antonio, TX",2026,0,1070
78268,"San Antonio, TX",2026,1,1160
78268,"San Antonio, TX",2026,2,1410
78268,"San Antonio, TX",2026,3,1810
78268,"San Antonio, TX",2026,4,2110
78269,"San Antonio, TX",2026,0,1070
78269,"San Antonio, TX",2026,1,1160
78269,"San Antonio, TX",2026,2,1410
78269,"San Antonio, TX",2026,3,1810
78269,"San Antonio, TX",2026,4,2110
78270,"San Antonio, TX",2026,0,1070
78270,"San Antonio, TX",2026,1,1160
78270,"San Antonio, TX",2026,2,1410
78270,"San Antonio, TX",2026,3,1810
78270,"San Antonio, TX",2026,4,2110
78278,"San Antonio, TX",2026,0,1070
78278,"San Antonio, TX",2026,1,1160
78278,"San Antonio, TX",2026,2,1410
78278,"San Antonio, TX",2026,3,1810
78278,"San Antonio, TX",2026,4,2110
78279,"San Antonio, TX",2026,0,1070
78279,"San Antonio, TX",2026,1,1160
78279,"San Antonio, TX",2026,2,1410
78279,"San Antonio, TX",2026,3,1810
78279,"San Antonio, TX",2026,4,2110
78280,"San Antonio, TX",2026,0,1070
78280,"San Antonio, TX",2026,1,1160
78280,"San Antonio, TX",2026,2,1410
78280,"San Antonio, TX",2026,3,1810
78280,"San Antonio, TX",2026,4,2110
78283,"San Antonio, TX",2026,0,1070
78283,"San Antonio, TX",2026,1,1160
78283,"San Antonio, TX",2026,2,1410
78283,"San Antonio, TX",2026,3,1810
78283,"San Antonio, TX",2026,4,2110
78284,"San Antonio, TX",2026,0,1070
78284,"San Antonio, TX",2026,1,1160
78284,"San Antonio, TX",2026,2,1410
78284,"San Antonio, TX",2026,3,1810
78284,"San Antonio, TX",2026,4,2110
78285,"San Antonio, TX",2026,0,1070
78285,"San Antonio, TX",2026,1,1160
78285,"San Antonio, TX",2026,2,1410
78285,"San Antonio, TX",2026,3,1810
78285,"San Antonio, TX",2026,4,2110
78288,"San Antonio, TX",2026,0,1070
78288,"San Antonio, TX",2026,1,1160
78288,"San Antonio, TX",2026,2,1410
78288,"San Antonio, TX",2026,3,1810
78288,"San Antonio, TX",2026,4,2110
78291,"San Antonio, TX",2026,0,1070
78291,"San Antonio, TX",2026,1,1160
78291,"San Antonio, TX",2026,2,1410
78291,"San Antonio, TX",2026,3,1810
78291,"San Antonio, TX",2026,4,2110
78292,"San Antonio, TX",2026,0,1070
78292,"San Antonio, TX",2026,1,1160
78292,"San Antonio, TX",2026,2,1410
78292,"San Antonio, TX",2026,3,1810
78292,"San Antonio, TX",2026,4,2110
78293,"San Antonio, TX",2026,0,1070
78293,"San Antonio, TX",2026,1,1160
78293,"San Antonio, TX",2026,2,1410
78293,"San Antonio, TX",2026,3,1810
78293,"San Antonio, TX",2026,4,2110
78294,"San Antonio, TX",2026,0,1070
78294,"San Antonio, TX",2026,1,1160
78294,"San Antonio, TX",2026,2,1410
78294,"San Antonio, TX",2026,3,1810
78294,"San Antonio, TX",2026,4,2110
78295,"San Antonio, TX",2026,0,1070
78295,"San Antonio, TX",2026,1,1160
78295,"San Antonio, TX",2026,2,1410
78295,"San Antonio, TX",2026,3,1810
78295,"San Antonio, TX",2026,4,2110
78296,"San Antonio, TX",2026,0,1070
78296,"San Antonio, TX",2026,1,1160
78296,"San Antonio, TX",2026,2,1410
78296,"San Antonio, TX",2026,3,1810
78296,"San Antonio, TX",2026,4,2110
78297,"San Antonio, TX",2026,0,1070
78297,"San Antonio, TX",2026,1,1160
78297,"San Antonio, TX",2026,2,1410
78297,"San Antonio, TX",2026,3,1810
78297,"San Antonio, TX",2026,4,2110
78298,"San Antonio, TX",2026,0,1070
78298,"San Antonio, TX",2026,1,1160
78298,"San Antonio, TX",2026,2,1410
78298,"San Antonio, TX",2026,3,1810
78298,"San Antonio, TX",2026,4,2110
78299,"San Antonio, TX",2026,0,1070
78299,"San Antonio, TX",2026,1,1160
78299,"San Antonio, TX",2026,2,1410
78299,"San Antonio, TX",2026,3,1810
78299,"San Antonio, TX",2026,4,2110
78606,"San Antonio, TX",2026,0,850
78606,"San Antonio, TX",2026,1,860
78606,"San Antonio, TX",2026,2,1120
78606,"San Antonio, TX",2026,3,1550
78606,"San Antonio, TX",2026,4,1640
78623,"San Antonio, TX",2026,0,1100
78623,"San Antonio, TX",2026,1,1170
78623,"San Antonio, TX",2026,2,1420
78623,"San Antonio, TX",2026,3,1820
78623,"San Antonio, TX",2026,4,2110
78638,"San Antonio, TX",2026,0,1010
78638,"San Antonio, TX",2026,1,1120
78638,"San Antonio, TX",2026,2,1360
78638,"San Antonio, TX",2026,3,1730
78638,"San Antonio, TX",2026,4,2040
78648,"San Antonio, TX",2026,0,980
78648,"San Antonio, TX",2026,1,1040
78648,"San Antonio, TX",2026,2,1230
78648,"San Antonio, TX",2026,3,1570
78648,"San Antonio, TX",2026,4,1840
78655,"San Antonio, TX",2026,0,1010
78655,"San Antonio, TX",2026,1,1090
78655,"San Antonio, TX",2026,2,1300
78655,"San Antonio, TX",2026,3,1650
78655,"San Antonio, TX",2026,4,1930
78666,"San Antonio, TX",2026,0,1170
78666,"San Antonio, TX",2026,1,1250
78666,"San Antonio, TX",2026,2,1480
78666,"San Antonio, TX",2026,3,1880
78666,"San Antonio, TX",2026,4,2200
78670,"San Antonio, TX",2026,0,1260
78670,"San Antonio, TX",2026,1,1380
78670,"San Antonio, TX",2026,2,1670
78670,"San Antonio, TX",2026,3,2140
78670,"San Antonio, TX",2026,4,2500
78676,"San Antonio, TX",2026,0,1240
78676,"San Antonio, TX",2026,1,1310
78676,"San Antonio, TX",2026,2,1560
78676,"San Antonio, TX",2026,3,1980
78676,"San Antonio, TX",2026,4,2320
78883,"San Antonio, TX",2026,0,860
78883,"San Antonio, TX",2026,1,900
78883,"San Antonio, TX",2026,2,1140
78883,"San Antonio, TX",2026,3,1480
78883,"San Antonio, TX",2026,4,1670
78884,"San Antonio, TX",2026,0,820
78884,"San Antonio, TX",2026,1,850
78884,"San Antonio, TX",2026,2,1090
78884,"San Antonio, TX",2026,3,1420
78884,"San Antonio, TX",2026,4,1670
78885,"San Antonio, TX",2026,0,790
78885,"San Antonio, TX",2026,1,870
78885,"San Antonio, TX",2026,2,1040
78885,"San Antonio, TX",2026,3,1360
78885,"San Antonio, TX",2026,4,1530
66002,"Kansas City, KS",2026,0,810
66002,"Kansas City, KS",2026,1,900
66002,"Kansas City, KS",2026,2,1030
66002,"Kansas City, KS",2026,3,1350
66002,"Kansas City, KS",2026,4,1570
66007,"Kansas City, KS",2026,0,1060
66007,"Kansas City, KS",2026,1,1150
66007,"Kansas City, KS",2026,2,1310
66007,"Kansas City, KS",2026,3,1710
66007,"Kansas City, KS",2026,4,2030
66010,"Kansas City, KS",2026,0,810
66010,"Kansas City, KS",2026,1,900
66010,"Kansas City, KS",2026,2,1030
66010,"Kansas City, KS",2026,3,1350
66010,"Kansas City, KS",2026,4,1570
66012,"Kansas City, KS",2026,0,1060
66012,"Kansas City, KS",2026,1,1150
66012,"Kansas City, KS",2026,2,1310
66012,"Kansas City, KS",2026,3,1710
66012,"Kansas City, KS",2026,4,2030
66013,"Kansas City, KS",2026,0,1270
66013,"Kansas City, KS",2026,1,1380
66013,"Kansas City, KS",2026,2,1570
66013,"Kansas City, KS",2026,3,2050
66013,"Kansas City, KS",2026,4,2430
66014,"Kansas City, KS",2026,0,820
66014,"Kansas City, KS",2026,1,900
66014,"Kansas City, KS",2026,2,1030
66014,"Kansas City, KS",2026,3,1350
66014,"Kansas City, KS",2026,4,1620
66018,"Kansas City, KS",2026,0,960
66018,"Kansas City, KS",2026,1,1050
66018,"Kansas City, KS",2026,2,1190
66018,"Kansas City, KS",2026,3,1550
66018,"Kansas City, KS",2026,4,1840
66020,"Kansas City, KS",2026,0,810
66020,"Kansas City, KS",2026,1,900
66020,"Kansas City, KS",2026,2,1030
66020,"Kansas City, KS",2026,3,1350
66020,"Kansas City, KS",2026,4,1570
66021,"Kansas City, KS",2026,0,1070
66021,"Kansas City, KS",2026,1,1170
66021,"Kansas City, KS",2026,2,1330
66021,"Kansas City, KS",2026,3,1750
66021,"Kansas City, KS",2026,4,2080
66025,"Kansas City, KS",2026,0,1120
66025,"Kansas City, KS",2026,1,1260
66025,"Kansas City, KS",2026,2,1480
66025,"Kansas City, KS",2026,3,2060
66025,"Kansas City, KS",2026,4,2480
66026,"Kansas City, KS",2026,0,920
66026,"Kansas City, KS",2026,1,1000
66026,"Kansas City, KS",2026,2,1140
66026,"Kansas City, KS",2026,3,1480
66026,"Kansas City, KS",2026,4,1760
66027,"Kansas City, KS",2026,0,1650
66027,"Kansas City, KS",2026,1,1800
66027,"Kansas City, KS",2026,2,2040
66027,"Kansas City, KS",2026,3,2660
66027,"Kansas City, KS",2026,4,3160
66030,"Kansas City, KS",2026,0,1190
66030,"Kansas City, KS",2026,1,1300
66030,"Kansas City, KS",2026,2,1480
66030,"Kansas City, KS",2026,3,1930
66030,"Kansas City, KS",2026,4,2290
66031,"Kansas City, KS",2026,0,1100
66031,"Kansas City, KS",2026,1,1200
66031,"Kansas City, KS",2026,2,1360
66031,"Kansas City, KS",2026,3,1780
66031,"Kansas City, KS",2026,4,2110
66033,"Kansas City, KS",2026,0,810
66033,"Kansas City, KS",2026,1,900
66033,"Kansas City, KS",2026,2,1030
66033,"Kansas City, KS",2026,3,1350
66033,"Kansas City, KS",2026,4,1570
66036,"Kansas City, KS",2026,0,1020
66036,"Kansas City, KS",2026,1,1110
66036,"Kansas City, KS",2026,2,1260
66036,"Kansas City, KS",2026,3,1640
66036,"Kansas City, KS",2026,4,1950
66039,"Kansas City, KS",2026,0,810
66039,"Kansas City, KS",2026,1,900
66039,"Kansas City, KS",2026,2,1030
66039,"Kansas City, KS",2026,3,1350
66039,"Kansas City, KS",2026,4,1570
66040,"Kansas City, KS",2026,0,900
66040,"Kansas City, KS",2026,1,980
66040,"Kansas City, KS",2026,2,1110
66040,"Kansas City, KS",2026,3,1450
66040,"Kansas City, KS",2026,4,1720
66042,"Kansas City, KS",2026,0,850
66042,"Kansas City, KS",2026,1,910
66042,"Kansas City, KS",2026,2,1070
66042,"Kansas City, KS",2026,3,1370
66042,"Kansas City, KS",2026,4,1600
66043,"Kansas City, KS",2026,0,1060
66043,"Kansas City, KS",2026,1,1150
66043,"Kansas City, KS",2026,2,1310
66043,"Kansas City, KS",2026,3,1710
66043,"Kansas City, KS",2026,4,2030
66044,"Kansas City, KS",2026,0,860
66044,"Kansas City, KS",2026,1,960
66044,"Kansas City, KS",2026,2,1130
66044,"Kansas City, KS",2026,3,1570
66044,"Kansas City, KS",2026,4,1890
66048,"Kansas City, KS",2026,0,890
66048,"Kansas City, KS",2026,1,970
66048,"Kansas City, KS",2026,2,1100
66048,"Kansas City, KS",2026,3,1430
66048,"Kansas City, KS",2026,4,1700
66051,"Kansas City, KS",2026,0,1230
66051,"Kansas City, KS",2026,1,1350
66051,"Kansas City, KS",2026,2,1530
66051,"Kansas City, KS",2026,3,1990
66051,"Kansas City, KS",2026,4,2370
66052,"Kansas City, KS",2026,0,1030
66052,"Kansas City, KS",2026,1,1130
66052,"Kansas City, KS",2026,2,1300
66052,"Kansas City, KS",2026,3,1720
66052,"Kansas City, KS",2026,4,2060
66053,"Kansas City, KS",2026,0,1380
66053,"Kansas City, KS",2026,1,1510
66053,"Kansas City, KS",2026,2,1710
66053,"Kansas City, KS",2026,3,2230
66053,"Kansas City, KS",2026,4,2650
66054,"Kansas City, KS",2026,0,880
66054,"Kansas City, KS",2026,1,930
66054,"Kansas City, KS",2026,2,1160
66054,"Kansas City, KS",2026,3,1520
66054,"Kansas City, KS",2026,4,1610
66056,"Kansas City, KS",2026,0,810
66056,"Kansas City, KS",2026,1,900
66056,"Kansas City, KS",2026,2,1030
66056,"Kansas City, KS",2026,3,1350
66056,"Kansas City, KS",2026,4,1570
66061,"Kansas City, KS",2026,0,1030
66061,"Kansas City, KS",2026,1,1130
66061,"Kansas City, KS",2026,2,1280
66061,"Kansas City, KS",2026,3,1670
66061,"Kansas City, KS",2026,4,1980
66062,"Kansas City, KS",2026,0,1260
66062,"Kansas City, KS",2026,1,1380
66062,"Kansas City, KS",2026,2,1560
66062,"Kansas City, KS",2026,3,2030
66062,"Kansas City, KS",2026,4,2420
66063,"Kansas City, KS",2026,0,1230
66063,"Kansas City, KS",2026,1,1350
66063,"Kansas City, KS",2026,2,1530
66063,"Kansas City, KS",2026,3,1990
66063,"Kansas City, KS",2026,4,2370
66064,"Kansas City, KS",2026,0,870
66064,"Kansas City, KS",2026,1,950
66064,"Kansas City, KS",2026,2,1080
66064,"Kansas City, KS",2026,3,1410
66064,"Kansas City, KS",2026,4,1670
66071,"Kansas City, KS",2026,0,960
66071,"Kansas City, KS",2026,1,1050
66071,"Kansas City, KS",2026,2,1190
66071,"Kansas City, KS",2026,3,1550
66071,"Kansas City, KS",2026,4,1840
66072,"Kansas City, KS",2026,0,990
66072,"Kansas City, KS",2026,1,1080
66072,"Kansas City, KS",2026,2,1230
66072,"Kansas City, KS",2026,3,1600
66072,"Kansas City, KS",2026,4,1890
66075,"Kansas City, KS",2026,0,810
66075,"Kansas City, KS",2026,1,900
66075,"Kansas City, KS",2026,2,1030
66075,"Kansas City, KS",2026,3,1350
66075,"Kansas City, KS",2026,4,1570
66079,"Kansas City, KS",2026,0,880
66079,"Kansas City, KS",2026,1,910
66079,"Kansas City, KS",2026,2,1120
66079,"Kansas City, KS",2026,3,1390
66079,"Kansas City, KS",2026,4,1580
66083,"Kansas City, KS",2026,0,1010
66083,"Kansas City, KS",2026,1,1100
66083,"Kansas City, KS",2026,2,1250
66083,"Kansas City, KS",2026,3,1630
66083,"Kansas City, KS",2026,4,1940
66085,"Kansas City, KS",2026,0,1500
66085,"Kansas City, KS",2026,1,1640
66085,"Kansas City, KS",2026,2,1860
66085,"Kansas City, KS",2026,3,2420
66085,"Kansas City, KS",2026,4,2880
66086,"Kansas City, KS",2026,0,1060
66086,"Kansas City, KS",2026,1,1160
66086,"Kansas City, KS",2026,2,1320
66086,"Kansas City, KS",2026,3,1720
66086,"Kansas City, KS",2026,4,2040
66092,"Kansas City, KS",2026,0,1060
66092,"Kansas City, KS",2026,1,1080
66092,"Kansas City, KS",2026,2,1370
66092,"Kansas City, KS",2026,3,1670
66092,"Kansas City, KS",2026,4,1880
66097,"Kansas City, KS",2026,0,810
66097,"Kansas City, KS",2026,1,900
66097,"Kansas City, KS",2026,2,1030
66097,"Kansas City, KS",2026,3,1350
66097,"Kansas City, KS",2026,4,1570
66101,"Kansas City, KS",2026,0,810
66101,"Kansas City, KS",2026,1,900
66101,"Kansas City, KS",2026,2,1030
66101,"Kansas City, KS",2026,3,1350
66101,"Kansas City, KS",2026,4,1570
66102,"Kansas City, KS",2026,0,940
66102,"Kansas City, KS",2026,1,1030
66102,"Kansas City, KS",2026,2,1170
66102,"Kansas City, KS",2026,3,1520
66102,"Kansas City, KS",2026,4,1810
66103,"Kansas City, KS",2026,0,1080
66103,"Kansas City, KS",2026,1,1180
66103,"Kansas City, KS",2026,2,1340
66103,"Kansas City, KS",2026,3,1750
66103,"Kansas City, KS",2026,4,2080
66104,"Kansas City, KS",2026,0,960
66104,"Kansas City, KS",2026,1,1050
66104,"Kansas City, KS",2026,2,1190
66104,"Kansas City, KS",2026,3,1550
66104,"Kansas City, KS",2026,4,1840
66105,"Kansas City, KS",2026,0,810
66105,"Kansas City, KS",2026,1,900
66105,"Kansas City, KS",2026,2,1030
66105,"Kansas City, KS",2026,3,1350
66105,"Kansas City, KS",2026,4,1570
66106,"Kansas City, KS",2026,0,950
66106,"Kansas City, KS",2026,1,1040
66106,"Kansas City, KS",2026,2,1180
66106,"Kansas City, KS",2026,3,1540
66106,"Kansas City, KS",2026,4,1830
66109,"Kansas City, KS",2026,0,1510
66109,"Kansas City, KS",2026,1,1650
66109,"Kansas City, KS",2026,2,1870
66109,"Kansas City, KS",2026,3,2440
66109,"Kansas City, KS",2026,4,2900
66110,"Kansas City, KS",2026,0,1010
66110,"Kansas City, KS",2026,1,1100
66110,"Kansas City, KS",2026,2,1250
66110,"Kansas City, KS",2026,3,1630
66110,"Kansas City, KS",2026,4,1940
66111,"Kansas City, KS",2026,0,980
66111,"Kansas City, KS",2026,1,1080
66111,"Kansas City, KS",2026,2,1220
66111,"Kansas City, KS",2026,3,1590
66111,"Kansas City, KS",2026,4,1890
66112,"Kansas City, KS",2026,0,1020
66112,"Kansas City, KS",2026,1,1120
66112,"Kansas City, KS",2026,2,1270
66112,"Kansas City, KS",2026,3,1650
66112,"Kansas City, KS",2026,4,1970
66115,"Kansas City, KS",2026,0,1010
66115,"Kansas City, KS",2026,1,1100
66115,"Kansas City, KS",2026,2,1250
66115,"Kansas City, KS",2026,3,1630
66115,"Kansas City, KS",2026,4,1940
66117,"Kansas City, KS",2026,0,1010
66117,"Kansas City, KS",2026,1,1100
66117,"Kansas City, KS",2026,2,1250
66117,"Kansas City, KS",2026,3,1630
66117,"Kansas City, KS",2026,4,1940
66118,"Kansas City, KS",2026,0,1010
66118,"Kansas City, KS",2026,1,1100
66118,"Kansas City, KS",2026,2,1250
66118,"Kansas City, KS",2026,3,1630
66118,"Kansas City, KS",2026,4,1940
66119,"Kansas City, KS",2026,0,1010
66119,"Kansas City, KS",2026,1,1100
66119,"Kansas City, KS",2026,2,1250
66119,"Kansas City, KS",2026,3,1630
66119,"Kansas City, KS",2026,4,1940
66160,"Kansas City, KS",2026,0,1080
66160,"Kansas City, KS",2026,1,1180
66160,"Kansas City, KS",2026,2,1340
66160,"Kansas City, KS",2026,3,1750
66160,"Kansas City, KS",2026,4,2080
66201,"Kansas City, KS",2026,0,1230
66201,"Kansas City, KS",2026,1,1350
66201,"Kansas City, KS",2026,2,1530
66201,"Kansas City, KS",2026,3,1990
66201,"Kansas City, KS",2026,4,2370
66202,"Kansas City, KS",2026,0,1090
66202,"Kansas City, KS",2026,1,1190
66202,"Kansas City, KS",2026,2,1350
66202,"Kansas City, KS",2026,3,1760
66202,"Kansas City, KS",2026,4,2090
66203,"Kansas City, KS",2026,0,1060
66203,"Kansas City, KS",2026,1,1160
66203,"Kansas City, KS",2026,2,1320
66203,"Kansas City, KS",2026,3,1720
66203,"Kansas City, KS",2026,4,2040
66204,"Kansas City, KS",2026,0,1180
66204,"Kansas City, KS",2026,1,1290
66204,"Kansas City, KS",2026,2,1460
66204,"Kansas City, KS",2026,3,1900
66204,"Kansas City, KS",2026,4,2260
66205,"Kansas City, KS",2026,0,1400
66205,"Kansas City, KS",2026,1,1530
66205,"Kansas City, KS",2026,2,1740
66205,"Kansas City, KS",2026,3,2270
66205,"Kansas City, KS",2026,4,2690
66206,"Kansas City, KS",2026,0,1650
66206,"Kansas City, KS",2026,1,1800
66206,"Kansas City, KS",2026,2,2040
66206,"Kansas City, KS",2026,3,2660
66206,"Kansas City, KS",2026,4,3160
66207,"Kansas City, KS",2026,0,1650
66207,"Kansas City, KS",2026,1,1800
66207,"Kansas City, KS",2026,2,2040
66207,"Kansas City, KS",2026,3,2660
66207,"Kansas City, KS",2026,4,3160
66208,"Kansas City, KS",2026,0,1520
66208,"Kansas City, KS",2026,1,1670
66208,"Kansas City, KS",2026,2,1890
66208,"Kansas City, KS",2026,3,2460
66208,"Kansas City, KS",2026,4,2930
66209,"Kansas City, KS",2026,0,1270
66209,"Kansas City, KS",2026,1,1390
66209,"Kansas City, KS",2026,2,1580
66209,"Kansas City, KS",2026,3,2060
66209,"Kansas City, KS",2026,4,2450
66210,"Kansas City, KS",2026,0,1400
66210,"Kansas City, KS",2026,1,1530
66210,"Kansas City, KS",2026,2,1730
66210,"Kansas City, KS",2026,3,2250
66210,"Kansas City, KS",2026,4,2680
66211,"Kansas City, KS",2026,0,1350
66211,"Kansas City, KS",2026,1,1470
66211,"Kansas City, KS",2026,2,1670
66211,"Kansas City, KS",2026,3,2180
66211,"Kansas City, KS",2026,4,2590
66212,"Kansas City, KS",2026,0,1300
66212,"Kansas City, KS",2026,1,1420
66212,"Kansas City, KS",2026,2,1610
66212,"Kansas City, KS",2026,3,2100
66212,"Kansas City, KS",2026,4,2490
66213,"Kansas City, KS",2026,0,1560
66213,"Kansas City, KS",2026,1,1710
66213,"Kansas City, KS",2026,2,1940
66213,"Kansas City, KS",2026,3,2530
66213,"Kansas City, KS",2026,4,3000
66214,"Kansas City, KS",2026,0,990
66214,"Kansas City, KS",2026,1,1080
66214,"Kansas City, KS",2026,2,1230
66214,"Kansas City, KS",2026,3,1600
66214,"Kansas City, KS",2026,4,1900
66215,"Kansas City, KS",2026,0,1260
66215,"Kansas City, KS",2026,1,1380
66215,"Kansas City, KS",2026,2,1560
66215,"Kansas City, KS",2026,3,2030
66215,"Kansas City, KS",2026,4,2420
66216,"Kansas City, KS",2026,0,1150
66216,"Kansas City, KS",2026,1,1260
66216,"Kansas City, KS",2026,2,1430
66216,"Kansas City, KS",2026,3,1860
66216,"Kansas City, KS",2026,4,2210
66217,"Kansas City, KS",2026,0,1180
66217,"Kansas City, KS",2026,1,1290
66217,"Kansas City, KS",2026,2,1460
66217,"Kansas City, KS",2026,3,1900
66217,"Kansas City, KS",2026,4,2260
66218,"Kansas City, KS",2026,0,1550
66218,"Kansas City, KS",2026,1,1690
66218,"Kansas City, KS",2026,2,1920
66218,"Kansas City, KS",2026,3,2500
66218,"Kansas City, KS",2026,4,2970
66219,"Kansas City, KS",2026,0,1320
66219,"Kansas City, KS",2026,1,1450
66219,"Kansas City, KS",2026,2,1640
66219,"Kansas City, KS",2026,3,2140
66219,"Kansas City, KS",2026,4,2540
66220,"Kansas City, KS",2026,0,1190
66220,"Kansas City, KS",2026,1,1300
66220,"Kansas City, KS",2026,2,1470
66220,"Kansas City, KS",2026,3,1910
66220,"Kansas City, KS",2026,4,2280
66221,"Kansas City, KS",2026,0,1460
66221,"Kansas City, KS",2026,1,1600
66221,"Kansas City, KS",2026,2,1810
66221,"Kansas City, KS",2026,3,2360
66221,"Kansas City, KS",2026,4,2800
66223,"Kansas City, KS",2026,0,1460
66223,"Kansas City, KS",2026,1,1600
66223,"Kansas City, KS",2026,2,1810
66223,"Kansas City, KS",2026,3,2360
66223,"Kansas City, KS",2026,4,2800
66224,"Kansas City, KS",2026,0,1540
66224,"Kansas City, KS",2026,1,1680
66224,"Kansas City, KS",2026,2,1910
66224,"Kansas City, KS",2026,3,2490
66224,"Kansas City, KS",2026,4,2960
66225,"Kansas City, KS",2026,0,1230
66225,"Kansas City, KS",2026,1,1350
66225,"Kansas City, KS",2026,2,1530
66225,"Kansas City, KS",2026,3,1990
66225,"Kansas City, KS",2026,4,2370
66226,"Kansas City, KS",2026,0,1170
66226,"Kansas City, KS",2026,1,1280
66226,"Kansas City, KS",2026,2,1450
66226,"Kansas City, KS",2026,3,1890
66226,"Kansas City, KS",2026,4,2250
66227,"Kansas City, KS",2026,0,1650
66227,"Kansas City, KS",2026,1,1800
66227,"Kansas City, KS",2026,2,2040
66227,"Kansas City, KS",2026,3,2660
66227,"Kansas City, KS",2026,4,3160
66250,"Kansas City, KS",2026,0,1230
66250,"Kansas City, KS",2026,1,1350
66250,"Kansas City, KS",2026,2,1530
66250,"Kansas City, KS",2026,3,1990
66250,"Kansas City, KS",2026,4,2370
66251,"Kansas City, KS",2026,0,1350
66251,"Kansas City, KS",2026,1,1470
66251,"Kansas City, KS",2026,2,1670
66251,"Kansas City, KS",2026,3,2170
66251,"Kansas City, KS",2026,4,2580
66276,"Kansas City, KS",2026,0,1230
66276,"Kansas City, KS",2026,1,1350
66276,"Kansas City, KS",2026,2,1530
66276,"Kansas City, KS",2026,3,1990
66276,"Kansas City, KS",2026,4,2370
66282,"Kansas City, KS",2026,0,1230
66282,"Kansas City, KS",2026,1,1350
66282,"Kansas City, KS",2026,2,1530
66282,"Kansas City, KS",2026,3,1990
66282,"Kansas City, KS",2026,4,2370
66283,"Kansas City, KS",2026,0,1230
66283,"Kansas City, KS",2026,1,1350
66283,"Kansas City, KS",2026,2,1530
66283,"Kansas City, KS",2026,3,1990
66283,"Kansas City, KS",2026,4,2370
66285,"Kansas City, KS",2026,0,1230
66285,"Kansas City, KS",2026,1,1350
66285,"Kansas City, KS",2026,2,1530
66285,"Kansas City, KS",2026,3,1990
66285,"Kansas City, KS",2026,4,2370
66286,"Kansas City, KS",2026,0,1230
66286,"Kansas City, KS",2026,1,1350
66286,"Kansas City, KS",2026,2,1530
66286,"Kansas City, KS",2026,3,1990
66286,"Kansas City, KS",2026,4,2370
66738,"Kansas City, KS",2026,0,810
66738,"Kansas City, KS",2026,1,900
66738,"Kansas City, KS",2026,2,1030
66738,"Kansas City, KS",2026,3,1350
66738,"Kansas City, KS",2026,4,1570
66754,"Kansas City, KS",2026,0,880
66754,"Kansas City, KS",2026,1,980
66754,"Kansas City, KS",2026,2,1280
66754,"Kansas City, KS",2026,3,1530
66754,"Kansas City, KS",2026,4,1850
66767,"Kansas City, KS",2026,0,810
66767,"Kansas City, KS",2026,1,900
66767,"Kansas City, KS",2026,2,1030
66767,"Kansas City, KS",2026,3,1350
66767,"Kansas City, KS",2026,4,1570
66840,"Wichita, KS",2026,0,640
66840,"Wichita, KS",2026,1,690
66840,"Wichita, KS",2026,2,880
66840,"Wichita, KS",2026,3,1160
66840,"Wichita, KS",2026,4,1340
66842,"Wichita, KS",2026,0,700
66842,"Wichita, KS",2026,1,770
66842,"Wichita, KS",2026,2,990
66842,"Wichita, KS",2026,3,1300
66842,"Wichita, KS",2026,4,1610
66866,"Wichita, KS",2026,0,690
66866,"Wichita, KS",2026,1,740
66866,"Wichita, KS",2026,2,950
66866,"Wichita, KS",2026,3,1250
66866,"Wichita, KS",2026,4,1340
67001,"Wichita, KS",2026,0,800
67001,"Wichita, KS",2026,1,870
67001,"Wichita, KS",2026,2,1130
67001,"Wichita, KS",2026,3,1480
67001,"Wichita, KS",2026,4,1830
67002,"Wichita, KS",2026,0,1170
67002,"Wichita, KS",2026,1,1280
67002,"Wichita, KS",2026,2,1650
67002,"Wichita, KS",2026,3,2170
67002,"Wichita, KS",2026,4,2680
67008,"Wichita, KS",2026,0,700
67008,"Wichita, KS",2026,1,740
67008,"Wichita, KS",2026,2,970
67008,"Wichita, KS",2026,3,1270
67008,"Wichita, KS",2026,4,1510
67010,"Wichita, KS",2026,0,840
67010,"Wichita, KS",2026,1,910
67010,"Wichita, KS",2026,2,1180
67010,"Wichita, KS",2026,3,1550
67010,"Wichita, KS",2026,4,1920
67012,"Wichita, KS",2026,0,650
67012,"Wichita, KS",2026,1,710
67012,"Wichita, KS",2026,2,920
67012,"Wichita, KS",2026,3,1190
67012,"Wichita, KS",2026,4,1470
67016,"Wichita, KS",2026,0,830
67016,"Wichita, KS",2026,1,900
67016,"Wichita, KS",2026,2,1160
67016,"Wichita, KS",2026,3,1520
67016,"Wichita, KS",2026,4,1880
67017,"Wichita, KS",2026,0,950
67017,"Wichita, KS",2026,1,1040
67017,"Wichita, KS",2026,2,1340
67017,"Wichita, KS",2026,3,1760
67017,"Wichita, KS",2026,4,2180
67020,"Wichita, KS",2026,0,660
67020,"Wichita, KS",2026,1,720
67020,"Wichita, KS",2026,2,940
67020,"Wichita, KS",2026,3,1220
67020,"Wichita, KS",2026,4,1490
67025,"Wichita, KS",2026,0,800
67025,"Wichita, KS",2026,1,870
67025,"Wichita, KS",2026,2,1120
67025,"Wichita, KS",2026,3,1480
67025,"Wichita, KS",2026,4,1830
67026,"Wichita, KS",2026,0,880
67026,"Wichita, KS",2026,1,960
67026,"Wichita, KS",2026,2,1240
67026,"Wichita, KS",2026,3,1630
67026,"Wichita, KS",2026,4,2010
67030,"Wichita, KS",2026,0,1080
67030,"Wichita, KS",2026,1,1170
67030,"Wichita, KS",2026,2,1520
67030,"Wichita, KS",2026,3,2000
67030,"Wichita, KS",2026,4,2470
67031,"Wichita, KS",2026,0,790
67031,"Wichita, KS",2026,1,850
67031,"Wichita, KS",2026,2,1120
67031,"Wichita, KS",2026,3,1340
67031,"Wichita, KS",2026,4,1490
67037,"Wichita, KS",2026,0,880
67037,"Wichita, KS",2026,1,950
67037,"Wichita, KS",2026,2,1230
67037,"Wichita, KS",2026,3,1620
67037,"Wichita, KS",2026,4,2000
67039,"Wichita, KS",2026,0,670
67039,"Wichita, KS",2026,1,730
67039,"Wichita, KS",2026,2,940
67039,"Wichita, KS",2026,3,1230
67039,"Wichita, KS",2026,4,1520
67041,"Wichita, KS",2026,0,730
67041,"Wichita, KS",2026,1,800
67041,"Wichita, KS",2026,2,1030
67041,"Wichita, KS",2026,3,1350
67041,"Wichita, KS",2026,4,1670
67042,"Wichita, KS",2026,0,710
67042,"Wichita, KS",2026,1,770
67042,"Wichita, KS",2026,2,1000
67042,"Wichita, KS",2026,3,1310
67042,"Wichita, KS",2026,4,1620
67045,"Wichita, KS",2026,0,640
67045,"Wichita, KS",2026,1,670
67045,"Wichita, KS",2026,2,880
67045,"Wichita, KS",2026,3,1110
67045,"Wichita, KS",2026,4,1350
67050,"Wichita, KS",2026,0,850
67050,"Wichita, KS",2026,1,930
67050,"Wichita, KS",2026,2,1200
67050,"Wichita, KS",2026,3,1580
67050,"Wichita, KS",2026,4,1950
67052,"Wichita, KS",2026,0,1100
67052,"Wichita, KS",2026,1,1200
67052,"Wichita, KS",2026,2,1550
67052,"Wichita, KS",2026,3,2040
67052,"Wichita, KS",2026,4,2520
67055,"Wichita, KS",2026,0,970
67055,"Wichita, KS",2026,1,1050
67055,"Wichita, KS",2026,2,1360
67055,"Wichita, KS",2026,3,1790
67055,"Wichita, KS",2026,4,2210
67056,"Wichita, KS",2026,0,750
67056,"Wichita, KS",2026,1,810
67056,"Wichita, KS",2026,2,1050
67056,"Wichita, KS",2026,3,1380
67056,"Wichita, KS",2026,4,1700
67060,"Wichita, KS",2026,0,780
67060,"Wichita, KS",2026,1,850
67060,"Wichita, KS",2026,2,1100
67060,"Wichita, KS",2026,3,1450
67060,"Wichita, KS",2026,4,1790
67062,"Wichita, KS",2026,0,620
67062,"Wichita, KS",2026,1,680
67062,"Wichita, KS",2026,2,880
67062,"Wichita, KS",2026,3,1150
67062,"Wichita, KS",2026,4,1420
67067,"Wichita, KS",2026,0,1170
67067,"Wichita, KS",2026,1,1280
67067,"Wichita, KS",2026,2,1650
67067,"Wichita, KS",2026,3,2170
67067,"Wichita, KS",2026,4,2680
67072,"Wichita, KS",2026,0,620
67072,"Wichita, KS",2026,1,680
67072,"Wichita, KS",2026,2,880
67072,"Wichita, KS",2026,3,1150
67072,"Wichita, KS",2026,4,1420
67074,"Wichita, KS",2026,0,680
67074,"Wichita, KS",2026,1,740
67074,"Wichita, KS",2026,2,960
67074,"Wichita, KS",2026,3,1260
67074,"Wichita, KS",2026,4,1560
67101,"Wichita, KS",2026,0,990
67101,"Wichita, KS",2026,1,1070
67101,"Wichita, KS",2026,2,1390
67101,"Wichita, KS",2026,3,1830
67101,"Wichita, KS",2026,4,2260
67106,"Wichita, KS",2026,0,730
67106,"Wichita, KS",2026,1,780
67106,"Wichita, KS",2026,2,1020
67106,"Wichita, KS",2026,3,1310
67106,"Wichita, KS",2026,4,1530
67107,"Wichita, KS",2026,0,640
67107,"Wichita, KS",2026,1,670
67107,"Wichita, KS",2026,2,880
67107,"Wichita, KS",2026,3,1120
67107,"Wichita, KS",2026,4,1340
67108,"Wichita, KS",2026,0,710
67108,"Wichita, KS",2026,1,770
67108,"Wichita, KS",2026,2,1000
67108,"Wichita, KS",2026,3,1290
67108,"Wichita, KS",2026,4,1560
67110,"Wichita, KS",2026,0,970
67110,"Wichita, KS",2026,1,1050
67110,"Wichita, KS",2026,2,1360
67110,"Wichita, KS",2026,3,1750
67110,"Wichita, KS",2026,4,2110
67114,"Wichita, KS",2026,0,730
67114,"Wichita, KS",2026,1,800
67114,"Wichita, KS",2026,2,1030
67114,"Wichita, KS",2026,3,1350
67114,"Wichita, KS",2026,4,1670
67117,"Wichita, KS",2026,0,730
67117,"Wichita, KS",2026,1,800
67117,"Wichita, KS",2026,2,1030
67117,"Wichita, KS",2026,3,1350
67117,"Wichita, KS",2026,4,1670
67118,"Wichita, KS",2026,0,670
67118,"Wichita, KS",2026,1,690
67118,"Wichita, KS",2026,2,910
67118,"Wichita, KS",2026,3,1270
67118,"Wichita, KS",2026,4,1530
67120,"Wichita, KS",2026,0,770
67120,"Wichita, KS",2026,1,840
67120,"Wichita, KS",2026,2,1090
67120,"Wichita, KS",2026,3,1380
67120,"Wichita, KS",2026,4,1610
67123,"Wichita, KS",2026,0,630
67123,"Wichita, KS",2026,1,690
67123,"Wichita, KS",2026,2,890
67123,"Wichita, KS",2026,3,1170
67123,"Wichita, KS",2026,4,1450
67131,"Wichita, KS",2026,0,680
67131,"Wichita, KS",2026,1,710
67131,"Wichita, KS",2026,2,940
67131,"Wichita, KS",2026,3,1220
67131,"Wichita, KS",2026,4,1430
67132,"Wichita, KS",2026,0,750
67132,"Wichita, KS",2026,1,810
67132,"Wichita, KS",2026,2,1050
67132,"Wichita, KS",2026,3,1380
67132,"Wichita, KS",2026,4,1700
67133,"Wichita, KS",2026,0,930
67133,"Wichita, KS",2026,1,1000
67133,"Wichita, KS",2026,2,1300
67133,"Wichita, KS",2026,3,1710
67133,"Wichita, KS",2026,4,2110
67135,"Wichita, KS",2026,0,800
67135,"Wichita, KS",2026,1,870
67135,"Wichita, KS",2026,2,1130
67135,"Wichita, KS",2026,3,1480
67135,"Wichita, KS",2026,4,1830
67144,"Wichita, KS",2026,0,800
67144,"Wichita, KS",2026,1,870
67144,"Wichita, KS",2026,2,1130
67144,"Wichita, KS",2026,3,1480
67144,"Wichita, KS",2026,4,1830
67147,"Wichita, KS",2026,0,760
67147,"Wichita, KS",2026,1,830
67147,"Wichita, KS",2026,2,1070
67147,"Wichita, KS",2026,3,1410
67147,"Wichita, KS",2026,4,1740
67149,"Wichita, KS",2026,0,890
67149,"Wichita, KS",2026,1,970
67149,"Wichita, KS",2026,2,1250
67149,"Wichita, KS",2026,3,1610
67149,"Wichita, KS",2026,4,1950
67151,"Wichita, KS",2026,0,920
67151,"Wichita, KS",2026,1,1000
67151,"Wichita, KS",2026,2,1290
67151,"Wichita, KS",2026,3,1700
67151,"Wichita, KS",2026,4,2080
67154,"Wichita, KS",2026,0,780
67154,"Wichita, KS",2026,1,840
67154,"Wichita, KS",2026,2,1090
67154,"Wichita, KS",2026,3,1430
67154,"Wichita, KS",2026,4,1770
67201,"Wichita, KS",2026,0,780
67201,"Wichita, KS",2026,1,850
67201,"Wichita, KS",2026,2,1100
67201,"Wichita, KS",2026,3,1450
67201,"Wichita, KS",2026,4,1790
67202,"Wichita, KS",2026,0,840
67202,"Wichita, KS",2026,1,910
67202,"Wichita, KS",2026,2,1180
67202,"Wichita, KS",2026,3,1550
67202,"Wichita, KS",2026,4,1920
67203,"Wichita, KS",2026,0,780
67203,"Wichita, KS",2026,1,840
67203,"Wichita, KS",2026,2,1090
67203,"Wichita, KS",2026,3,1430
67203,"Wichita, KS",2026,4,1770
67204,"Wichita, KS",2026,0,760
67204,"Wichita, KS",2026,1,830
67204,"Wichita, KS",2026,2,1070
67204,"Wichita, KS",2026,3,1410
67204,"Wichita, KS",2026,4,1740
67205,"Wichita, KS",2026,0,1130
67205,"Wichita, KS",2026,1,1230
67205,"Wichita, KS",2026,2,1590
67205,"Wichita, KS",2026,3,2090
67205,"Wichita, KS",2026,4,2580
67206,"Wichita, KS",2026,0,900
67206,"Wichita, KS",2026,1,970
67206,"Wichita, KS",2026,2,1260
67206,"Wichita, KS",2026,3,1660
67206,"Wichita, KS",2026,4,2050
67207,"Wichita, KS",2026,0,780
67207,"Wichita, KS",2026,1,840
67207,"Wichita, KS",2026,2,1090
67207,"Wichita, KS",2026,3,1430
67207,"Wichita, KS",2026,4,1770
67208,"Wichita, KS",2026,0,880
67208,"Wichita, KS",2026,1,950
67208,"Wichita, KS",2026,2,1230
67208,"Wichita, KS",2026,3,1620
67208,"Wichita, KS",2026,4,2000
67209,"Wichita, KS",2026,0,750
67209,"Wichita, KS",2026,1,820
67209,"Wichita, KS",2026,2,1060
67209,"Wichita, KS",2026,3,1390
67209,"Wichita, KS",2026,4,1720
67210,"Wichita, KS",2026,0,720
67210,"Wichita, KS",2026,1,780
67210,"Wichita, KS",2026,2,1010
67210,"Wichita, KS",2026,3,1330
67210,"Wichita, KS",2026,4,1640
67211,"Wichita, KS",2026,0,750
67211,"Wichita, KS",2026,1,820
67211,"Wichita, KS",2026,2,1060
67211,"Wichita, KS",2026,3,1390
67211,"Wichita, KS",2026,4,1720
67212,"Wichita, KS",2026,0,830
67212,"Wichita, KS",2026,1,900
67212,"Wichita, KS",2026,2,1170
67212,"Wichita, KS",2026,3,1540
67212,"Wichita, KS",2026,4,1900
67213,"Wichita, KS",2026,0,760
67213,"Wichita, KS",2026,1,830
67213,"Wichita, KS",2026,2,1070
67213,"Wichita, KS",2026,3,1410
67213,"Wichita, KS",2026,4,1740
67214,"Wichita, KS",2026,0,620
67214,"Wichita, KS",2026,1,680
67214,"Wichita, KS",2026,2,880
67214,"Wichita, KS",2026,3,1150
67214,"Wichita, KS",2026,4,1420
67215,"Wichita, KS",2026,0,1170
67215,"Wichita, KS",2026,1,1280
67215,"Wichita, KS",2026,2,1650
67215,"Wichita, KS",2026,3,2170
67215,"Wichita, KS",2026,4,2680
67216,"Wichita, KS",2026,0,700
67216,"Wichita, KS",2026,1,770
67216,"Wichita, KS",2026,2,990
67216,"Wichita, KS",2026,3,1300
67216,"Wichita, KS",2026,4,1610
67217,"Wichita, KS",2026,0,800
67217,"Wichita, KS",2026,1,870
67217,"Wichita, KS",2026,2,1130
67217,"Wichita, KS",2026,3,1480
67217,"Wichita, KS",2026,4,1830
67218,"Wichita, KS",2026,0,710
67218,"Wichita, KS",2026,1,770
67218,"Wichita, KS",2026,2,1000
67218,"Wichita, KS",2026,3,1310
67218,"Wichita, KS",2026,4,1620
67219,"Wichita, KS",2026,0,850
67219,"Wichita, KS",2026,1,920
67219,"Wichita, KS",2026,2,1190
67219,"Wichita, KS",2026,3,1560
67219,"Wichita, KS",2026,4,1930
67220,"Wichita, KS",2026,0,770
67220,"Wichita, KS",2026,1,830
67220,"Wichita, KS",2026,2,1080
67220,"Wichita, KS",2026,3,1420
67220,"Wichita, KS",2026,4,1750
67221,"Wichita, KS",2026,0,740
67221,"Wichita, KS",2026,1,800
67221,"Wichita, KS",2026,2,1030
67221,"Wichita, KS",2026,3,1360
67221,"Wichita, KS",2026,4,1680
67223,"Wichita, KS",2026,0,1100
67223,"Wichita, KS",2026,1,1200
67223,"Wichita, KS",2026,2,1550
67223,"Wichita, KS",2026,3,2040
67223,"Wichita, KS",2026,4,2520
67226,"Wichita, KS",2026,0,970
67226,"Wichita, KS",2026,1,1050
67226,"Wichita, KS",2026,2,1360
67226,"Wichita, KS",2026,3,1790
67226,"Wichita, KS",2026,4,2210
67227,"Wichita, KS",2026,0,1080
67227,"Wichita, KS",2026,1,1180
67227,"Wichita, KS",2026,2,1520
67227,"Wichita, KS",2026,3,2000
67227,"Wichita, KS",2026,4,2470
67228,"Wichita, KS",2026,0,990
67228,"Wichita, KS",2026,1,1080
67228,"Wichita, KS",2026,2,1390
67228,"Wichita, KS",2026,3,1830
67228,"Wichita, KS",2026,4,2260
67230,"Wichita, KS",2026,0,1170
67230,"Wichita, KS",2026,1,1280
67230,"Wichita, KS",2026,2,1650
67230,"Wichita, KS",2026,3,2170
67230,"Wichita, KS",2026,4,2680
67232,"Wichita, KS",2026,0,950
67232,"Wichita, KS",2026,1,1030
67232,"Wichita, KS",2026,2,1330
67232,"Wichita, KS",2026,3,1750
67232,"Wichita, KS",2026,4,2160
67235,"Wichita, KS",2026,0,1170
67235,"Wichita, KS",2026,1,1280
67235,"Wichita, KS",2026,2,1650
67235,"Wichita, KS",2026,3,2170
67235,"Wichita, KS",2026,4,2680
67260,"Wichita, KS",2026,0,780
67260,"Wichita, KS",2026,1,840
67260,"Wichita, KS",2026,2,1090
67260,"Wichita, KS",2026,3,1430
67260,"Wichita, KS",2026,4,1770
67275,"Wichita, KS",2026,0,780
67275,"Wichita, KS",2026,1,850
67275,"Wichita, KS",2026,2,1100
67275,"Wichita, KS",2026,3,1450
67275,"Wichita, KS",2026,4,1790
67277,"Wichita, KS",2026,0,780
67277,"Wichita, KS",2026,1,850
67277,"Wichita, KS",2026,2,1100
67277,"Wichita, KS",2026,3,1450
67277,"Wichita, KS",2026,4,1790
67278,"Wichita, KS",2026,0,780
67278,"Wichita, KS",2026,1,850
67278,"Wichita, KS",2026,2,1100
67278,"Wichita, KS",2026,3,1450
67278,"Wichita, KS",2026,4,1790
67522,"Wichita, KS",2026,0,600
67522,"Wichita, KS",2026,1,670
67522,"Wichita, KS",2026,2,880
67522,"Wichita, KS",2026,3,1090
67522,"Wichita, KS",2026,4,1340
67543,"Wichita, KS",2026,0,610
67543,"Wichita, KS",2026,1,680
67543,"Wichita, KS",2026,2,890
67543,"Wichita, KS",2026,3,1090
67543,"Wichita, KS",2026,4,1340
67546,"Wichita, KS",2026,0,710
67546,"Wichita, KS",2026,1,730
67546,"Wichita, KS",2026,2,960
67546,"Wichita, KS",2026,3,1230
67546,"Wichita, KS",2026,4,1420
77369,"Beaumont-Port Arthur, TX",2025,0,850
77369,"Beaumont-Port Arthur, TX",2025,1,890
77369,"Beaumont-Port Arthur, TX",2025,2,1070
77369,"Beaumont-Port Arthur, TX",2025,3,1410
77369,"Beaumont-Port Arthur, TX",2025,4,1770
77374,"Beaumont-Port Arthur, TX",2025,0,860
77374,"Beaumont-Port Arthur, TX",2025,1,870
77374,"Beaumont-Port Arthur, TX",2025,2,1050
77374,"Beaumont-Port Arthur, TX",2025,3,1380
77374,"Beaumont-Port Arthur, TX",2025,4,1580
77376,"Beaumont-Port Arthur, TX",2025,0,820
77376,"Beaumont-Port Arthur, TX",2025,1,840
77376,"Beaumont-Port Arthur, TX",2025,2,1020
77376,"Beaumont-Port Arthur, TX",2025,3,1330
77376,"Beaumont-Port Arthur, TX",2025,4,1570
77519,"Beaumont-Port Arthur, TX",2025,0,860
77519,"Beaumont-Port Arthur, TX",2025,1,870
77519,"Beaumont-Port Arthur, TX",2025,2,1050
77519,"Beaumont-Port Arthur, TX",2025,3,1380
77519,"Beaumont-Port Arthur, TX",2025,4,1580
77564,"Beaumont-Port Arthur, TX",2025,0,880
77564,"Beaumont-Port Arthur, TX",2025,1,910
77564,"Beaumont-Port Arthur, TX",2025,2,1090
77564,"Beaumont-Port Arthur, TX",2025,3,1460
77564,"Beaumont-Port Arthur, TX",2025,4,1820
77585,"Beaumont-Port Arthur, TX",2025,0,860
77585,"Beaumont-Port Arthur, TX",2025,1,870
77585,"Beaumont-Port Arthur, TX",2025,2,1050
77585,"Beaumont-Port Arthur, TX",2025,3,1380
77585,"Beaumont-Port Arthur, TX",2025,4,1580
77611,"Beaumont-Port Arthur, TX",2025,0,880
77611,"Beaumont-Port Arthur, TX",2025,1,880
77611,"Beaumont-Port Arthur, TX",2025,2,1070
77611,"Beaumont-Port Arthur, TX",2025,3,1400
77611,"Beaumont-Port Arthur, TX",2025,4,1610
77613,"Beaumont-Port Arthur, TX",2025,0,810
77613,"Beaumont-Port Arthur, TX",2025,1,840
77613,"Beaumont-Port Arthur, TX",2025,2,1020
77613,"Beaumont-Port Arthur, TX",2025,3,1330
77613,"Beaumont-Port Arthur, TX",2025,4,1480
77619,"Beaumont-Port Arthur, TX",2025,0,1050
77619,"Beaumont-Port Arthur, TX",2025,1,1060
77619,"Beaumont-Port Arthur, TX",2025,2,1280
77619,"Beaumont-Port Arthur, TX",2025,3,1680
77619,"Beaumont-Port Arthur, TX",2025,4,1930
77622,"Beaumont-Port Arthur, TX",2025,0,1020
77622,"Beaumont-Port Arthur, TX",2025,1,1070
77622,"Beaumont-Port Arthur, TX",2025,2,1290
77622,"Beaumont-Port Arthur, TX",2025,3,1690
77622,"Beaumont-Port Arthur, TX",2025,4,1800
77625,"Beaumont-Port Arthur, TX",2025,0,830
77625,"Beaumont-Port Arthur, TX",2025,1,840
77625,"Beaumont-Port Arthur, TX",2025,2,1020
77625,"Beaumont-Port Arthur, TX",2025,3,1330
77625,"Beaumont-Port Arthur, TX",2025,4,1520
77627,"Beaumont-Port Arthur, TX",2025,0,1080
77627,"Beaumont-Port Arthur, TX",2025,1,1080
77627,"Beaumont-Port Arthur, TX",2025,2,1310
77627,"Beaumont-Port Arthur, TX",2025,3,1720
77627,"Beaumont-Port Arthur, TX",2025,4,1970
77629,"Beaumont-Port Arthur, TX",2025,0,820
77629,"Beaumont-Port Arthur, TX",2025,1,830
77629,"Beaumont-Port Arthur, TX",2025,2,1000
77629,"Beaumont-Port Arthur, TX",2025,3,1320
77629,"Beaumont-Port Arthur, TX",2025,4,1550
77630,"Beaumont-Port Arthur, TX",2025,0,900
77630,"Beaumont-Port Arthur, TX",2025,1,910
77630,"Beaumont-Port Arthur, TX",2025,2,1100
77630,"Beaumont-Port Arthur, TX",2025,3,1440
77630,"Beaumont-Port Arthur, TX",2025,4,1660
77631,"Beaumont-Port Arthur, TX",2025,0,870
77631,"Beaumont-Port Arthur, TX",2025,1,880
77631,"Beaumont-Port Arthur, TX",2025,2,1060
77631,"Beaumont-Port Arthur, TX",2025,3,1390
77631,"Beaumont-Port Arthur, TX",2025,4,1600
77632,"Beaumont-Port Arthur, TX",2025,0,900
77632,"Beaumont-Port Arthur, TX",2025,1,910
77632,"Beaumont-Port Arthur, TX",2025,2,1100
77632,"Beaumont-Port Arthur, TX",2025,3,1450
77632,"Beaumont-Port Arthur, TX",2025,4,1660
77639,"Beaumont-Port Arthur, TX",2025,0,870
77639,"Beaumont-Port Arthur, TX",2025,1,880
77639,"Beaumont-Port Arthur, TX",2025,2,1060
77639,"Beaumont-Port Arthur, TX",2025,3,1390
77639,"Beaumont-Port Arthur, TX",2025,4,1600
77640,"Beaumont-Port Arthur, TX",2025,0,990
77640,"Beaumont-Port Arthur, TX",2025,1,1000
77640,"Beaumont-Port Arthur, TX",2025,2,1210
77640,"Beaumont-Port Arthur, TX",2025,3,1590
77640,"Beaumont-Port Arthur, TX",2025,4,1820
77641,"Beaumont-Port Arthur, TX",2025,0,930
77641,"Beaumont-Port Arthur, TX",2025,1,930
77641,"Beaumont-Port Arthur, TX",2025,2,1130
77641,"Beaumont-Port Arthur, TX",2025,3,1480
77641,"Beaumont-Port Arthur, TX",2025,4,1700
77642,"Beaumont-Port Arthur, TX",2025,0,880
77642,"Beaumont-Port Arthur, TX",2025,1,880
77642,"Beaumont-Port Arthur, TX",2025,2,1070
77642,"Beaumont-Port Arthur, TX",2025,3,1400
77642,"Beaumont-Port Arthur, TX",2025,4,1610
77643,"Beaumont-Port Arthur, TX",2025,0,930
77643,"Beaumont-Port Arthur, TX",2025,1,930
77643,"Beaumont-Port Arthur, TX",2025,2,1130
77643,"Beaumont-Port Arthur, TX",2025,3,1480
77643,"Beaumont-Port Arthur, TX",2025,4,1700
77651,"Beaumont-Port Arthur, TX",2025,0,980
77651,"Beaumont-Port Arthur, TX",2025,1,980
77651,"Beaumont-Port Arthur, TX",2025,2,1190
77651,"Beaumont-Port Arthur, TX",2025,3,1560
77651,"Beaumont-Port Arthur, TX",2025,4,1790
77655,"Beaumont-Port Arthur, TX",2025,0,990
77655,"Beaumont-Port Arthur, TX",2025,1,1000
77655,"Beaumont-Port Arthur, TX",2025,2,1210
77655,"Beaumont-Port Arthur, TX",2025,3,1590
77655,"Beaumont-Port Arthur, TX",2025,4,1820
77656,"Beaumont-Port Arthur, TX",2025,0,850
77656,"Beaumont-Port Arthur, TX",2025,1,860
77656,"Beaumont-Port Arthur, TX",2025,2,1040
77656,"Beaumont-Port Arthur, TX",2025,3,1360
77656,"Beaumont-Port Arthur, TX",2025,4,1570
77657,"Beaumont-Port Arthur, TX",2025,0,870
77657,"Beaumont-Port Arthur, TX",2025,1,880
77657,"Beaumont-Port Arthur, TX",2025,2,1060
77657,"Beaumont-Port Arthur, TX",2025,3,1390
77657,"Beaumont-Port Arthur, TX",2025,4,1600
77659,"Beaumont-Port Arthur, TX",2025,0,1000
77659,"Beaumont-Port Arthur, TX",2025,1,1010
77659,"Beaumont-Port Arthur, TX",2025,2,1220
77659,"Beaumont-Port Arthur, TX",2025,3,1600
77659,"Beaumont-Port Arthur, TX",2025,4,1840
77662,"Beaumont-Port Arthur, TX",2025,0,810
77662,"Beaumont-Port Arthur, TX",2025,1,840
77662,"Beaumont-Port Arthur, TX",2025,2,1020
77662,"Beaumont-Port Arthur, TX",2025,3,1330
77662,"Beaumont-Port Arthur, TX",2025,4,1420
77663,"Beaumont-Port Arthur, TX",2025,0,810
77663,"Beaumont-Port Arthur, TX",2025,1,840
77663,"Beaumont-Port Arthur, TX",2025,2,1020
77663,"Beaumont-Port Arthur, TX",2025,3,1330
77663,"Beaumont-Port Arthur, TX",2025,4,1460
77664,"Beaumont-Port Arthur, TX",2025,0,810
77664,"Beaumont-Port Arthur, TX",2025,1,840
77664,"Beaumont-Port Arthur, TX",2025,2,1020
77664,"Beaumont-Port Arthur, TX",2025,3,1330
77664,"Beaumont-Port Arthur, TX",2025,4,1420
77665,"Beaumont-Port Arthur, TX",2025,0,800
77665,"Beaumont-Port Arthur, TX",2025,1,830
77665,"Beaumont-Port Arthur, TX",2025,2,1000
77665,"Beaumont-Port Arthur, TX",2025,3,1320
77665,"Beaumont-Port Arthur, TX",2025,4,1640
77670,"Beaumont-Port Arthur, TX",2025,0,870
77670,"Beaumont-Port Arthur, TX",2025,1,880
77670,"Beaumont-Port Arthur, TX",2025,2,1060
77670,"Beaumont-Port Arthur, TX",2025,3,1390
77670,"Beaumont-Port Arthur, TX",2025,4,1600
77701,"Beaumont-Port Arthur, TX",2025,0,820
77701,"Beaumont-Port Arthur, TX",2025,1,840
77701,"Beaumont-Port Arthur, TX",2025,2,1020
77701,"Beaumont-Port Arthur, TX",2025,3,1330
77701,"Beaumont-Port Arthur, TX",2025,4,1510
77702,"Beaumont-Port Arthur, TX",2025,0,920
77702,"Beaumont-Port Arthur, TX",2025,1,930
77702,"Beaumont-Port Arthur, TX",2025,2,1120
77702,"Beaumont-Port Arthur, TX",2025,3,1470
77702,"Beaumont-Port Arthur, TX",2025,4,1690
77703,"Beaumont-Port Arthur, TX",2025,0,810
77703,"Beaumont-Port Arthur, TX",2025,1,840
77703,"Beaumont-Port Arthur, TX",2025,2,1020
77703,"Beaumont-Port Arthur, TX",2025,3,1330
77703,"Beaumont-Port Arthur, TX",2025,4,1480
77704,"Beaumont-Port Arthur, TX",2025,0,930
77704,"Beaumont-Port Arthur, TX",2025,1,930
77704,"Beaumont-Port Arthur, TX",2025,2,1130
77704,"Beaumont-Port Arthur, TX",2025,3,1480
77704,"Beaumont-Port Arthur, TX",2025,4,1700
77705,"Beaumont-Port Arthur, TX",2025,0,810
77705,"Beaumont-Port Arthur, TX",2025,1,840
77705,"Beaumont-Port Arthur, TX",2025,2,1020
77705,"Beaumont-Port Arthur, TX",2025,3,1330
77705,"Beaumont-Port Arthur, TX",2025,4,1420
77706,"Beaumont-Port Arthur, TX",2025,0,990
77706,"Beaumont-Port Arthur, TX",2025,1,1000
77706,"Beaumont-Port Arthur, TX",2025,2,1210
77706,"Beaumont-Port Arthur, TX",2025,3,1590
77706,"Beaumont-Port Arthur, TX",2025,4,1820
77707,"Beaumont-Port Arthur, TX",2025,0,1010
77707,"Beaumont-Port Arthur, TX",2025,1,1020
77707,"Beaumont-Port Arthur, TX",2025,2,1230
77707,"Beaumont-Port Arthur, TX",2025,3,1610
77707,"Beaumont-Port Arthur, TX",2025,4,1850
77708,"Beaumont-Port Arthur, TX",2025,0,920
77708,"Beaumont-Port Arthur, TX",2025,1,930
77708,"Beaumont-Port Arthur, TX",2025,2,1120
77708,"Beaumont-Port Arthur, TX",2025,3,1470
77708,"Beaumont-Port Arthur, TX",2025,4,1690
77713,"Beaumont-Port Arthur, TX",2025,0,1180
77713,"Beaumont-Port Arthur, TX",2025,1,1180
77713,"Beaumont-Port Arthur, TX",2025,2,1430
77713,"Beaumont-Port Arthur, TX",2025,3,1880
77713,"Beaumont-Port Arthur, TX",2025,4,2150
77720,"Beaumont-Port Arthur, TX",2025,0,930
77720,"Beaumont-Port Arthur, TX",2025,1,930
77720,"Beaumont-Port Arthur, TX",2025,2,1130
77720,"Beaumont-Port Arthur, TX",2025,3,1480
77720,"Beaumont-Port Arthur, TX",2025,4,1700
77725,"Beaumont-Port Arthur, TX",2025,0,930
77725,"Beaumont-Port Arthur, TX",2025,1,930
77725,"Beaumont-Port Arthur, TX",2025,2,1130
77725,"Beaumont-Port Arthur, TX",2025,3,1480
77725,"Beaumont-Port Arthur, TX",2025,4,1700
77726,"Beaumont-Port Arthur, TX",2025,0,930
77726,"Beaumont-Port Arthur, TX",2025,1,930
77726,"Beaumont-Port Arthur, TX",2025,2,1130
77726,"Beaumont-Port Arthur, TX",2025,3,1480
77726,"Beaumont-Port Arthur, TX",2025,4,1700
75001,"Dallas, TX",2025,0,2010
75001,"Dallas, TX",2025,1,2110
75001,"Dallas, TX",2025,2,2470
75001,"Dallas, TX",2025,3,3100
75001,"Dallas, TX",2025,4,3980
75002,"Dallas, TX",2025,0,1980
75002,"Dallas, TX",2025,1,2080
75002,"Dallas, TX",2025,2,2440
75002,"Dallas, TX",2025,3,3060
75002,"Dallas, TX",2025,4,3930
75006,"Dallas, TX",2025,0,1580
75006,"Dallas, TX",2025,1,1660
75006,"Dallas, TX",2025,2,1950
75006,"Dallas, TX",2025,3,2440
75006,"Dallas, TX",2025,4,3140
75007,"Dallas, TX",2025,0,1580
75007,"Dallas, TX",2025,1,1650
75007,"Dallas, TX",2025,2,1940
75007,"Dallas, TX",2025,3,2430
75007,"Dallas, TX",2025,4,3120
75009,"Dallas, TX",2025,0,1900
75009,"Dallas, TX",2025,1,1990
75009,"Dallas, TX",2025,2,2340
75009,"Dallas, TX",2025,3,2930
75009,"Dallas, TX",2025,4,3770
75010,"Dallas, TX",2025,0,1750
75010,"Dallas, TX",2025,1,1830
75010,"Dallas, TX",2025,2,2150
75010,"Dallas, TX",2025,3,2690
75010,"Dallas, TX",2025,4,3460
75011,"Dallas, TX",2025,0,1510
75011,"Dallas, TX",2025,1,1590
75011,"Dallas, TX",2025,2,1860
75011,"Dallas, TX",2025,3,2330
75011,"Dallas, TX",2025,4,2990
75013,"Dallas, TX",2025,0,1790
75013,"Dallas, TX",2025,1,1880
75013,"Dallas, TX",2025,2,2200
75013,"Dallas, TX",2025,3,2760
75013,"Dallas, TX",2025,4,3540
75014,"Dallas, TX",2025,0,1460
75014,"Dallas, TX",2025,1,1530
75014,"Dallas, TX",2025,2,1800
75014,"Dallas, TX",2025,3,2260
75014,"Dallas, TX",2025,4,2900
75015,"Dallas, TX",2025,0,1460
75015,"Dallas, TX",2025,1,1530
75015,"Dallas, TX",2025,2,1800
75015,"Dallas, TX",2025,3,2260
75015,"Dallas, TX",2025,4,2900
75016,"Dallas, TX",2025,0,1460
75016,"Dallas, TX",2025,1,1530
75016,"Dallas, TX",2025,2,1800
75016,"Dallas, TX",2025,3,2260
75016,"Dallas, TX",2025,4,2900
75017,"Dallas, TX",2025,0,1460
75017,"Dallas, TX",2025,1,1530
75017,"Dallas, TX",2025,2,1800
75017,"Dallas, TX",2025,3,2260
75017,"Dallas, TX",2025,4,2900
75019,"Dallas, TX",2025,0,1820
75019,"Dallas, TX",2025,1,1910
75019,"Dallas, TX",2025,2,2240
75019,"Dallas, TX",2025,3,2810
75019,"Dallas, TX",2025,4,3610
75023,"Dallas, TX",2025,0,1730
75023,"Dallas, TX",2025,1,1820
75023,"Dallas, TX",2025,2,2130
75023,"Dallas, TX",2025,3,2670
75023,"Dallas, TX",2025,4,3430
75024,"Dallas, TX",2025,0,2060
75024,"Dallas, TX",2025,1,2160
75024,"Dallas, TX",2025,2,2530
75024,"Dallas, TX",2025,3,3170
75024,"Dallas, TX",2025,4,4070
75025,"Dallas, TX",2025,0,1960
75025,"Dallas, TX",2025,1,2050
75025,"Dallas, TX",2025,2,2410
75025,"Dallas, TX",2025,3,3020
75025,"Dallas, TX",2025,4,3880
75026,"Dallas, TX",2025,0,1790
75026,"Dallas, TX",2025,1,1880
75026,"Dallas, TX",2025,2,2200
75026,"Dallas, TX",2025,3,2760
75026,"Dallas, TX",2025,4,3540
75027,"Dallas, TX",2025,0,1590
75027,"Dallas, TX",2025,1,1670
75027,"Dallas, TX",2025,2,1960
75027,"Dallas, TX",2025,3,2460
75027,"Dallas, TX",2025,4,3150
75029,"Dallas, TX",2025,0,1590
75029,"Dallas, TX",2025,1,1670
75029,"Dallas, TX",2025,2,1960
75029,"Dallas, TX",2025,3,2460
75029,"Dallas, TX",2025,4,3150
75030,"Dallas, TX",2025,0,1460
75030,"Dallas, TX",2025,1,1530
75030,"Dallas, TX",2025,2,1800
75030,"Dallas, TX",2025,3,2260
75030,"Dallas, TX",2025,4,2900
75032,"Dallas, TX",2025,0,1840
75032,"Dallas, TX",2025,1,1930
75032,"Dallas, TX",2025,2,2270
75032,"Dallas, TX",2025,3,2840
75032,"Dallas, TX",2025,4,3650
75033,"Dallas, TX",2025,0,2030
75033,"Dallas, TX",2025,1,2130
75033,"Dallas, TX",2025,2,2500
75033,"Dallas, TX",2025,3,3130
75033,"Dallas, TX",2025,4,4020
75034,"Dallas, TX",2025,0,1970
75034,"Dallas, TX",2025,1,2070
75034,"Dallas, TX",2025,2,2430
75034,"Dallas, TX",2025,3,3050
75034,"Dallas, TX",2025,4,3910
75035,"Dallas, TX",2025,0,2270
75035,"Dallas, TX",2025,1,2390
75035,"Dallas, TX",2025,2,2800
75035,"Dallas, TX",2025,3,3510
75035,"Dallas, TX",2025,4,4510
75036,"Dallas, TX",2025,0,2230
75036,"Dallas, TX",2025,1,2340
75036,"Dallas, TX",2025,2,2740
75036,"Dallas, TX",2025,3,3430
75036,"Dallas, TX",2025,4,4410
75038,"Dallas, TX",2025,0,1620
75038,"Dallas, TX",2025,1,1700
75038,"Dallas, TX",2025,2,2000
75038,"Dallas, TX",2025,3,2510
75038,"Dallas, TX",2025,4,3220
75039,"Dallas, TX",2025,0,2160
75039,"Dallas, TX",2025,1,2270
75039,"Dallas, TX",2025,2,2660
75039,"Dallas, TX",2025,3,3330
75039,"Dallas, TX",2025,4,4280
75040,"Dallas, TX",2025,0,1510
75040,"Dallas, TX",2025,1,1590
75040,"Dallas, TX",2025,2,1860
75040,"Dallas, TX",2025,3,2330
75040,"Dallas, TX",2025,4,2990
75041,"Dallas, TX",2025,0,1330
75041,"Dallas, TX",2025,1,1400
75041,"Dallas, TX",2025,2,1640
75041,"Dallas, TX",2025,3,2060
75041,"Dallas, TX",2025,4,2640
75042,"Dallas, TX",2025,0,1290
75042,"Dallas, TX",2025,1,1360
75042,"Dallas, TX",2025,2,1590
75042,"Dallas, TX",2025,3,1990
75042,"Dallas, TX",2025,4,2560
75043,"Dallas, TX",2025,0,1470
75043,"Dallas, TX",2025,1,1540
75043,"Dallas, TX",2025,2,1810
75043,"Dallas, TX",2025,3,2270
75043,"Dallas, TX",2025,4,2910
75044,"Dallas, TX",2025,0,1690
75044,"Dallas, TX",2025,1,1770
75044,"Dallas, TX",2025,2,2080
75044,"Dallas, TX",2025,3,2610
75044,"Dallas, TX",2025,4,3350
75045,"Dallas, TX",2025,0,1460
75045,"Dallas, TX",2025,1,1530
75045,"Dallas, TX",2025,2,1800
75045,"Dallas, TX",2025,3,2260
75045,"Dallas, TX",2025,4,2900
75046,"Dallas, TX",2025,0,1460
75046,"Dallas, TX",2025,1,1530
75046,"Dallas, TX",2025,2,1800
75046,"Dallas, TX",2025,3,2260
75046,"Dallas, TX",2025,4,2900
75047,"Dallas, TX",2025,0,1460
75047,"Dallas, TX",2025,1,1530
75047,"Dallas, TX",2025,2,1800
75047,"Dallas, TX",2025,3,2260
75047,"Dallas, TX",2025,4,2900
75048,"Dallas, TX",2025,0,1880
75048,"Dallas, TX",2025,1,1970
75048,"Dallas, TX",2025,2,2310
75048,"Dallas, TX",2025,3,2890
75048,"Dallas, TX",2025,4,3720
75049,"Dallas, TX",2025,0,1460
75049,"Dallas, TX",2025,1,1530
75049,"Dallas, TX",2025,2,1800
75049,"Dallas, TX",2025,3,2260
75049,"Dallas, TX",2025,4,2900
75056,"Dallas, TX",2025,0,1730
75056,"Dallas, TX",2025,1,1820
75056,"Dallas, TX",2025,2,2130
75056,"Dallas, TX",2025,3,2670
75056,"Dallas, TX",2025,4,3430
75057,"Dallas, TX",2025,0,1600
75057,"Dallas, TX",2025,1,1680
75057,"Dallas, TX",2025,2,1970
75057,"Dallas, TX",2025,3,2470
75057,"Dallas, TX",2025,4,3170
75058,"Dallas, TX",2025,0,1420
75058,"Dallas, TX",2025,1,1490
75058,"Dallas, TX",2025,2,1790
75058,"Dallas, TX",2025,3,2500
75058,"Dallas, TX",2025,4,3010
75060,"Dallas, TX",2025,0,1390
75060,"Dallas, TX",2025,1,1460
75060,"Dallas, TX",2025,2,1710
75060,"Dallas, TX",2025,3,2140
75060,"Dallas, TX",2025,4,2750
75061,"Dallas, TX",2025,0,1360
75061,"Dallas, TX",2025,1,1420
75061,"Dallas, TX",2025,2,1670
75061,"Dallas, TX",2025,3,2090
75061,"Dallas, TX",2025,4,2690
75062,"Dallas, TX",2025,0,1420
75062,"Dallas, TX",2025,1,1490
75062,"Dallas, TX",2025,2,1750
75062,"Dallas, TX",2025,3,2190
75062,"Dallas, TX",2025,4,2820
75063,"Dallas, TX",2025,0,1840
75063,"Dallas, TX",2025,1,1930
75063,"Dallas, TX",2025,2,2270
75063,"Dallas, TX",2025,3,2840
75063,"Dallas, TX",2025,4,3650
75065,"Dallas, TX",2025,0,1610
75065,"Dallas, TX",2025,1,1690
75065,"Dallas, TX",2025,2,1980
75065,"Dallas, TX",2025,3,2480
75065,"Dallas, TX",2025,4,3190
75067,"Dallas, TX",2025,0,1630
75067,"Dallas, TX",2025,1,1710
75067,"Dallas, TX",2025,2,2010
75067,"Dallas, TX",2025,3,2520
75067,"Dallas, TX",2025,4,3240
75068,"Dallas, TX",2025,0,2140
75068,"Dallas, TX",2025,1,2240
75068,"Dallas, TX",2025,2,2630
75068,"Dallas, TX",2025,3,3300
75068,"Dallas, TX",2025,4,4230
75069,"Dallas, TX",2025,0,1530
75069,"Dallas, TX",2025,1,1600
75069,"Dallas, TX",2025,2,1880
75069,"Dallas, TX",2025,3,2360
75069,"Dallas, TX",2025,4,3030
75070,"Dallas, TX",2025,0,1770
75070,"Dallas, TX",2025,1,1860
75070,"Dallas, TX",2025,2,2180
75070,"Dallas, TX",2025,3,2730
75070,"Dallas, TX",2025,4,3510
75071,"Dallas, TX",2025,0,2100
75071,"Dallas, TX",2025,1,2200
75071,"Dallas, TX",2025,2,2580
75071,"Dallas, TX",2025,3,3230
75071,"Dallas, TX",2025,4,4150
75072,"Dallas, TX",2025,0,2300
75072,"Dallas, TX",2025,1,2410
75072,"Dallas, TX",2025,2,2830
75072,"Dallas, TX",2025,3,3550
75072,"Dallas, TX",2025,4,4560
75074,"Dallas, TX",2025,0,1700
75074,"Dallas, TX",2025,1,1780
75074,"Dallas, TX",2025,2,2090
75074,"Dallas, TX",2025,3,2620
75074,"Dallas, TX",2025,4,3360
75075,"Dallas, TX",2025,0,1660
75075,"Dallas, TX",2025,1,1740
75075,"Dallas, TX",2025,2,2040
75075,"Dallas, TX",2025,3,2560
75075,"Dallas, TX",2025,4,3280
75077,"Dallas, TX",2025,0,1800
75077,"Dallas, TX",2025,1,1880
75077,"Dallas, TX",2025,2,2210
75077,"Dallas, TX",2025,3,2770
75077,"Dallas, TX",2025,4,3560
75078,"Dallas, TX",2025,0,2170
75078,"Dallas, TX",2025,1,2280
75078,"Dallas, TX",2025,2,2670
75078,"Dallas, TX",2025,3,3350
75078,"Dallas, TX",2025,4,4300
75080,"Dallas, TX",2025,0,1630
75080,"Dallas, TX",2025,1,1710
75080,"Dallas, TX",2025,2,2010
75080,"Dallas, TX",2025,3,2520
75080,"Dallas, TX",2025,4,3240
75081,"Dallas, TX",2025,0,1710
75081,"Dallas, TX",2025,1,1800
75081,"Dallas, TX",2025,2,2110
75081,"Dallas, TX",2025,3,2640
75081,"Dallas, TX",2025,4,3400
75082,"Dallas, TX",2025,0,2010
75082,"Dallas, TX",2025,1,2110
75082,"Dallas, TX",2025,2,2480
75082,"Dallas, TX",2025,3,3110
75082,"Dallas, TX",2025,4,3990
75083,"Dallas, TX",2025,0,1460
75083,"Dallas, TX",2025,1,1530
75083,"Dallas, TX",2025,2,1800
75083,"Dallas, TX",2025,3,2260
75083,"Dallas, TX",2025,4,2900
75085,"Dallas, TX",2025,0,1460
75085,"Dallas, TX",2025,1,1530
75085,"Dallas, TX",2025,2,1800
75085,"Dallas, TX",2025,3,2260
75085,"Dallas, TX",2025,4,2900
75086,"Dallas, TX",2025,0,1790
75086,"Dallas, TX",2025,1,1880
75086,"Dallas, TX",2025,2,2200
75086,"Dallas, TX",2025,3,2760
75086,"Dallas, TX",2025,4,3540
75087,"Dallas, TX",2025,0,1660
75087,"Dallas, TX",2025,1,1740
75087,"Dallas, TX",2025,2,2040
75087,"Dallas, TX",2025,3,2560
75087,"Dallas, TX",2025,4,3280
75088,"Dallas, TX",2025,0,2020
75088,"Dallas, TX",2025,1,2120
75088,"Dallas, TX",2025,2,2490
75088,"Dallas, TX",2025,3,3120
75088,"Dallas, TX",2025,4,4010
75089,"Dallas, TX",2025,0,1940
75089,"Dallas, TX",2025,1,2040
75089,"Dallas, TX",2025,2,2390
75089,"Dallas, TX",2025,3,2990
75089,"Dallas, TX",2025,4,3850
75093,"Dallas, TX",2025,0,1980
75093,"Dallas, TX",2025,1,2080
75093,"Dallas, TX",2025,2,2440
75093,"Dallas, TX",2025,3,3060
75093,"Dallas, TX",2025,4,3930
75094,"Dallas, TX",2025,0,2300
75094,"Dallas, TX",2025,1,2410
75094,"Dallas, TX",2025,2,2830
75094,"Dallas, TX",2025,3,3550
75094,"Dallas, TX",2025,4,4560
75097,"Dallas, TX",2025,0,1790
75097,"Dallas, TX",2025,1,1880
75097,"Dallas, TX",2025,2,2200
75097,"Dallas, TX",2025,3,2760
75097,"Dallas, TX",2025,4,3540
75098,"Dallas, TX",2025,0,2000
75098,"Dallas, TX",2025,1,2100
75098,"Dallas, TX",2025,2,2460
75098,"Dallas, TX",2025,3,3080
75098,"Dallas, TX",2025,4,3960
75099,"Dallas, TX",2025,0,1460
75099,"Dallas, TX",2025,1,1530
75099,"Dallas, TX",2025,2,1800
75099,"Dallas, TX",2025,3,2260
75099,"Dallas, TX",2025,4,2900
75101,"Dallas, TX",2025,0,1190
75101,"Dallas, TX",2025,1,1250
75101,"Dallas, TX",2025,2,1470
75101,"Dallas, TX",2025,3,1840
75101,"Dallas, TX",2025,4,2370
75104,"Dallas, TX",2025,0,1850
75104,"Dallas, TX",2025,1,1940
75104,"Dallas, TX",2025,2,2280
75104,"Dallas, TX",2025,3,2860
75104,"Dallas, TX",2025,4,3670
75106,"Dallas, TX",2025,0,1460
75106,"Dallas, TX",2025,1,1530
75106,"Dallas, TX",2025,2,1800
75106,"Dallas, TX",2025,3,2260
75106,"Dallas, TX",2025,4,2900
75114,"Dallas, TX",2025,0,1320
75114,"Dallas, TX",2025,1,1380
75114,"Dallas, TX",2025,2,1620
75114,"Dallas, TX",2025,3,2030
75114,"Dallas, TX",2025,4,2610
75115,"Dallas, TX",2025,0,1540
75115,"Dallas, TX",2025,1,1610
75115,"Dallas, TX",2025,2,1890
75115,"Dallas, TX",2025,3,2370
75115,"Dallas, TX",2025,4,3040
75116,"Dallas, TX",2025,0,1460
75116,"Dallas, TX",2025,1,1530
75116,"Dallas, TX",2025,2,1800
75116,"Dallas, TX",2025,3,2260
75116,"Dallas, TX",2025,4,2900
75118,"Dallas, TX",2025,0,1360
75118,"Dallas, TX",2025,1,1430
75118,"Dallas, TX",2025,2,1680
75118,"Dallas, TX",2025,3,2110
75118,"Dallas, TX",2025,4,2700
75119,"Dallas, TX",2025,0,1230
75119,"Dallas, TX",2025,1,1290
75119,"Dallas, TX",2025,2,1520
75119,"Dallas, TX",2025,3,1900
75119,"Dallas, TX",2025,4,2440
75123,"Dallas, TX",2025,0,1460
75123,"Dallas, TX",2025,1,1530
75123,"Dallas, TX",2025,2,1800
75123,"Dallas, TX",2025,3,2260
75123,"Dallas, TX",2025,4,2900
75125,"Dallas, TX",2025,0,1250
75125,"Dallas, TX",2025,1,1310
75125,"Dallas, TX",2025,2,1540
75125,"Dallas, TX",2025,3,1930
75125,"Dallas, TX",2025,4,2480
75126,"Dallas, TX",2025,0,1970
75126,"Dallas, TX",2025,1,2070
75126,"Dallas, TX",2025,2,2430
75126,"Dallas, TX",2025,3,3050
75126,"Dallas, TX",2025,4,3910
75132,"Dallas, TX",2025,0,1840
75132,"Dallas, TX",2025,1,1930
75132,"Dallas, TX",2025,2,2270
75132,"Dallas, TX",2025,3,2840
75132,"Dallas, TX",2025,4,3650
75134,"Dallas, TX",2025,0,1530
75134,"Dallas, TX",2025,1,1600
75134,"Dallas, TX",2025,2,1880
75134,"Dallas, TX",2025,3,2360
75134,"Dallas, TX",2025,4,3030
75135,"Dallas, TX",2025,0,1410
75135,"Dallas, TX",2025,1,1480
75135,"Dallas, TX",2025,2,1740
75135,"Dallas, TX",2025,3,2180
75135,"Dallas, TX",2025,4,2800
75137,"Dallas, TX",2025,0,1760
75137,"Dallas, TX",2025,1,1850
75137,"Dallas, TX",2025,2,2170
75137,"Dallas, TX",2025,3,2720
75137,"Dallas, TX",2025,4,3490
75138,"Dallas, TX",2025,0,1460
75138,"Dallas, TX",2025,1,1530
75138,"Dallas, TX",2025,2,1800
75138,"Dallas, TX",2025,3,2260
75138,"Dallas, TX",2025,4,2900
75141,"Dallas, TX",2025,0,1540
75141,"Dallas, TX",2025,1,1610
75141,"Dallas, TX",2025,2,1890
75141,"Dallas, TX",2025,3,2370
75141,"Dallas, TX",2025,4,3040
75142,"Dallas, TX",2025,0,1250
75142,"Dallas, TX",2025,1,1310
75142,"Dallas, TX",2025,2,1540
75142,"Dallas, TX",2025,3,1930
75142,"Dallas, TX",2025,4,2480
75143,"Dallas, TX",2025,0,970
75143,"Dallas, TX",2025,1,1050
75143,"Dallas, TX",2025,2,1260
75143,"Dallas, TX",2025,3,1620
75143,"Dallas, TX",2025,4,1940
75146,"Dallas, TX",2025,0,1580
75146,"Dallas, TX",2025,1,1650
75146,"Dallas, TX",2025,2,1940
75146,"Dallas, TX",2025,3,2430
75146,"Dallas, TX",2025,4,3120
75147,"Dallas, TX",2025,0,870
75147,"Dallas, TX",2025,1,910
75147,"Dallas, TX",2025,2,1100
75147,"Dallas, TX",2025,3,1430
75147,"Dallas, TX",2025,4,1710
75149,"Dallas, TX",2025,0,1410
75149,"Dallas, TX",2025,1,1470
75149,"Dallas, TX",2025,2,1730
75149,"Dallas, TX",2025,3,2170
75149,"Dallas, TX",2025,4,2780
75150,"Dallas, TX",2025,0,1470
75150,"Dallas, TX",2025,1,1540
75150,"Dallas, TX",2025,2,1810
75150,"Dallas, TX",2025,3,2270
75150,"Dallas, TX",2025,4,2910
75152,"Dallas, TX",2025,0,1600
75152,"Dallas, TX",2025,1,1680
75152,"Dallas, TX",2025,2,1970
75152,"Dallas, TX",2025,3,2470
75152,"Dallas, TX",2025,4,3170
75154,"Dallas, TX",2025,0,1540
75154,"Dallas, TX",2025,1,1610
75154,"Dallas, TX",2025,2,1890
75154,"Dallas, TX",2025,3,2370
75154,"Dallas, TX",2025,4,3040
75156,"Dallas, TX",2025,0,920
75156,"Dallas, TX",2025,1,980
75156,"Dallas, TX",2025,2,1140
75156,"Dallas, TX",2025,3,1440
75156,"Dallas, TX",2025,4,1870
75157,"Dallas, TX",2025,0,1020
75157,"Dallas, TX",2025,1,1070
75157,"Dallas, TX",2025,2,1260
75157,"Dallas, TX",2025,3,1580
75157,"Dallas, TX",2025,4,2030
75158,"Dallas, TX",2025,0,1290
75158,"Dallas, TX",2025,1,1360
75158,"Dallas, TX",2025,2,1590
75158,"Dallas, TX",2025,3,1990
75158,"Dallas, TX",2025,4,2560
75159,"Dallas, TX",2025,0,1410
75159,"Dallas, TX",2025,1,1470
75159,"Dallas, TX",2025,2,1730
75159,"Dallas, TX",2025,3,2170
75159,"Dallas, TX",2025,4,2780
75160,"Dallas, TX",2025,0,1260
75160,"Dallas, TX",2025,1,1320
75160,"Dallas, TX",2025,2,1550
75160,"Dallas, TX",2025,3,1940
75160,"Dallas, TX",2025,4,2490
75161,"Dallas, TX",2025,0,990
75161,"Dallas, TX",2025,1,1040
75161,"Dallas, TX",2025,2,1220
75161,"Dallas, TX",2025,3,1530
75161,"Dallas, TX",2025,4,1960
75164,"Dallas, TX",2025,0,1580
75164,"Dallas, TX",2025,1,1660
75164,"Dallas, TX",2025,2,1950
75164,"Dallas, TX",2025,3,2440
75164,"Dallas, TX",2025,4,3130
75165,"Dallas, TX",2025,0,1270
75165,"Dallas, TX",2025,1,1330
75165,"Dallas, TX",2025,2,1560
75165,"Dallas, TX",2025,3,1950
75165,"Dallas, TX",2025,4,2510
75166,"Dallas, TX",2025,0,2010
75166,"Dallas, TX",2025,1,2110
75166,"Dallas, TX",2025,2,2470
75166,"Dallas, TX",2025,3,3100
75166,"Dallas, TX",2025,4,3980
75167,"Dallas, TX",2025,0,1980
75167,"Dallas, TX",2025,1,2080
75167,"Dallas, TX",2025,2,2440
75167,"Dallas, TX",2025,3,3060
75167,"Dallas, TX",2025,4,3930
75168,"Dallas, TX",2025,0,1410
75168,"Dallas, TX",2025,1,1480
75168,"Dallas, TX",2025,2,1740
75168,"Dallas, TX",2025,3,2180
75168,"Dallas, TX",2025,4,2800
75169,"Dallas, TX",2025,0,830
75169,"Dallas, TX",2025,1,870
75169,"Dallas, TX",2025,2,1020
75169,"Dallas, TX",2025,3,1320
75169,"Dallas, TX",2025,4,1650
75172,"Dallas, TX",2025,0,1170
75172,"Dallas, TX",2025,1,1230
75172,"Dallas, TX",2025,2,1440
75172,"Dallas, TX",2025,3,1800
75172,"Dallas, TX",2025,4,2320
75173,"Dallas, TX",2025,0,1390
75173,"Dallas, TX",2025,1,1460
75173,"Dallas, TX",2025,2,1710
75173,"Dallas, TX",2025,3,2140
75173,"Dallas, TX",2025,4,2750
75180,"Dallas, TX",2025,0,1300
75180,"Dallas, TX",2025,1,1360
75180,"Dallas, TX",2025,2,1600
75180,"Dallas, TX",2025,3,2000
75180,"Dallas, TX",2025,4,2580
75181,"Dallas, TX",2025,0,2140
75181,"Dallas, TX",2025,1,2250
75181,"Dallas, TX",2025,2,2640
75181,"Dallas, TX",2025,3,3310
75181,"Dallas, TX",2025,4,4250
75182,"Dallas, TX",2025,0,1680
75182,"Dallas, TX",2025,1,1760
75182,"Dallas, TX",2025,2,2070
75182,"Dallas, TX",2025,3,2590
75182,"Dallas, TX",2025,4,3320
75185,"Dallas, TX",2025,0,1460
75185,"Dallas, TX",2025,1,1530
75185,"Dallas, TX",2025,2,1800
75185,"Dallas, TX",2025,3,2260
75185,"Dallas, TX",2025,4,2900
75187,"Dallas, TX",2025,0,1460
75187,"Dallas, TX",2025,1,1530
75187,"Dallas, TX",2025,2,1800
75187,"Dallas, TX",2025,3,2260
75187,"Dallas, TX",2025,4,2900
75189,"Dallas, TX",2025,0,1930
75189,"Dallas, TX",2025,1,2030
75189,"Dallas, TX",2025,2,2380
75189,"Dallas, TX",2025,3,2980
75189,"Dallas, TX",2025,4,3830
75201,"Dallas, TX",2025,0,2300
75201,"Dallas, TX",2025,1,2410
75201,"Dallas, TX",2025,2,2830
75201,"Dallas, TX",2025,3,3550
75201,"Dallas, TX",2025,4,4560
75202,"Dallas, TX",2025,0,2050
75202,"Dallas, TX",2025,1,2150
75202,"Dallas, TX",2025,2,2520
75202,"Dallas, TX",2025,3,3160
75202,"Dallas, TX",2025,4,4060
75203,"Dallas, TX",2025,0,1170
75203,"Dallas, TX",2025,1,1230
75203,"Dallas, TX",2025,2,1440
75203,"Dallas, TX",2025,3,1800
75203,"Dallas, TX",2025,4,2320
75204,"Dallas, TX",2025,0,2210
75204,"Dallas, TX",2025,1,2320
75204,"Dallas, TX",2025,2,2720
75204,"Dallas, TX",2025,3,3410
75204,"Dallas, TX",2025,4,4380
75205,"Dallas, TX",2025,0,2250
75205,"Dallas, TX",2025,1,2360
75205,"Dallas, TX",2025,2,2770
75205,"Dallas, TX",2025,3,3470
75205,"Dallas, TX",2025,4,4460
75206,"Dallas, TX",2025,0,1890
75206,"Dallas, TX",2025,1,1990
75206,"Dallas, TX",2025,2,2330
75206,"Dallas, TX",2025,3,2920
75206,"Dallas, TX",2025,4,3750
75207,"Dallas, TX",2025,0,1970
75207,"Dallas, TX",2025,1,2070
75207,"Dallas, TX",2025,2,2430
75207,"Dallas, TX",2025,3,3050
75207,"Dallas, TX",2025,4,3910
75208,"Dallas, TX",2025,0,1500
75208,"Dallas, TX",2025,1,1580
75208,"Dallas, TX",2025,2,1850
75208,"Dallas, TX",2025,3,2320
75208,"Dallas, TX",2025,4,2980
75209,"Dallas, TX",2025,0,1810
75209,"Dallas, TX",2025,1,1900
75209,"Dallas, TX",2025,2,2230
75209,"Dallas, TX",2025,3,2790
75209,"Dallas, TX",2025,4,3590
75210,"Dallas, TX",2025,0,1000
75210,"Dallas, TX",2025,1,1050
75210,"Dallas, TX",2025,2,1230
75210,"Dallas, TX",2025,3,1540
75210,"Dallas, TX",2025,4,1980
75211,"Dallas, TX",2025,0,1190
75211,"Dallas, TX",2025,1,1240
75211,"Dallas, TX",2025,2,1460
75211,"Dallas, TX",2025,3,1830
75211,"Dallas, TX",2025,4,2350
75212,"Dallas, TX",2025,0,1200
75212,"Dallas, TX",2025,1,1260
75212,"Dallas, TX",2025,2,1480
75212,"Dallas, TX",2025,3,1850
75212,"Dallas, TX",2025,4,2380
75214,"Dallas, TX",2025,0,1780
75214,"Dallas, TX",2025,1,1870
75214,"Dallas, TX",2025,2,2190
75214,"Dallas, TX",2025,3,2740
75214,"Dallas, TX",2025,4,3530
75215,"Dallas, TX",2025,0,1190
75215,"Dallas, TX",2025,1,1240
75215,"Dallas, TX",2025,2,1460
75215,"Dallas, TX",2025,3,1830
75215,"Dallas, TX",2025,4,2350
75216,"Dallas, TX",2025,0,1060
75216,"Dallas, TX",2025,1,1110
75216,"Dallas, TX",2025,2,1300
75216,"Dallas, TX",2025,3,1630
75216,"Dallas, TX",2025,4,2090
75217,"Dallas, TX",2025,0,1100
75217,"Dallas, TX",2025,1,1150
75217,"Dallas, TX",2025,2,1350
75217,"Dallas, TX",2025,3,1690
75217,"Dallas, TX",2025,4,2170
75218,"Dallas, TX",2025,0,1690
75218,"Dallas, TX",2025,1,1770
75218,"Dallas, TX",2025,2,2080
75218,"Dallas, TX",2025,3,2610
75218,"Dallas, TX",2025,4,3350
75219,"Dallas, TX",2025,0,1910
75219,"Dallas, TX",2025,1,2000
75219,"Dallas, TX",2025,2,2350
75219,"Dallas, TX",2025,3,2940
75219,"Dallas, TX",2025,4,3780
75220,"Dallas, TX",2025,0,1330
75220,"Dallas, TX",2025,1,1400
75220,"Dallas, TX",2025,2,1640
75220,"Dallas, TX",2025,3,2060
75220,"Dallas, TX",2025,4,2640
75221,"Dallas, TX",2025,0,1460
75221,"Dallas, TX",2025,1,1530
75221,"Dallas, TX",2025,2,1800
75221,"Dallas, TX",2025,3,2260
75221,"Dallas, TX",2025,4,2900
75222,"Dallas, TX",2025,0,1460
75222,"Dallas, TX",2025,1,1530
75222,"Dallas, TX",2025,2,1800
75222,"Dallas, TX",2025,3,2260
75222,"Dallas, TX",2025,4,2900
75223,"Dallas, TX",2025,0,1370
75223,"Dallas, TX",2025,1,1440
75223,"Dallas, TX",2025,2,1690
75223,"Dallas, TX",2025,3,2120
75223,"Dallas, TX",2025,4,2720
75224,"Dallas, TX",2025,0,1190
75224,"Dallas, TX",2025,1,1240
75224,"Dallas, TX",2025,2,1460
75224,"Dallas, TX",2025,3,1830
75224,"Dallas, TX",2025,4,2350
75225,"Dallas, TX",2025,0,2300
75225,"Dallas, TX",2025,1,2410
75225,"Dallas, TX",2025,2,2830
75225,"Dallas, TX",2025,3,3550
75225,"Dallas, TX",2025,4,4560
75226,"Dallas, TX",2025,0,1660
75226,"Dallas, TX",2025,1,1740
75226,"Dallas, TX",2025,2,2040
75226,"Dallas, TX",2025,3,2560
75226,"Dallas, TX",2025,4,3280
75227,"Dallas, TX",2025,0,1240
75227,"Dallas, TX",2025,1,1300
75227,"Dallas, TX",2025,2,1530
75227,"Dallas, TX",2025,3,1920
75227,"Dallas, TX",2025,4,2460
75228,"Dallas, TX",2025,0,1240
75228,"Dallas, TX",2025,1,1300
75228,"Dallas, TX",2025,2,1530
75228,"Dallas, TX",2025,3,1920
75228,"Dallas, TX",2025,4,2460
75229,"Dallas, TX",2025,0,1490
75229,"Dallas, TX",2025,1,1570
75229,"Dallas, TX",2025,2,1840
75229,"Dallas, TX",2025,3,2310
75229,"Dallas, TX",2025,4,2960
75230,"Dallas, TX",2025,0,1470
75230,"Dallas, TX",2025,1,1540
75230,"Dallas, TX",2025,2,1810
75230,"Dallas, TX",2025,3,2270
75230,"Dallas, TX",2025,4,2910
75231,"Dallas, TX",2025,0,1360
75231,"Dallas, TX",2025,1,1430
75231,"Dallas, TX",2025,2,1680
75231,"Dallas, TX",2025,3,2110
75231,"Dallas, TX",2025,4,2700
75232,"Dallas, TX",2025,0,1320
75232,"Dallas, TX",2025,1,1390
75232,"Dallas, TX",2025,2,1630
75232,"Dallas, TX",2025,3,2040
75232,"Dallas, TX",2025,4,2620
75233,"Dallas, TX",2025,0,1310
75233,"Dallas, TX",2025,1,1370
75233,"Dallas, TX",2025,2,1610
75233,"Dallas, TX",2025,3,2020
75233,"Dallas, TX",2025,4,2590
75234,"Dallas, TX",2025,0,1710
75234,"Dallas, TX",2025,1,1800
75234,"Dallas, TX",2025,2,2110
75234,"Dallas, TX",2025,3,2640
75234,"Dallas, TX",2025,4,3400
75235,"Dallas, TX",2025,0,1580
75235,"Dallas, TX",2025,1,1650
75235,"Dallas, TX",2025,2,1940
75235,"Dallas, TX",2025,3,2430
75235,"Dallas, TX",2025,4,3120
75236,"Dallas, TX",2025,0,1270
75236,"Dallas, TX",2025,1,1330
75236,"Dallas, TX",2025,2,1560
75236,"Dallas, TX",2025,3,1950
75236,"Dallas, TX",2025,4,2510
75237,"Dallas, TX",2025,0,1200
75237,"Dallas, TX",2025,1,1260
75237,"Dallas, TX",2025,2,1480
75237,"Dallas, TX",2025,3,1850
75237,"Dallas, TX",2025,4,2380
75238,"Dallas, TX",2025,0,1310
75238,"Dallas, TX",2025,1,1370
75238,"Dallas, TX",2025,2,1610
75238,"Dallas, TX",2025,3,2020
75238,"Dallas, TX",2025,4,2590
75240,"Dallas, TX",2025,0,1410
75240,"Dallas, TX",2025,1,1470
75240,"Dallas, TX",2025,2,1730
75240,"Dallas, TX",2025,3,2170
75240,"Dallas, TX",2025,4,2780
75241,"Dallas, TX",2025,0,1290
75241,"Dallas, TX",2025,1,1360
75241,"Dallas, TX",2025,2,1590
75241,"Dallas, TX",2025,3,1990
75241,"Dallas, TX",2025,4,2560
75242,"Dallas, TX",2025,0,1460
75242,"Dallas, TX",2025,1,1530
75242,"Dallas, TX",2025,2,1800
75242,"Dallas, TX",2025,3,2260
75242,"Dallas, TX",2025,4,2900
75243,"Dallas, TX",2025,0,1430
75243,"Dallas, TX",2025,1,1500
75243,"Dallas, TX",2025,2,1760
75243,"Dallas, TX",2025,3,2210
75243,"Dallas, TX",2025,4,2830
75244,"Dallas, TX",2025,0,1860
75244,"Dallas, TX",2025,1,1950
75244,"Dallas, TX",2025,2,2290
75244,"Dallas, TX",2025,3,2870
75244,"Dallas, TX",2025,4,3690
75246,"Dallas, TX",2025,0,1110
75246,"Dallas, TX",2025,1,1170
75246,"Dallas, TX",2025,2,1370
75246,"Dallas, TX",2025,3,1720
75246,"Dallas, TX",2025,4,2210
75247,"Dallas, TX",2025,0,1230
75247,"Dallas, TX",2025,1,1300
75247,"Dallas, TX",2025,2,1520
75247,"Dallas, TX",2025,3,1900
75247,"Dallas, TX",2025,4,2450
75248,"Dallas, TX",2025,0,1800
75248,"Dallas, TX",2025,1,1880
75248,"Dallas, TX",2025,2,2210
75248,"Dallas, TX",2025,3,2770
75248,"Dallas, TX",2025,4,3560
75249,"Dallas, TX",2025,0,1970
75249,"Dallas, TX",2025,1,2070
75249,"Dallas, TX",2025,2,2430
75249,"Dallas, TX",2025,3,3050
75249,"Dallas, TX",2025,4,3910
75250,"Dallas, TX",2025,0,1460
75250,"Dallas, TX",2025,1,1530
75250,"Dallas, TX",2025,2,1800
75250,"Dallas, TX",2025,3,2260
75250,"Dallas, TX",2025,4,2900
75251,"Dallas, TX",2025,0,1780
75251,"Dallas, TX",2025,1,1870
75251,"Dallas, TX",2025,2,2190
75251,"Dallas, TX",2025,3,2740
75251,"Dallas, TX",2025,4,3530
75252,"Dallas, TX",2025,0,1460
75252,"Dallas, TX",2025,1,1530
75252,"Dallas, TX",2025,2,1800
75252,"Dallas, TX",2025,3,2260
75252,"Dallas, TX",2025,4,2900
75253,"Dallas, TX",2025,0,1410
75253,"Dallas, TX",2025,1,1480
75253,"Dallas, TX",2025,2,1740
75253,"Dallas, TX",2025,3,2180
75253,"Dallas, TX",2025,4,2800
75254,"Dallas, TX",2025,0,1710
75254,"Dallas, TX",2025,1,1800
75254,"Dallas, TX",2025,2,2110
75254,"Dallas, TX",2025,3,2640
75254,"Dallas, TX",2025,4,3400
75270,"Dallas, TX",2025,0,1460
75270,"Dallas, TX",2025,1,1530
75270,"Dallas, TX",2025,2,1800
75270,"Dallas, TX",2025,3,2260
75270,"Dallas, TX",2025,4,2900
75287,"Dallas, TX",2025,0,1690
75287,"Dallas, TX",2025,1,1770
75287,"Dallas, TX",2025,2,2080
75287,"Dallas, TX",2025,3,2610
75287,"Dallas, TX",2025,4,3350
75313,"Dallas, TX",2025,0,1460
75313,"Dallas, TX",2025,1,1530
75313,"Dallas, TX",2025,2,1800
75313,"Dallas, TX",2025,3,2260
75313,"Dallas, TX",2025,4,2900
75315,"Dallas, TX",2025,0,1460
75315,"Dallas, TX",2025,1,1530
75315,"Dallas, TX",2025,2,1800
75315,"Dallas, TX",2025,3,2260
75315,"Dallas, TX",2025,4,2900
75336,"Dallas, TX",2025,0,1460
75336,"Dallas, TX",2025,1,1530
75336,"Dallas, TX",2025,2,1800
75336,"Dallas, TX",2025,3,2260
75336,"Dallas, TX",2025,4,2900
75339,"Dallas, TX",2025,0,1460
75339,"Dallas, TX",2025,1,1530
75339,"Dallas, TX",2025,2,1800
75339,"Dallas, TX",2025,3,2260
75339,"Dallas, TX",2025,4,2900
75342,"Dallas, TX",2025,0,1460
75342,"Dallas, TX",2025,1,1530
75342,"Dallas, TX",2025,2,1800
75342,"Dallas, TX",2025,3,2260
75342,"Dallas, TX",2025,4,2900
75354,"Dallas, TX",2025,0,1460
75354,"Dallas, TX",2025,1,1530
75354,"Dallas, TX",2025,2,1800
75354,"Dallas, TX",2025,3,2260
75354,"Dallas, TX",2025,4,2900
75355,"Dallas, TX",2025,0,1460
75355,"Dallas, TX",2025,1,1530
75355,"Dallas, TX",2025,2,1800
75355,"Dallas, TX",2025,3,2260
75355,"Dallas, TX",2025,4,2900
75356,"Dallas, TX",2025,0,1460
75356,"Dallas, TX",2025,1,1530
75356,"Dallas, TX",2025,2,1800
75356,"Dallas, TX",2025,3,2260
75356,"Dallas, TX",2025,4,2900
75357,"Dallas, TX",2025,0,1460
75357,"Dallas, TX",2025,1,1530
75357,"Dallas, TX",2025,2,1800
75357,"Dallas, TX",2025,3,2260
75357,"Dallas, TX",2025,4,2900
75360,"Dallas, TX",2025,0,1460
75360,"Dallas, TX",2025,1,1530
75360,"Dallas, TX",2025,2,1800
75360,"Dallas, TX",2025,3,2260
75360,"Dallas, TX",2025,4,2900
75367,"Dallas, TX",2025,0,1460
75367,"Dallas, TX",2025,1,1530
75367,"Dallas, TX",2025,2,1800
75367,"Dallas, TX",2025,3,2260
75367,"Dallas, TX",2025,4,2900
75370,"Dallas, TX",2025,0,1790
75370,"Dallas, TX",2025,1,1880
75370,"Dallas, TX",2025,2,2200
75370,"Dallas, TX",2025,3,2760
75370,"Dallas, TX",2025,4,3540
75371,"Dallas, TX",2025,0,1460
75371,"Dallas, TX",2025,1,1530
75371,"Dallas, TX",2025,2,1800
75371,"Dallas, TX",2025,3,2260
75371,"Dallas, TX",2025,4,2900
75372,"Dallas, TX",2025,0,1460
75372,"Dallas, TX",2025,1,1530
75372,"Dallas, TX",2025,2,1800
75372,"Dallas, TX",2025,3,2260
75372,"Dallas, TX",2025,4,2900
75374,"Dallas, TX",2025,0,1460
75374,"Dallas, TX",2025,1,1530
75374,"Dallas, TX",2025,2,1800
75374,"Dallas, TX",2025,3,2260
75374,"Dallas, TX",2025,4,2900
75376,"Dallas, TX",2025,0,1460
75376,"Dallas, TX",2025,1,1530
75376,"Dallas, TX",2025,2,1800
75376,"Dallas, TX",2025,3,2260
75376,"Dallas, TX",2025,4,2900
75378,"Dallas, TX",2025,0,1460
75378,"Dallas, TX",2025,1,1530
75378,"Dallas, TX",2025,2,1800
75378,"Dallas, TX",2025,3,2260
75378,"Dallas, TX",2025,4,2900
75379,"Dallas, TX",2025,0,1790
75379,"Dallas, TX",2025,1,1880
75379,"Dallas, TX",2025,2,2200
75379,"Dallas, TX",2025,3,2760
75379,"Dallas, TX",2025,4,3540
75380,"Dallas, TX",2025,0,1460
75380,"Dallas, TX",2025,1,1530
75380,"Dallas, TX",2025,2,1800
75380,"Dallas, TX",2025,3,2260
75380,"Dallas, TX",2025,4,2900
75381,"Dallas, TX",2025,0,1460
75381,"Dallas, TX",2025,1,1530
75381,"Dallas, TX",2025,2,1800
75381,"Dallas, TX",2025,3,2260
75381,"Dallas, TX",2025,4,2900
75382,"Dallas, TX",2025,0,1460
75382,"Dallas, TX",2025,1,1530
75382,"Dallas, TX",2025,2,1800
75382,"Dallas, TX",2025,3,2260
75382,"Dallas, TX",2025,4,2900
75390,"Dallas, TX",2025,0,1460
75390,"Dallas, TX",2025,1,1530
75390,"Dallas, TX",2025,2,1800
75390,"Dallas, TX",2025,3,2260
75390,"Dallas, TX",2025,4,2900
75398,"Dallas, TX",2025,0,1460
75398,"Dallas, TX",2025,1,1530
75398,"Dallas, TX",2025,2,1800
75398,"Dallas, TX",2025,3,2260
75398,"Dallas, TX",2025,4,2900
75401,"Dallas, TX",2025,0,1190
75401,"Dallas, TX",2025,1,1240
75401,"Dallas, TX",2025,2,1460
75401,"Dallas, TX",2025,3,1830
75401,"Dallas, TX",2025,4,2350
75402,"Dallas, TX",2025,0,1380
75402,"Dallas, TX",2025,1,1450
75402,"Dallas, TX",2025,2,1700
75402,"Dallas, TX",2025,3,2130
75402,"Dallas, TX",2025,4,2740
75403,"Dallas, TX",2025,0,1210
75403,"Dallas, TX",2025,1,1270
75403,"Dallas, TX",2025,2,1490
75403,"Dallas, TX",2025,3,1870
75403,"Dallas, TX",2025,4,2400
75404,"Dallas, TX",2025,0,1210
75404,"Dallas, TX",2025,1,1270
75404,"Dallas, TX",2025,2,1490
75404,"Dallas, TX",2025,3,1870
75404,"Dallas, TX",2025,4,2400
75407,"Dallas, TX",2025,0,1730
75407,"Dallas, TX",2025,1,1820
75407,"Dallas, TX",2025,2,2130
75407,"Dallas, TX",2025,3,2670
75407,"Dallas, TX",2025,4,3430
75409,"Dallas, TX",2025,0,2040
75409,"Dallas, TX",2025,1,2140
75409,"Dallas, TX",2025,2,2510
75409,"Dallas, TX",2025,3,3150
75409,"Dallas, TX",2025,4,4040
75422,"Dallas, TX",2025,0,1160
75422,"Dallas, TX",2025,1,1220
75422,"Dallas, TX",2025,2,1430
75422,"Dallas, TX",2025,3,1790
75422,"Dallas, TX",2025,4,2300
75423,"Dallas, TX",2025,0,1140
75423,"Dallas, TX",2025,1,1200
75423,"Dallas, TX",2025,2,1410
75423,"Dallas, TX",2025,3,1760
75423,"Dallas, TX",2025,4,2270
75424,"Dallas, TX",2025,0,1370
75424,"Dallas, TX",2025,1,1440
75424,"Dallas, TX",2025,2,1690
75424,"Dallas, TX",2025,3,2130
75424,"Dallas, TX",2025,4,2730
75428,"Dallas, TX",2025,0,1030
75428,"Dallas, TX",2025,1,1090
75428,"Dallas, TX",2025,2,1270
75428,"Dallas, TX",2025,3,1600
75428,"Dallas, TX",2025,4,2050
75433,"Dallas, TX",2025,0,1010
75433,"Dallas, TX",2025,1,1070
75433,"Dallas, TX",2025,2,1250
75433,"Dallas, TX",2025,3,1570
75433,"Dallas, TX",2025,4,2010
75442,"Dallas, TX",2025,0,1450
75442,"Dallas, TX",2025,1,1530
75442,"Dallas, TX",2025,2,1790
75442,"Dallas, TX",2025,3,2240
75442,"Dallas, TX",2025,4,2880
75448,"Dallas, TX",2025,0,1010
75448,"Dallas, TX",2025,1,1070
75448,"Dallas, TX",2025,2,1250
75448,"Dallas, TX",2025,3,1570
75448,"Dallas, TX",2025,4,2010
75449,"Dallas, TX",2025,0,950
75449,"Dallas, TX",2025,1,1000
75449,"Dallas, TX",2025,2,1170
75449,"Dallas, TX",2025,3,1480
75449,"Dallas, TX",2025,4,1900
75452,"Dallas, TX",2025,0,960
75452,"Dallas, TX",2025,1,1010
75452,"Dallas, TX",2025,2,1180
75452,"Dallas, TX",2025,3,1490
75452,"Dallas, TX",2025,4,1910
75453,"Dallas, TX",2025,0,1210
75453,"Dallas, TX",2025,1,1290
75453,"Dallas, TX",2025,2,1500
75453,"Dallas, TX",2025,3,1910
75453,"Dallas, TX",2025,4,2400
75454,"Dallas, TX",2025,0,2300
75454,"Dallas, TX",2025,1,2410
75454,"Dallas, TX",2025,2,2830
75454,"Dallas, TX",2025,3,3550
75454,"Dallas, TX",2025,4,4560
75458,"Dallas, TX",2025,0,1210
75458,"Dallas, TX",2025,1,1270
75458,"Dallas, TX",2025,2,1490
75458,"Dallas, TX",2025,3,1870
75458,"Dallas, TX",2025,4,2400
75469,"Dallas, TX",2025,0,1010
75469,"Dallas, TX",2025,1,1070
75469,"Dallas, TX",2025,2,1250
75469,"Dallas, TX",2025,3,1570
75469,"Dallas, TX",2025,4,2010
75474,"Dallas, TX",2025,0,1120
75474,"Dallas, TX",2025,1,1180
75474,"Dallas, TX",2025,2,1380
75474,"Dallas, TX",2025,3,1730
75474,"Dallas, TX",2025,4,2220
75485,"Dallas, TX",2025,0,1790
75485,"Dallas, TX",2025,1,1880
75485,"Dallas, TX",2025,2,2200
75485,"Dallas, TX",2025,3,2760
75485,"Dallas, TX",2025,4,3540
75491,"Dallas, TX",2025,0,880
75491,"Dallas, TX",2025,1,910
75491,"Dallas, TX",2025,2,1110
75491,"Dallas, TX",2025,3,1550
75491,"Dallas, TX",2025,4,1870
75495,"Dallas, TX",2025,0,1250
75495,"Dallas, TX",2025,1,1310
75495,"Dallas, TX",2025,2,1570
75495,"Dallas, TX",2025,3,2170
75495,"Dallas, TX",2025,4,2630
75496,"Dallas, TX",2025,0,1020
75496,"Dallas, TX",2025,1,1070
75496,"Dallas, TX",2025,2,1270
75496,"Dallas, TX",2025,3,1610
75496,"Dallas, TX",2025,4,2050
76041,"Dallas, TX",2025,0,1390
76041,"Dallas, TX",2025,1,1460
76041,"Dallas, TX",2025,2,1710
76041,"Dallas, TX",2025,3,2150
76041,"Dallas, TX",2025,4,2760
76055,"Dallas, TX",2025,0,1180
76055,"Dallas, TX",2025,1,1240
76055,"Dallas, TX",2025,2,1450
76055,"Dallas, TX",2025,3,1830
76055,"Dallas, TX",2025,4,2350
76064,"Dallas, TX",2025,0,1560
76064,"Dallas, TX",2025,1,1640
76064,"Dallas, TX",2025,2,1920
76064,"Dallas, TX",2025,3,2410
76064,"Dallas, TX",2025,4,3090
76078,"Dallas, TX",2025,0,1270
76078,"Dallas, TX",2025,1,1310
76078,"Dallas, TX",2025,2,1560
76078,"Dallas, TX",2025,3,2160
76078,"Dallas, TX",2025,4,2490
76201,"Dallas, TX",2025,0,1320
76201,"Dallas, TX",2025,1,1390
76201,"Dallas, TX",2025,2,1630
76201,"Dallas, TX",2025,3,2040
76201,"Dallas, TX",2025,4,2620
76202,"Dallas, TX",2025,0,1590
76202,"Dallas, TX",2025,1,1670
76202,"Dallas, TX",2025,2,1960
76202,"Dallas, TX",2025,3,2460
76202,"Dallas, TX",2025,4,3150
76203,"Dallas, TX",2025,0,1350
76203,"Dallas, TX",2025,1,1420
76203,"Dallas, TX",2025,2,1660
76203,"Dallas, TX",2025,3,2090
76203,"Dallas, TX",2025,4,2690
76204,"Dallas, TX",2025,0,1590
76204,"Dallas, TX",2025,1,1670
76204,"Dallas, TX",2025,2,1960
76204,"Dallas, TX",2025,3,2460
76204,"Dallas, TX",2025,4,3150
76205,"Dallas, TX",2025,0,1370
76205,"Dallas, TX",2025,1,1440
76205,"Dallas, TX",2025,2,1690
76205,"Dallas, TX",2025,3,2120
76205,"Dallas, TX",2025,4,2720
76206,"Dallas, TX",2025,0,1590
76206,"Dallas, TX",2025,1,1670
76206,"Dallas, TX",2025,2,1960
76206,"Dallas, TX",2025,3,2460
76206,"Dallas, TX",2025,4,3150
76207,"Dallas, TX",2025,0,1570
76207,"Dallas, TX",2025,1,1650
76207,"Dallas, TX",2025,2,1930
76207,"Dallas, TX",2025,3,2420
76207,"Dallas, TX",2025,4,3110
76208,"Dallas, TX",2025,0,1590
76208,"Dallas, TX",2025,1,1670
76208,"Dallas, TX",2025,2,1960
76208,"Dallas, TX",2025,3,2460
76208,"Dallas, TX",2025,4,3150
76209,"Dallas, TX",2025,0,1410
76209,"Dallas, TX",2025,1,1470
76209,"Dallas, TX",2025,2,1730
76209,"Dallas, TX",2025,3,2170
76209,"Dallas, TX",2025,4,2780
76210,"Dallas, TX",2025,0,1800
76210,"Dallas, TX",2025,1,1890
76210,"Dallas, TX",2025,2,2220
76210,"Dallas, TX",2025,3,2780
76210,"Dallas, TX",2025,4,3570
76226,"Dallas, TX",2025,0,2300
76226,"Dallas, TX",2025,1,2410
76226,"Dallas, TX",2025,2,2830
76226,"Dallas, TX",2025,3,3550
76226,"Dallas, TX",2025,4,4560
76227,"Dallas, TX",2025,0,2020
76227,"Dallas, TX",2025,1,2120
76227,"Dallas, TX",2025,2,2490
76227,"Dallas, TX",2025,3,3120
76227,"Dallas, TX",2025,4,4010
76234,"Dallas, TX",2025,0,1000
76234,"Dallas, TX",2025,1,1030
76234,"Dallas, TX",2025,2,1220
76234,"Dallas, TX",2025,3,1710
76234,"Dallas, TX",2025,4,1950
76247,"Dallas, TX",2025,0,2030
76247,"Dallas, TX",2025,1,2130
76247,"Dallas, TX",2025,2,2500
76247,"Dallas, TX",2025,3,3140
76247,"Dallas, TX",2025,4,4030
76249,"Dallas, TX",2025,0,1560
76249,"Dallas, TX",2025,1,1640
76249,"Dallas, TX",2025,2,1920
76249,"Dallas, TX",2025,3,2410
76249,"Dallas, TX",2025,4,3090
76258,"Dallas, TX",2025,0,1260
76258,"Dallas, TX",2025,1,1330
76258,"Dallas, TX",2025,2,1560
76258,"Dallas, TX",2025,3,1960
76258,"Dallas, TX",2025,4,2510
76259,"Dallas, TX",2025,0,1360
76259,"Dallas, TX",2025,1,1420
76259,"Dallas, TX",2025,2,1670
76259,"Dallas, TX",2025,3,2090
76259,"Dallas, TX",2025,4,2690
76266,"Dallas, TX",2025,0,1490
76266,"Dallas, TX",2025,1,1570
76266,"Dallas, TX",2025,2,1840
76266,"Dallas, TX",2025,3,2310
76266,"Dallas, TX",2025,4,2960
76272,"Dallas, TX",2025,0,1080
76272,"Dallas, TX",2025,1,1140
76272,"Dallas, TX",2025,2,1340
76272,"Dallas, TX",2025,3,1690
76272,"Dallas, TX",2025,4,2190
76623,"Dallas, TX",2025,0,1200
76623,"Dallas, TX",2025,1,1260
76623,"Dallas, TX",2025,2,1480
76623,"Dallas, TX",2025,3,1850
76623,"Dallas, TX",2025,4,2380
76626,"Dallas, TX",2025,0,1050
76626,"Dallas, TX",2025,1,1100
76626,"Dallas, TX",2025,2,1290
76626,"Dallas, TX",2025,3,1620
76626,"Dallas, TX",2025,4,2090
76641,"Dallas, TX",2025,0,1180
76641,"Dallas, TX",2025,1,1240
76641,"Dallas, TX",2025,2,1450
76641,"Dallas, TX",2025,3,1830
76641,"Dallas, TX",2025,4,2350
76651,"Dallas, TX",2025,0,1150
76651,"Dallas, TX",2025,1,1210
76651,"Dallas, TX",2025,2,1420
76651,"Dallas, TX",2025,3,1780
76651,"Dallas, TX",2025,4,2290
76670,"Dallas, TX",2025,0,890
76670,"Dallas, TX",2025,1,930
76670,"Dallas, TX",2025,2,1090
76670,"Dallas, TX",2025,3,1390
76670,"Dallas, TX",2025,4,1770
75022,"Fort Worth, TX",2025,0,2270
75022,"Fort Worth, TX",2025,1,2380
75022,"Fort Worth, TX",2025,2,2790
75022,"Fort Worth, TX",2025,3,3500
75022,"Fort Worth, TX",2025,4,4490
75028,"Fort Worth, TX",2025,0,2230
75028,"Fort Worth, TX",2025,1,2340
75028,"Fort Worth, TX",2025,2,2740
75028,"Fort Worth, TX",2025,3,3430
75028,"Fort Worth, TX",2025,4,4410
75050,"Fort Worth, TX",2025,0,1430
75050,"Fort Worth, TX",2025,1,1510
75050,"Fort Worth, TX",2025,2,1770
75050,"Fort Worth, TX",2025,3,2250
75050,"Fort Worth, TX",2025,4,2850
75051,"Fort Worth, TX",2025,0,1200
75051,"Fort Worth, TX",2025,1,1260
75051,"Fort Worth, TX",2025,2,1480
75051,"Fort Worth, TX",2025,3,1860
75051,"Fort Worth, TX",2025,4,2380
75052,"Fort Worth, TX",2025,0,1640
75052,"Fort Worth, TX",2025,1,1730
75052,"Fort Worth, TX",2025,2,2030
75052,"Fort Worth, TX",2025,3,2600
75052,"Fort Worth, TX",2025,4,3260
75053,"Fort Worth, TX",2025,0,1430
75053,"Fort Worth, TX",2025,1,1510
75053,"Fort Worth, TX",2025,2,1770
75053,"Fort Worth, TX",2025,3,2260
75053,"Fort Worth, TX",2025,4,2850
75054,"Fort Worth, TX",2025,0,2060
75054,"Fort Worth, TX",2025,1,2190
75054,"Fort Worth, TX",2025,2,2560
75054,"Fort Worth, TX",2025,3,3390
75054,"Fort Worth, TX",2025,4,4130
75261,"Fort Worth, TX",2025,0,1380
75261,"Fort Worth, TX",2025,1,1470
75261,"Fort Worth, TX",2025,2,1710
75261,"Fort Worth, TX",2025,3,2260
75261,"Fort Worth, TX",2025,4,2760
76001,"Fort Worth, TX",2025,0,1790
76001,"Fort Worth, TX",2025,1,1910
76001,"Fort Worth, TX",2025,2,2230
76001,"Fort Worth, TX",2025,3,2950
76001,"Fort Worth, TX",2025,4,3600
76002,"Fort Worth, TX",2025,0,2060
76002,"Fort Worth, TX",2025,1,2190
76002,"Fort Worth, TX",2025,2,2560
76002,"Fort Worth, TX",2025,3,3390
76002,"Fort Worth, TX",2025,4,4130
76003,"Fort Worth, TX",2025,0,1370
76003,"Fort Worth, TX",2025,1,1470
76003,"Fort Worth, TX",2025,2,1710
76003,"Fort Worth, TX",2025,3,2260
76003,"Fort Worth, TX",2025,4,2760
76004,"Fort Worth, TX",2025,0,1370
76004,"Fort Worth, TX",2025,1,1470
76004,"Fort Worth, TX",2025,2,1710
76004,"Fort Worth, TX",2025,3,2260
76004,"Fort Worth, TX",2025,4,2760
76005,"Fort Worth, TX",2025,0,1430
76005,"Fort Worth, TX",2025,1,1530
76005,"Fort Worth, TX",2025,2,1780
76005,"Fort Worth, TX",2025,3,2350
76005,"Fort Worth, TX",2025,4,2880
76006,"Fort Worth, TX",2025,0,1540
76006,"Fort Worth, TX",2025,1,1650
76006,"Fort Worth, TX",2025,2,1920
76006,"Fort Worth, TX",2025,3,2540
76006,"Fort Worth, TX",2025,4,3100
76007,"Fort Worth, TX",2025,0,1370
76007,"Fort Worth, TX",2025,1,1470
76007,"Fort Worth, TX",2025,2,1710
76007,"Fort Worth, TX",2025,3,2260
76007,"Fort Worth, TX",2025,4,2760
76008,"Fort Worth, TX",2025,0,2060
76008,"Fort Worth, TX",2025,1,2190
76008,"Fort Worth, TX",2025,2,2560
76008,"Fort Worth, TX",2025,3,3390
76008,"Fort Worth, TX",2025,4,4130
76009,"Fort Worth, TX",2025,0,1210
76009,"Fort Worth, TX",2025,1,1290
76009,"Fort Worth, TX",2025,2,1500
76009,"Fort Worth, TX",2025,3,1980
76009,"Fort Worth, TX",2025,4,2420
76010,"Fort Worth, TX",2025,0,1240
76010,"Fort Worth, TX",2025,1,1320
76010,"Fort Worth, TX",2025,2,1540
76010,"Fort Worth, TX",2025,3,2040
76010,"Fort Worth, TX",2025,4,2490
76011,"Fort Worth, TX",2025,0,1350
76011,"Fort Worth, TX",2025,1,1440
76011,"Fort Worth, TX",2025,2,1680
76011,"Fort Worth, TX",2025,3,2220
76011,"Fort Worth, TX",2025,4,2710
76012,"Fort Worth, TX",2025,0,1250
76012,"Fort Worth, TX",2025,1,1340
76012,"Fort Worth, TX",2025,2,1560
76012,"Fort Worth, TX",2025,3,2060
76012,"Fort Worth, TX",2025,4,2520
76013,"Fort Worth, TX",2025,0,1260
76013,"Fort Worth, TX",2025,1,1350
76013,"Fort Worth, TX",2025,2,1570
76013,"Fort Worth, TX",2025,3,2080
76013,"Fort Worth, TX",2025,4,2530
76014,"Fort Worth, TX",2025,0,1430
76014,"Fort Worth, TX",2025,1,1530
76014,"Fort Worth, TX",2025,2,1780
76014,"Fort Worth, TX",2025,3,2360
76014,"Fort Worth, TX",2025,4,2870
76015,"Fort Worth, TX",2025,0,1490
76015,"Fort Worth, TX",2025,1,1590
76015,"Fort Worth, TX",2025,2,1850
76015,"Fort Worth, TX",2025,3,2450
76015,"Fort Worth, TX",2025,4,2990
76016,"Fort Worth, TX",2025,0,1810
76016,"Fort Worth, TX",2025,1,1930
76016,"Fort Worth, TX",2025,2,2250
76016,"Fort Worth, TX",2025,3,2980
76016,"Fort Worth, TX",2025,4,3630
76017,"Fort Worth, TX",2025,0,1420
76017,"Fort Worth, TX",2025,1,1520
76017,"Fort Worth, TX",2025,2,1770
76017,"Fort Worth, TX",2025,3,2340
76017,"Fort Worth, TX",2025,4,2860
76018,"Fort Worth, TX",2025,0,1840
76018,"Fort Worth, TX",2025,1,1960
76018,"Fort Worth, TX",2025,2,2290
76018,"Fort Worth, TX",2025,3,3030
76018,"Fort Worth, TX",2025,4,3700
76019,"Fort Worth, TX",2025,0,1370
76019,"Fort Worth, TX",2025,1,1470
76019,"Fort Worth, TX",2025,2,1710
76019,"Fort Worth, TX",2025,3,2260
76019,"Fort Worth, TX",2025,4,2760
76020,"Fort Worth, TX",2025,0,1180
76020,"Fort Worth, TX",2025,1,1250
76020,"Fort Worth, TX",2025,2,1460
76020,"Fort Worth, TX",2025,3,1940
76020,"Fort Worth, TX",2025,4,2360
76021,"Fort Worth, TX",2025,0,1420
76021,"Fort Worth, TX",2025,1,1510
76021,"Fort Worth, TX",2025,2,1760
76021,"Fort Worth, TX",2025,3,2330
76021,"Fort Worth, TX",2025,4,2840
76022,"Fort Worth, TX",2025,0,1410
76022,"Fort Worth, TX",2025,1,1500
76022,"Fort Worth, TX",2025,2,1750
76022,"Fort Worth, TX",2025,3,2320
76022,"Fort Worth, TX",2025,4,2830
76023,"Fort Worth, TX",2025,0,1010
76023,"Fort Worth, TX",2025,1,1050
76023,"Fort Worth, TX",2025,2,1250
76023,"Fort Worth, TX",2025,3,1740
76023,"Fort Worth, TX",2025,4,1990
76028,"Fort Worth, TX",2025,0,1400
76028,"Fort Worth, TX",2025,1,1490
76028,"Fort Worth, TX",2025,2,1740
76028,"Fort Worth, TX",2025,3,2300
76028,"Fort Worth, TX",2025,4,2810
76031,"Fort Worth, TX",2025,0,1120
76031,"Fort Worth, TX",2025,1,1190
76031,"Fort Worth, TX",2025,2,1390
76031,"Fort Worth, TX",2025,3,1840
76031,"Fort Worth, TX",2025,4,2240
76033,"Fort Worth, TX",2025,0,1220
76033,"Fort Worth, TX",2025,1,1300
76033,"Fort Worth, TX",2025,2,1520
76033,"Fort Worth, TX",2025,3,2010
76033,"Fort Worth, TX",2025,4,2450
76034,"Fort Worth, TX",2025,0,2060
76034,"Fort Worth, TX",2025,1,2190
76034,"Fort Worth, TX",2025,2,2560
76034,"Fort Worth, TX",2025,3,3390
76034,"Fort Worth, TX",2025,4,4130
76035,"Fort Worth, TX",2025,0,1210
76035,"Fort Worth, TX",2025,1,1290
76035,"Fort Worth, TX",2025,2,1510
76035,"Fort Worth, TX",2025,3,1940
76035,"Fort Worth, TX",2025,4,2430
76036,"Fort Worth, TX",2025,0,1630
76036,"Fort Worth, TX",2025,1,1740
76036,"Fort Worth, TX",2025,2,2030
76036,"Fort Worth, TX",2025,3,2690
76036,"Fort Worth, TX",2025,4,3280
76039,"Fort Worth, TX",2025,0,1770
76039,"Fort Worth, TX",2025,1,1890
76039,"Fort Worth, TX",2025,2,2200
76039,"Fort Worth, TX",2025,3,2910
76039,"Fort Worth, TX",2025,4,3550
76040,"Fort Worth, TX",2025,0,1230
76040,"Fort Worth, TX",2025,1,1310
76040,"Fort Worth, TX",2025,2,1530
76040,"Fort Worth, TX",2025,3,2020
76040,"Fort Worth, TX",2025,4,2470
76044,"Fort Worth, TX",2025,0,1240
76044,"Fort Worth, TX",2025,1,1320
76044,"Fort Worth, TX",2025,2,1540
76044,"Fort Worth, TX",2025,3,2040
76044,"Fort Worth, TX",2025,4,2490
76049,"Fort Worth, TX",2025,0,1190
76049,"Fort Worth, TX",2025,1,1270
76049,"Fort Worth, TX",2025,2,1510
76049,"Fort Worth, TX",2025,3,1940
76049,"Fort Worth, TX",2025,4,2400
76050,"Fort Worth, TX",2025,0,1200
76050,"Fort Worth, TX",2025,1,1280
76050,"Fort Worth, TX",2025,2,1500
76050,"Fort Worth, TX",2025,3,1980
76050,"Fort Worth, TX",2025,4,2410
76051,"Fort Worth, TX",2025,0,1850
76051,"Fort Worth, TX",2025,1,1970
76051,"Fort Worth, TX",2025,2,2300
76051,"Fort Worth, TX",2025,3,3040
76051,"Fort Worth, TX",2025,4,3710
76052,"Fort Worth, TX",2025,0,1910
76052,"Fort Worth, TX",2025,1,2030
76052,"Fort Worth, TX",2025,2,2370
76052,"Fort Worth, TX",2025,3,3110
76052,"Fort Worth, TX",2025,4,3830
76053,"Fort Worth, TX",2025,0,1310
76053,"Fort Worth, TX",2025,1,1400
76053,"Fort Worth, TX",2025,2,1630
76053,"Fort Worth, TX",2025,3,2160
76053,"Fort Worth, TX",2025,4,2630
76054,"Fort Worth, TX",2025,0,1560
76054,"Fort Worth, TX",2025,1,1660
76054,"Fort Worth, TX",2025,2,1940
76054,"Fort Worth, TX",2025,3,2570
76054,"Fort Worth, TX",2025,4,3130
76058,"Fort Worth, TX",2025,0,1310
76058,"Fort Worth, TX",2025,1,1400
76058,"Fort Worth, TX",2025,2,1630
76058,"Fort Worth, TX",2025,3,2160
76058,"Fort Worth, TX",2025,4,2630
76059,"Fort Worth, TX",2025,0,990
76059,"Fort Worth, TX",2025,1,1050
76059,"Fort Worth, TX",2025,2,1230
76059,"Fort Worth, TX",2025,3,1630
76059,"Fort Worth, TX",2025,4,1990
76060,"Fort Worth, TX",2025,0,1240
76060,"Fort Worth, TX",2025,1,1320
76060,"Fort Worth, TX",2025,2,1540
76060,"Fort Worth, TX",2025,3,2040
76060,"Fort Worth, TX",2025,4,2490
76061,"Fort Worth, TX",2025,0,1300
76061,"Fort Worth, TX",2025,1,1390
76061,"Fort Worth, TX",2025,2,1620
76061,"Fort Worth, TX",2025,3,2140
76061,"Fort Worth, TX",2025,4,2610
76063,"Fort Worth, TX",2025,0,1670
76063,"Fort Worth, TX",2025,1,1780
76063,"Fort Worth, TX",2025,2,2080
76063,"Fort Worth, TX",2025,3,2750
76063,"Fort Worth, TX",2025,4,3360
76065,"Fort Worth, TX",2025,0,1620
76065,"Fort Worth, TX",2025,1,1700
76065,"Fort Worth, TX",2025,2,2000
76065,"Fort Worth, TX",2025,3,2510
76065,"Fort Worth, TX",2025,4,3220
76066,"Fort Worth, TX",2025,0,830
76066,"Fort Worth, TX",2025,1,880
76066,"Fort Worth, TX",2025,2,1030
76066,"Fort Worth, TX",2025,3,1360
76066,"Fort Worth, TX",2025,4,1660
76067,"Fort Worth, TX",2025,0,830
76067,"Fort Worth, TX",2025,1,900
76067,"Fort Worth, TX",2025,2,1060
76067,"Fort Worth, TX",2025,3,1400
76067,"Fort Worth, TX",2025,4,1720
76070,"Fort Worth, TX",2025,0,1070
76070,"Fort Worth, TX",2025,1,1170
76070,"Fort Worth, TX",2025,2,1360
76070,"Fort Worth, TX",2025,3,1800
76070,"Fort Worth, TX",2025,4,2200
76071,"Fort Worth, TX",2025,0,920
76071,"Fort Worth, TX",2025,1,960
76071,"Fort Worth, TX",2025,2,1130
76071,"Fort Worth, TX",2025,3,1580
76071,"Fort Worth, TX",2025,4,1810
76082,"Fort Worth, TX",2025,0,1210
76082,"Fort Worth, TX",2025,1,1290
76082,"Fort Worth, TX",2025,2,1500
76082,"Fort Worth, TX",2025,3,2000
76082,"Fort Worth, TX",2025,4,2430
76084,"Fort Worth, TX",2025,0,1310
76084,"Fort Worth, TX",2025,1,1390
76084,"Fort Worth, TX",2025,2,1630
76084,"Fort Worth, TX",2025,3,2140
76084,"Fort Worth, TX",2025,4,2630
76085,"Fort Worth, TX",2025,0,1400
76085,"Fort Worth, TX",2025,1,1490
76085,"Fort Worth, TX",2025,2,1740
76085,"Fort Worth, TX",2025,3,2300
76085,"Fort Worth, TX",2025,4,2810
76086,"Fort Worth, TX",2025,0,1320
76086,"Fort Worth, TX",2025,1,1410
76086,"Fort Worth, TX",2025,2,1640
76086,"Fort Worth, TX",2025,3,2170
76086,"Fort Worth, TX",2025,4,2650
76087,"Fort Worth, TX",2025,0,1490
76087,"Fort Worth, TX",2025,1,1590
76087,"Fort Worth, TX",2025,2,1850
76087,"Fort Worth, TX",2025,3,2450
76087,"Fort Worth, TX",2025,4,2990
76088,"Fort Worth, TX",2025,0,1270
76088,"Fort Worth, TX",2025,1,1350
76088,"Fort Worth, TX",2025,2,1580
76088,"Fort Worth, TX",2025,3,2090
76088,"Fort Worth, TX",2025,4,2550
76092,"Fort Worth, TX",2025,0,1710
76092,"Fort Worth, TX",2025,1,1820
76092,"Fort Worth, TX",2025,2,2120
76092,"Fort Worth, TX",2025,3,2800
76092,"Fort Worth, TX",2025,4,3420
76093,"Fort Worth, TX",2025,0,1130
76093,"Fort Worth, TX",2025,1,1200
76093,"Fort Worth, TX",2025,2,1410
76093,"Fort Worth, TX",2025,3,1860
76093,"Fort Worth, TX",2025,4,2270
76094,"Fort Worth, TX",2025,0,1370
76094,"Fort Worth, TX",2025,1,1470
76094,"Fort Worth, TX",2025,2,1710
76094,"Fort Worth, TX",2025,3,2260
76094,"Fort Worth, TX",2025,4,2760
76095,"Fort Worth, TX",2025,0,1370
76095,"Fort Worth, TX",2025,1,1470
76095,"Fort Worth, TX",2025,2,1710
76095,"Fort Worth, TX",2025,3,2260
76095,"Fort Worth, TX",2025,4,2760
76096,"Fort Worth, TX",2025,0,1370
76096,"Fort Worth, TX",2025,1,1470
76096,"Fort Worth, TX",2025,2,1710
76096,"Fort Worth, TX",2025,3,2260
76096,"Fort Worth, TX",2025,4,2760
76097,"Fort Worth, TX",2025,0,1290
76097,"Fort Worth, TX",2025,1,1370
76097,"Fort Worth, TX",2025,2,1600
76097,"Fort Worth, TX",2025,3,2120
76097,"Fort Worth, TX",2025,4,2580
76098,"Fort Worth, TX",2025,0,1300
76098,"Fort Worth, TX",2025,1,1390
76098,"Fort Worth, TX",2025,2,1620
76098,"Fort Worth, TX",2025,3,2140
76098,"Fort Worth, TX",2025,4,2620
76099,"Fort Worth, TX",2025,0,1370
76099,"Fort Worth, TX",2025,1,1470
76099,"Fort Worth, TX",2025,2,1710
76099,"Fort Worth, TX",2025,3,2260
76099,"Fort Worth, TX",2025,4,2760
76101,"Fort Worth, TX",2025,0,1370
76101,"Fort Worth, TX",2025,1,1470
76101,"Fort Worth, TX",2025,2,1710
76101,"Fort Worth, TX",2025,3,2260
76101,"Fort Worth, TX",2025,4,2760
76102,"Fort Worth, TX",2025,0,1670
76102,"Fort Worth, TX",2025,1,1780
76102,"Fort Worth, TX",2025,2,2080
76102,"Fort Worth, TX",2025,3,2750
76102,"Fort Worth, TX",2025,4,3360
76103,"Fort Worth, TX",2025,0,1090
76103,"Fort Worth, TX",2025,1,1170
76103,"Fort Worth, TX",2025,2,1360
76103,"Fort Worth, TX",2025,3,1800
76103,"Fort Worth, TX",2025,4,2200
76104,"Fort Worth, TX",2025,0,1290
76104,"Fort Worth, TX",2025,1,1370
76104,"Fort Worth, TX",2025,2,1600
76104,"Fort Worth, TX",2025,3,2120
76104,"Fort Worth, TX",2025,4,2580
76105,"Fort Worth, TX",2025,0,1110
76105,"Fort Worth, TX",2025,1,1180
76105,"Fort Worth, TX",2025,2,1380
76105,"Fort Worth, TX",2025,3,1830
76105,"Fort Worth, TX",2025,4,2230
76106,"Fort Worth, TX",2025,0,1160
76106,"Fort Worth, TX",2025,1,1230
76106,"Fort Worth, TX",2025,2,1440
76106,"Fort Worth, TX",2025,3,1910
76106,"Fort Worth, TX",2025,4,2320
76107,"Fort Worth, TX",2025,0,1430
76107,"Fort Worth, TX",2025,1,1530
76107,"Fort Worth, TX",2025,2,1780
76107,"Fort Worth, TX",2025,3,2360
76107,"Fort Worth, TX",2025,4,2870
76108,"Fort Worth, TX",2025,0,1380
76108,"Fort Worth, TX",2025,1,1470
76108,"Fort Worth, TX",2025,2,1720
76108,"Fort Worth, TX",2025,3,2280
76108,"Fort Worth, TX",2025,4,2780
76109,"Fort Worth, TX",2025,0,1580
76109,"Fort Worth, TX",2025,1,1680
76109,"Fort Worth, TX",2025,2,1960
76109,"Fort Worth, TX",2025,3,2590
76109,"Fort Worth, TX",2025,4,3160
76110,"Fort Worth, TX",2025,0,1130
76110,"Fort Worth, TX",2025,1,1200
76110,"Fort Worth, TX",2025,2,1400
76110,"Fort Worth, TX",2025,3,1850
76110,"Fort Worth, TX",2025,4,2260
76111,"Fort Worth, TX",2025,0,1210
76111,"Fort Worth, TX",2025,1,1290
76111,"Fort Worth, TX",2025,2,1510
76111,"Fort Worth, TX",2025,3,2000
76111,"Fort Worth, TX",2025,4,2440
76112,"Fort Worth, TX",2025,0,1270
76112,"Fort Worth, TX",2025,1,1350
76112,"Fort Worth, TX",2025,2,1580
76112,"Fort Worth, TX",2025,3,2090
76112,"Fort Worth, TX",2025,4,2550
76113,"Fort Worth, TX",2025,0,1370
76113,"Fort Worth, TX",2025,1,1470
76113,"Fort Worth, TX",2025,2,1710
76113,"Fort Worth, TX",2025,3,2260
76113,"Fort Worth, TX",2025,4,2760
76114,"Fort Worth, TX",2025,0,1160
76114,"Fort Worth, TX",2025,1,1230
76114,"Fort Worth, TX",2025,2,1440
76114,"Fort Worth, TX",2025,3,1910
76114,"Fort Worth, TX",2025,4,2320
76115,"Fort Worth, TX",2025,0,1050
76115,"Fort Worth, TX",2025,1,1110
76115,"Fort Worth, TX",2025,2,1300
76115,"Fort Worth, TX",2025,3,1720
76115,"Fort Worth, TX",2025,4,2100
76116,"Fort Worth, TX",2025,0,1220
76116,"Fort Worth, TX",2025,1,1300
76116,"Fort Worth, TX",2025,2,1520
76116,"Fort Worth, TX",2025,3,2010
76116,"Fort Worth, TX",2025,4,2450
76117,"Fort Worth, TX",2025,0,1170
76117,"Fort Worth, TX",2025,1,1240
76117,"Fort Worth, TX",2025,2,1450
76117,"Fort Worth, TX",2025,3,1920
76117,"Fort Worth, TX",2025,4,2340
76118,"Fort Worth, TX",2025,0,1370
76118,"Fort Worth, TX",2025,1,1460
76118,"Fort Worth, TX",2025,2,1700
76118,"Fort Worth, TX",2025,3,2250
76118,"Fort Worth, TX",2025,4,2740
76119,"Fort Worth, TX",2025,0,1110
76119,"Fort Worth, TX",2025,1,1180
76119,"Fort Worth, TX",2025,2,1380
76119,"Fort Worth, TX",2025,3,1830
76119,"Fort Worth, TX",2025,4,2230
76120,"Fort Worth, TX",2025,0,1290
76120,"Fort Worth, TX",2025,1,1370
76120,"Fort Worth, TX",2025,2,1600
76120,"Fort Worth, TX",2025,3,2120
76120,"Fort Worth, TX",2025,4,2580
76121,"Fort Worth, TX",2025,0,1370
76121,"Fort Worth, TX",2025,1,1470
76121,"Fort Worth, TX",2025,2,1710
76121,"Fort Worth, TX",2025,3,2260
76121,"Fort Worth, TX",2025,4,2760
76123,"Fort Worth, TX",2025,0,2060
76123,"Fort Worth, TX",2025,1,2190
76123,"Fort Worth, TX",2025,2,2560
76123,"Fort Worth, TX",2025,3,3390
76123,"Fort Worth, TX",2025,4,4130
76124,"Fort Worth, TX",2025,0,1370
76124,"Fort Worth, TX",2025,1,1470
76124,"Fort Worth, TX",2025,2,1710
76124,"Fort Worth, TX",2025,3,2260
76124,"Fort Worth, TX",2025,4,2760
76126,"Fort Worth, TX",2025,0,1520
76126,"Fort Worth, TX",2025,1,1620
76126,"Fort Worth, TX",2025,2,1890
76126,"Fort Worth, TX",2025,3,2500
76126,"Fort Worth, TX",2025,4,3050
76127,"Fort Worth, TX",2025,0,2040
76127,"Fort Worth, TX",2025,1,2180
76127,"Fort Worth, TX",2025,2,2540
76127,"Fort Worth, TX",2025,3,3360
76127,"Fort Worth, TX",2025,4,4100
76129,"Fort Worth, TX",2025,0,1580
76129,"Fort Worth, TX",2025,1,1680
76129,"Fort Worth, TX",2025,2,1960
76129,"Fort Worth, TX",2025,3,2590
76129,"Fort Worth, TX",2025,4,3160
76130,"Fort Worth, TX",2025,0,1370
76130,"Fort Worth, TX",2025,1,1470
76130,"Fort Worth, TX",2025,2,1710
76130,"Fort Worth, TX",2025,3,2260
76130,"Fort Worth, TX",2025,4,2760
76131,"Fort Worth, TX",2025,0,1770
76131,"Fort Worth, TX",2025,1,1890
76131,"Fort Worth, TX",2025,2,2200
76131,"Fort Worth, TX",2025,3,2910
76131,"Fort Worth, TX",2025,4,3550
76132,"Fort Worth, TX",2025,0,1460
76132,"Fort Worth, TX",2025,1,1560
76132,"Fort Worth, TX",2025,2,1820
76132,"Fort Worth, TX",2025,3,2410
76132,"Fort Worth, TX",2025,4,2940
76133,"Fort Worth, TX",2025,0,1410
76133,"Fort Worth, TX",2025,1,1500
76133,"Fort Worth, TX",2025,2,1750
76133,"Fort Worth, TX",2025,3,2320
76133,"Fort Worth, TX",2025,4,2830
76134,"Fort Worth, TX",2025,0,1310
76134,"Fort Worth, TX",2025,1,1400
76134,"Fort Worth, TX",2025,2,1630
76134,"Fort Worth, TX",2025,3,2160
76134,"Fort Worth, TX",2025,4,2630
76135,"Fort Worth, TX",2025,0,1210
76135,"Fort Worth, TX",2025,1,1290
76135,"Fort Worth, TX",2025,2,1510
76135,"Fort Worth, TX",2025,3,2000
76135,"Fort Worth, TX",2025,4,2440
76136,"Fort Worth, TX",2025,0,1370
76136,"Fort Worth, TX",2025,1,1470
76136,"Fort Worth, TX",2025,2,1710
76136,"Fort Worth, TX",2025,3,2260
76136,"Fort Worth, TX",2025,4,2760
76137,"Fort Worth, TX",2025,0,1660
76137,"Fort Worth, TX",2025,1,1770
76137,"Fort Worth, TX",2025,2,2070
76137,"Fort Worth, TX",2025,3,2740
76137,"Fort Worth, TX",2025,4,3340
76140,"Fort Worth, TX",2025,0,1360
76140,"Fort Worth, TX",2025,1,1450
76140,"Fort Worth, TX",2025,2,1690
76140,"Fort Worth, TX",2025,3,2240
76140,"Fort Worth, TX",2025,4,2730
76147,"Fort Worth, TX",2025,0,1370
76147,"Fort Worth, TX",2025,1,1470
76147,"Fort Worth, TX",2025,2,1710
76147,"Fort Worth, TX",2025,3,2260
76147,"Fort Worth, TX",2025,4,2760
76148,"Fort Worth, TX",2025,0,1770
76148,"Fort Worth, TX",2025,1,1890
76148,"Fort Worth, TX",2025,2,2200
76148,"Fort Worth, TX",2025,3,2910
76148,"Fort Worth, TX",2025,4,3550
76155,"Fort Worth, TX",2025,0,1370
76155,"Fort Worth, TX",2025,1,1470
76155,"Fort Worth, TX",2025,2,1710
76155,"Fort Worth, TX",2025,3,2260
76155,"Fort Worth, TX",2025,4,2760
76161,"Fort Worth, TX",2025,0,1370
76161,"Fort Worth, TX",2025,1,1470
76161,"Fort Worth, TX",2025,2,1710
76161,"Fort Worth, TX",2025,3,2260
76161,"Fort Worth, TX",2025,4,2760
76162,"Fort Worth, TX",2025,0,1370
76162,"Fort Worth, TX",2025,1,1470
76162,"Fort Worth, TX",2025,2,1710
76162,"Fort Worth, TX",2025,3,2260
76162,"Fort Worth, TX",2025,4,2760
76163,"Fort Worth, TX",2025,0,1370
76163,"Fort Worth, TX",2025,1,1470
76163,"Fort Worth, TX",2025,2,1710
76163,"Fort Worth, TX",2025,3,2260
76163,"Fort Worth, TX",2025,4,2760
76164,"Fort Worth, TX",2025,0,1090
76164,"Fort Worth, TX",2025,1,1160
76164,"Fort Worth, TX",2025,2,1350
76164,"Fort Worth, TX",2025,3,1790
76164,"Fort Worth, TX",2025,4,2180
76177,"Fort Worth, TX",2025,0,1750
76177,"Fort Worth, TX",2025,1,1860
76177,"Fort Worth, TX",2025,2,2170
76177,"Fort Worth, TX",2025,3,2850
76177,"Fort Worth, TX",2025,4,3500
76179,"Fort Worth, TX",2025,0,1840
76179,"Fort Worth, TX",2025,1,1960
76179,"Fort Worth, TX",2025,2,2290
76179,"Fort Worth, TX",2025,3,3030
76179,"Fort Worth, TX",2025,4,3700
76180,"Fort Worth, TX",2025,0,1530
76180,"Fort Worth, TX",2025,1,1630
76180,"Fort Worth, TX",2025,2,1900
76180,"Fort Worth, TX",2025,3,2510
76180,"Fort Worth, TX",2025,4,3070
76182,"Fort Worth, TX",2025,0,1620
76182,"Fort Worth, TX",2025,1,1730
76182,"Fort Worth, TX",2025,2,2020
76182,"Fort Worth, TX",2025,3,2670
76182,"Fort Worth, TX",2025,4,3260
76185,"Fort Worth, TX",2025,0,1370
76185,"Fort Worth, TX",2025,1,1470
76185,"Fort Worth, TX",2025,2,1710
76185,"Fort Worth, TX",2025,3,2260
76185,"Fort Worth, TX",2025,4,2760
76244,"Fort Worth, TX",2025,0,1880
76244,"Fort Worth, TX",2025,1,2010
76244,"Fort Worth, TX",2025,2,2340
76244,"Fort Worth, TX",2025,3,3100
76244,"Fort Worth, TX",2025,4,3780
76248,"Fort Worth, TX",2025,0,1930
76248,"Fort Worth, TX",2025,1,2060
76248,"Fort Worth, TX",2025,2,2400
76248,"Fort Worth, TX",2025,3,3180
76248,"Fort Worth, TX",2025,4,3870
76262,"Fort Worth, TX",2025,0,1630
76262,"Fort Worth, TX",2025,1,1720
76262,"Fort Worth, TX",2025,2,2010
76262,"Fort Worth, TX",2025,3,2560
76262,"Fort Worth, TX",2025,4,3240
76439,"Fort Worth, TX",2025,0,1300
76439,"Fort Worth, TX",2025,1,1390
76439,"Fort Worth, TX",2025,2,1620
76439,"Fort Worth, TX",2025,3,2140
76439,"Fort Worth, TX",2025,4,2620
76462,"Fort Worth, TX",2025,0,1000
76462,"Fort Worth, TX",2025,1,1040
76462,"Fort Worth, TX",2025,2,1280
76462,"Fort Worth, TX",2025,3,1710
76462,"Fort Worth, TX",2025,4,2090
76485,"Fort Worth, TX",2025,0,1300
76485,"Fort Worth, TX",2025,1,1390
76485,"Fort Worth, TX",2025,2,1620
76485,"Fort Worth, TX",2025,3,2140
76485,"Fort Worth, TX",2025,4,2620
76486,"Fort Worth, TX",2025,0,730
76486,"Fort Worth, TX",2025,1,800
76486,"Fort Worth, TX",2025,2,930
76486,"Fort Worth, TX",2025,3,1250
76486,"Fort Worth, TX",2025,4,1470
76487,"Fort Worth, TX",2025,0,1790
76487,"Fort Worth, TX",2025,1,1900
76487,"Fort Worth, TX",2025,2,2230
76487,"Fort Worth, TX",2025,3,2990
76487,"Fort Worth, TX",2025,4,3580
76490,"Fort Worth, TX",2025,0,850
76490,"Fort Worth, TX",2025,1,920
76490,"Fort Worth, TX",2025,2,1080
76490,"Fort Worth, TX",2025,3,1440
76490,"Fort Worth, TX",2025,4,1740
78002,"San Antonio, TX",2025,0,1010
78002,"San Antonio, TX",2025,1,1120
78002,"San Antonio, TX",2025,2,1360
78002,"San Antonio, TX",2025,3,1730
78002,"San Antonio, TX",2025,4,2030
78003,"San Antonio, TX",2025,0,890
78003,"San Antonio, TX",2025,1,970
78003,"San Antonio, TX",2025,2,1190
78003,"San Antonio, TX",2025,3,1520
78003,"San Antonio, TX",2025,4,1760
78006,"San Antonio, TX",2025,0,1340
78006,"San Antonio, TX",2025,1,1470
78006,"San Antonio, TX",2025,2,1800
78006,"San Antonio, TX",2025,3,2370
78006,"San Antonio, TX",2025,4,2440
78009,"San Antonio, TX",2025,0,1010
78009,"San Antonio, TX",2025,1,1040
78009,"San Antonio, TX",2025,2,1360
78009,"San Antonio, TX",2025,3,1800
78009,"San Antonio, TX",2025,4,1800
78010,"San Antonio, TX",2025,0,940
78010,"San Antonio, TX",2025,1,1010
78010,"San Antonio, TX",2025,2,1200
78010,"San Antonio, TX",2025,3,1630
78010,"San Antonio, TX",2025,4,1700
78015,"San Antonio, TX",2025,0,1540
78015,"San Antonio, TX",2025,1,1690
78015,"San Antonio, TX",2025,2,2070
78015,"San Antonio, TX",2025,3,2650
78015,"San Antonio, TX",2025,4,3010
78023,"San Antonio, TX",2025,0,1590
78023,"San Antonio, TX",2025,1,1760
78023,"San Antonio, TX",2025,2,2140
78023,"San Antonio, TX",2025,3,2720
78023,"San Antonio, TX",2025,4,3200
78028,"San Antonio, TX",2025,0,870
78028,"San Antonio, TX",2025,1,940
78028,"San Antonio, TX",2025,2,1110
78028,"San Antonio, TX",2025,3,1510
78028,"San Antonio, TX",2025,4,1540
78039,"San Antonio, TX",2025,0,990
78039,"San Antonio, TX",2025,1,1050
78039,"San Antonio, TX",2025,2,1330
78039,"San Antonio, TX",2025,3,1740
78039,"San Antonio, TX",2025,4,1850
78052,"San Antonio, TX",2025,0,910
78052,"San Antonio, TX",2025,1,1070
78052,"San Antonio, TX",2025,2,1230
78052,"San Antonio, TX",2025,3,1550
78052,"San Antonio, TX",2025,4,1630
78054,"San Antonio, TX",2025,0,1110
78054,"San Antonio, TX",2025,1,1220
78054,"San Antonio, TX",2025,2,1490
78054,"San Antonio, TX",2025,3,1890
78054,"San Antonio, TX",2025,4,2230
78055,"San Antonio, TX",2025,0,850
78055,"San Antonio, TX",2025,1,920
78055,"San Antonio, TX",2025,2,1120
78055,"San Antonio, TX",2025,3,1460
78055,"San Antonio, TX",2025,4,1700
78063,"San Antonio, TX",2025,0,1160
78063,"San Antonio, TX",2025,1,1280
78063,"San Antonio, TX",2025,2,1560
78063,"San Antonio, TX",2025,3,1980
78063,"San Antonio, TX",2025,4,2330
78064,"San Antonio, TX",2025,0,1040
78064,"San Antonio, TX",2025,1,1260
78064,"San Antonio, TX",2025,2,1400
78064,"San Antonio, TX",2025,3,1760
78064,"San Antonio, TX",2025,4,1860
78069,"San Antonio, TX",2025,0,770
78069,"San Antonio, TX",2025,1,910
78069,"San Antonio, TX",2025,2,1040
78069,"San Antonio, TX",2025,3,1310
78069,"San Antonio, TX",2025,4,1440
78070,"San Antonio, TX",2025,0,1180
78070,"San Antonio, TX",2025,1,1300
78070,"San Antonio, TX",2025,2,1590
78070,"San Antonio, TX",2025,3,2020
78070,"San Antonio, TX",2025,4,2370
78073,"San Antonio, TX",2025,0,910
78073,"San Antonio, TX",2025,1,1030
78073,"San Antonio, TX",2025,2,1220
78073,"San Antonio, TX",2025,3,1550
78073,"San Antonio, TX",2025,4,1780
78101,"San Antonio, TX",2025,0,730
78101,"San Antonio, TX",2025,1,840
78101,"San Antonio, TX",2025,2,1020
78101,"San Antonio, TX",2025,3,1300
78101,"San Antonio, TX",2025,4,1570
78108,"San Antonio, TX",2025,0,1670
78108,"San Antonio, TX",2025,1,1850
78108,"San Antonio, TX",2025,2,2250
78108,"San Antonio, TX",2025,3,2860
78108,"San Antonio, TX",2025,4,3360
78109,"San Antonio, TX",2025,0,1350
78109,"San Antonio, TX",2025,1,1490
78109,"San Antonio, TX",2025,2,1820
78109,"San Antonio, TX",2025,3,2310
78109,"San Antonio, TX",2025,4,2720
78112,"San Antonio, TX",2025,0,1060
78112,"San Antonio, TX",2025,1,1160
78112,"San Antonio, TX",2025,2,1420
78112,"San Antonio, TX",2025,3,1800
78112,"San Antonio, TX",2025,4,2120
78113,"San Antonio, TX",2025,0,900
78113,"San Antonio, TX",2025,1,1000
78113,"San Antonio, TX",2025,2,1260
78113,"San Antonio, TX",2025,3,1580
78113,"San Antonio, TX",2025,4,1850
78114,"San Antonio, TX",2025,0,1000
78114,"San Antonio, TX",2025,1,1110
78114,"San Antonio, TX",2025,2,1350
78114,"San Antonio, TX",2025,3,1710
78114,"San Antonio, TX",2025,4,2020
78115,"San Antonio, TX",2025,0,1200
78115,"San Antonio, TX",2025,1,1320
78115,"San Antonio, TX",2025,2,1610
78115,"San Antonio, TX",2025,3,2040
78115,"San Antonio, TX",2025,4,2410
78121,"San Antonio, TX",2025,0,1090
78121,"San Antonio, TX",2025,1,1210
78121,"San Antonio, TX",2025,2,1470
78121,"San Antonio, TX",2025,3,1870
78121,"San Antonio, TX",2025,4,2200
78123,"San Antonio, TX",2025,0,970
78123,"San Antonio, TX",2025,1,1070
78123,"San Antonio, TX",2025,2,1310
78123,"San Antonio, TX",2025,3,1660
78123,"San Antonio, TX",2025,4,1960
78124,"San Antonio, TX",2025,0,1040
78124,"San Antonio, TX",2025,1,1150
78124,"San Antonio, TX",2025,2,1400
78124,"San Antonio, TX",2025,3,1780
78124,"San Antonio, TX",2025,4,2090
78130,"San Antonio, TX",2025,0,1220
78130,"San Antonio, TX",2025,1,1350
78130,"San Antonio, TX",2025,2,1640
78130,"San Antonio, TX",2025,3,2080
78130,"San Antonio, TX",2025,4,2450
78131,"San Antonio, TX",2025,0,1260
78131,"San Antonio, TX",2025,1,1390
78131,"San Antonio, TX",2025,2,1690
78131,"San Antonio, TX",2025,3,2150
78131,"San Antonio, TX",2025,4,2530
78132,"San Antonio, TX",2025,0,1260
78132,"San Antonio, TX",2025,1,1390
78132,"San Antonio, TX",2025,2,1690
78132,"San Antonio, TX",2025,3,2150
78132,"San Antonio, TX",2025,4,2530
78133,"San Antonio, TX",2025,0,1110
78133,"San Antonio, TX",2025,1,1220
78133,"San Antonio, TX",2025,2,1490
78133,"San Antonio, TX",2025,3,1890
78133,"San Antonio, TX",2025,4,2230
78140,"San Antonio, TX",2025,0,770
78140,"San Antonio, TX",2025,1,860
78140,"San Antonio, TX",2025,2,1050
78140,"San Antonio, TX",2025,3,1330
78140,"San Antonio, TX",2025,4,1590
78143,"San Antonio, TX",2025,0,860
78143,"San Antonio, TX",2025,1,950
78143,"San Antonio, TX",2025,2,1170
78143,"San Antonio, TX",2025,3,1520
78143,"San Antonio, TX",2025,4,1740
78147,"San Antonio, TX",2025,0,1030
78147,"San Antonio, TX",2025,1,1140
78147,"San Antonio, TX",2025,2,1390
78147,"San Antonio, TX",2025,3,1770
78147,"San Antonio, TX",2025,4,2080
78148,"San Antonio, TX",2025,0,1090
78148,"San Antonio, TX",2025,1,1200
78148,"San Antonio, TX",2025,2,1460
78148,"San Antonio, TX",2025,3,1850
78148,"San Antonio, TX",2025,4,2180
78150,"San Antonio, TX",2025,0,1110
78150,"San Antonio, TX",2025,1,1220
78150,"San Antonio, TX",2025,2,1490
78150,"San Antonio, TX",2025,3,1890
78150,"San Antonio, TX",2025,4,2230
78152,"San Antonio, TX",2025,0,1240
78152,"San Antonio, TX",2025,1,1370
78152,"San Antonio, TX",2025,2,1670
78152,"San Antonio, TX",2025,3,2120
78152,"San Antonio, TX",2025,4,2500
78154,"San Antonio, TX",2025,0,1430
78154,"San Antonio, TX",2025,1,1580
78154,"San Antonio, TX",2025,2,1920
78154,"San Antonio, TX",2025,3,2440
78154,"San Antonio, TX",2025,4,2870
78155,"San Antonio, TX",2025,0,1000
78155,"San Antonio, TX",2025,1,1110
78155,"San Antonio, TX",2025,2,1350
78155,"San Antonio, TX",2025,3,1710
78155,"San Antonio, TX",2025,4,2020
78156,"San Antonio, TX",2025,0,1200
78156,"San Antonio, TX",2025,1,1320
78156,"San Antonio, TX",2025,2,1610
78156,"San Antonio, TX",2025,3,2040
78156,"San Antonio, TX",2025,4,2410
78160,"San Antonio, TX",2025,0,930
78160,"San Antonio, TX",2025,1,1030
78160,"San Antonio, TX",2025,2,1250
78160,"San Antonio, TX",2025,3,1590
78160,"San Antonio, TX",2025,4,1870
78161,"San Antonio, TX",2025,0,1030
78161,"San Antonio, TX",2025,1,1140
78161,"San Antonio, TX",2025,2,1380
78161,"San Antonio, TX",2025,3,1760
78161,"San Antonio, TX",2025,4,2070
78163,"San Antonio, TX",2025,0,1300
78163,"San Antonio, TX",2025,1,1440
78163,"San Antonio, TX",2025,2,1750
78163,"San Antonio, TX",2025,3,2220
78163,"San Antonio, TX",2025,4,2610
78201,"San Antonio, TX",2025,0,980
78201,"San Antonio, TX",2025,1,1080
78201,"San Antonio, TX",2025,2,1320
78201,"San Antonio, TX",2025,3,1680
78201,"San Antonio, TX",2025,4,1970
78202,"San Antonio, TX",2025,0,1000
78202,"San Antonio, TX",2025,1,1110
78202,"San Antonio, TX",2025,2,1350
78202,"San Antonio, TX",2025,3,1710
78202,"San Antonio, TX",2025,4,2020
78203,"San Antonio, TX",2025,0,830
78203,"San Antonio, TX",2025,1,920
78203,"San Antonio, TX",2025,2,1120
78203,"San Antonio, TX",2025,3,1420
78203,"San Antonio, TX",2025,4,1670
78204,"San Antonio, TX",2025,0,1140
78204,"San Antonio, TX",2025,1,1260
78204,"San Antonio, TX",2025,2,1530
78204,"San Antonio, TX",2025,3,1940
78204,"San Antonio, TX",2025,4,2290
78205,"San Antonio, TX",2025,0,1140
78205,"San Antonio, TX",2025,1,1260
78205,"San Antonio, TX",2025,2,1530
78205,"San Antonio, TX",2025,3,1940
78205,"San Antonio, TX",2025,4,2290
78206,"San Antonio, TX",2025,0,1110
78206,"San Antonio, TX",2025,1,1220
78206,"San Antonio, TX",2025,2,1490
78206,"San Antonio, TX",2025,3,1890
78206,"San Antonio, TX",2025,4,2230
78207,"San Antonio, TX",2025,0,810
78207,"San Antonio, TX",2025,1,890
78207,"San Antonio, TX",2025,2,1090
78207,"San Antonio, TX",2025,3,1380
78207,"San Antonio, TX",2025,4,1630
78208,"San Antonio, TX",2025,0,800
78208,"San Antonio, TX",2025,1,890
78208,"San Antonio, TX",2025,2,1080
78208,"San Antonio, TX",2025,3,1370
78208,"San Antonio, TX",2025,4,1610
78209,"San Antonio, TX",2025,0,1260
78209,"San Antonio, TX",2025,1,1390
78209,"San Antonio, TX",2025,2,1690
78209,"San Antonio, TX",2025,3,2150
78209,"San Antonio, TX",2025,4,2530
78210,"San Antonio, TX",2025,0,930
78210,"San Antonio, TX",2025,1,1030
78210,"San Antonio, TX",2025,2,1250
78210,"San Antonio, TX",2025,3,1590
78210,"San Antonio, TX",2025,4,1870
78211,"San Antonio, TX",2025,0,920
78211,"San Antonio, TX",2025,1,1020
78211,"San Antonio, TX",2025,2,1240
78211,"San Antonio, TX",2025,3,1580
78211,"San Antonio, TX",2025,4,1850
78212,"San Antonio, TX",2025,0,1060
78212,"San Antonio, TX",2025,1,1160
78212,"San Antonio, TX",2025,2,1420
78212,"San Antonio, TX",2025,3,1800
78212,"San Antonio, TX",2025,4,2120
78213,"San Antonio, TX",2025,0,1100
78213,"San Antonio, TX",2025,1,1210
78213,"San Antonio, TX",2025,2,1480
78213,"San Antonio, TX",2025,3,1880
78213,"San Antonio, TX",2025,4,2210
78214,"San Antonio, TX",2025,0,850
78214,"San Antonio, TX",2025,1,940
78214,"San Antonio, TX",2025,2,1140
78214,"San Antonio, TX",2025,3,1450
78214,"San Antonio, TX",2025,4,1700
78215,"San Antonio, TX",2025,0,1560
78215,"San Antonio, TX",2025,1,1720
78215,"San Antonio, TX",2025,2,2100
78215,"San Antonio, TX",2025,3,2670
78215,"San Antonio, TX",2025,4,3140
78216,"San Antonio, TX",2025,0,1140
78216,"San Antonio, TX",2025,1,1260
78216,"San Antonio, TX",2025,2,1540
78216,"San Antonio, TX",2025,3,1960
78216,"San Antonio, TX",2025,4,2300
78217,"San Antonio, TX",2025,0,1090
78217,"San Antonio, TX",2025,1,1210
78217,"San Antonio, TX",2025,2,1470
78217,"San Antonio, TX",2025,3,1870
78217,"San Antonio, TX",2025,4,2200
78218,"San Antonio, TX",2025,0,1010
78218,"San Antonio, TX",2025,1,1120
78218,"San Antonio, TX",2025,2,1360
78218,"San Antonio, TX",2025,3,1730
78218,"San Antonio, TX",2025,4,2030
78219,"San Antonio, TX",2025,0,980
78219,"San Antonio, TX",2025,1,1080
78219,"San Antonio, TX",2025,2,1320
78219,"San Antonio, TX",2025,3,1680
78219,"San Antonio, TX",2025,4,1970
78220,"San Antonio, TX",2025,0,1060
78220,"San Antonio, TX",2025,1,1160
78220,"San Antonio, TX",2025,2,1420
78220,"San Antonio, TX",2025,3,1800
78220,"San Antonio, TX",2025,4,2120
78221,"San Antonio, TX",2025,0,970
78221,"San Antonio, TX",2025,1,1070
78221,"San Antonio, TX",2025,2,1310
78221,"San Antonio, TX",2025,3,1660
78221,"San Antonio, TX",2025,4,1960
78222,"San Antonio, TX",2025,0,1120
78222,"San Antonio, TX",2025,1,1230
78222,"San Antonio, TX",2025,2,1500
78222,"San Antonio, TX",2025,3,1910
78222,"San Antonio, TX",2025,4,2240
78223,"San Antonio, TX",2025,0,950
78223,"San Antonio, TX",2025,1,1050
78223,"San Antonio, TX",2025,2,1280
78223,"San Antonio, TX",2025,3,1630
78223,"San Antonio, TX",2025,4,1910
78224,"San Antonio, TX",2025,0,1000
78224,"San Antonio, TX",2025,1,1100
78224,"San Antonio, TX",2025,2,1340
78224,"San Antonio, TX",2025,3,1700
78224,"San Antonio, TX",2025,4,2000
78225,"San Antonio, TX",2025,0,900
78225,"San Antonio, TX",2025,1,990
78225,"San Antonio, TX",2025,2,1210
78225,"San Antonio, TX",2025,3,1540
78225,"San Antonio, TX",2025,4,1810
78226,"San Antonio, TX",2025,0,860
78226,"San Antonio, TX",2025,1,950
78226,"San Antonio, TX",2025,2,1160
78226,"San Antonio, TX",2025,3,1470
78226,"San Antonio, TX",2025,4,1730
78227,"San Antonio, TX",2025,0,940
78227,"San Antonio, TX",2025,1,1040
78227,"San Antonio, TX",2025,2,1270
78227,"San Antonio, TX",2025,3,1610
78227,"San Antonio, TX",2025,4,1900
78228,"San Antonio, TX",2025,0,920
78228,"San Antonio, TX",2025,1,1020
78228,"San Antonio, TX",2025,2,1240
78228,"San Antonio, TX",2025,3,1580
78228,"San Antonio, TX",2025,4,1850
78229,"San Antonio, TX",2025,0,1170
78229,"San Antonio, TX",2025,1,1290
78229,"San Antonio, TX",2025,2,1570
78229,"San Antonio, TX",2025,3,1990
78229,"San Antonio, TX",2025,4,2350
78230,"San Antonio, TX",2025,0,1180
78230,"San Antonio, TX",2025,1,1300
78230,"San Antonio, TX",2025,2,1590
78230,"San Antonio, TX",2025,3,2020
78230,"San Antonio, TX",2025,4,2380
78231,"San Antonio, TX",2025,0,1170
78231,"San Antonio, TX",2025,1,1290
78231,"San Antonio, TX",2025,2,1570
78231,"San Antonio, TX",2025,3,1990
78231,"San Antonio, TX",2025,4,2350
78232,"San Antonio, TX",2025,0,1270
78232,"San Antonio, TX",2025,1,1400
78232,"San Antonio, TX",2025,2,1710
78232,"San Antonio, TX",2025,3,2170
78232,"San Antonio, TX",2025,4,2560
78233,"San Antonio, TX",2025,0,1260
78233,"San Antonio, TX",2025,1,1390
78233,"San Antonio, TX",2025,2,1700
78233,"San Antonio, TX",2025,3,2160
78233,"San Antonio, TX",2025,4,2540
78234,"San Antonio, TX",2025,0,1670
78234,"San Antonio, TX",2025,1,1850
78234,"San Antonio, TX",2025,2,2250
78234,"San Antonio, TX",2025,3,2860
78234,"San Antonio, TX",2025,4,3360
78235,"San Antonio, TX",2025,0,1250
78235,"San Antonio, TX",2025,1,1380
78235,"San Antonio, TX",2025,2,1680
78235,"San Antonio, TX",2025,3,2130
78235,"San Antonio, TX",2025,4,2510
78236,"San Antonio, TX",2025,0,1670
78236,"San Antonio, TX",2025,1,1850
78236,"San Antonio, TX",2025,2,2250
78236,"San Antonio, TX",2025,3,2860
78236,"San Antonio, TX",2025,4,3360
78237,"San Antonio, TX",2025,0,880
78237,"San Antonio, TX",2025,1,970
78237,"San Antonio, TX",2025,2,1180
78237,"San Antonio, TX",2025,3,1500
78237,"San Antonio, TX",2025,4,1760
78238,"San Antonio, TX",2025,0,1000
78238,"San Antonio, TX",2025,1,1110
78238,"San Antonio, TX",2025,2,1350
78238,"San Antonio, TX",2025,3,1710
78238,"San Antonio, TX",2025,4,2020
78239,"San Antonio, TX",2025,0,1210
78239,"San Antonio, TX",2025,1,1340
78239,"San Antonio, TX",2025,2,1630
78239,"San Antonio, TX",2025,3,2070
78239,"San Antonio, TX",2025,4,2440
78240,"San Antonio, TX",2025,0,1220
78240,"San Antonio, TX",2025,1,1350
78240,"San Antonio, TX",2025,2,1640
78240,"San Antonio, TX",2025,3,2080
78240,"San Antonio, TX",2025,4,2450
78241,"San Antonio, TX",2025,0,1110
78241,"San Antonio, TX",2025,1,1220
78241,"San Antonio, TX",2025,2,1490
78241,"San Antonio, TX",2025,3,1890
78241,"San Antonio, TX",2025,4,2230
78242,"San Antonio, TX",2025,0,980
78242,"San Antonio, TX",2025,1,1080
78242,"San Antonio, TX",2025,2,1320
78242,"San Antonio, TX",2025,3,1680
78242,"San Antonio, TX",2025,4,1970
78243,"San Antonio, TX",2025,0,1120
78243,"San Antonio, TX",2025,1,1240
78243,"San Antonio, TX",2025,2,1510
78243,"San Antonio, TX",2025,3,1920
78243,"San Antonio, TX",2025,4,2250
78244,"San Antonio, TX",2025,0,1350
78244,"San Antonio, TX",2025,1,1490
78244,"San Antonio, TX",2025,2,1820
78244,"San Antonio, TX",2025,3,2310
78244,"San Antonio, TX",2025,4,2720
78245,"San Antonio, TX",2025,0,1190
78245,"San Antonio, TX",2025,1,1310
78245,"San Antonio, TX",2025,2,1600
78245,"San Antonio, TX",2025,3,2030
78245,"San Antonio, TX",2025,4,2390
78246,"San Antonio, TX",2025,0,1110
78246,"San Antonio, TX",2025,1,1220
78246,"San Antonio, TX",2025,2,1490
78246,"San Antonio, TX",2025,3,1890
78246,"San Antonio, TX",2025,4,2230
78247,"San Antonio, TX",2025,0,1290
78247,"San Antonio, TX",2025,1,1430
78247,"San Antonio, TX",2025,2,1740
78247,"San Antonio, TX",2025,3,2210
78247,"San Antonio, TX",2025,4,2600
78248,"San Antonio, TX",2025,0,1220
78248,"San Antonio, TX",2025,1,1350
78248,"San Antonio, TX",2025,2,1640
78248,"San Antonio, TX",2025,3,2080
78248,"San Antonio, TX",2025,4,2450
78249,"San Antonio, TX",2025,0,1360
78249,"San Antonio, TX",2025,1,1500
78249,"San Antonio, TX",2025,2,1830
78249,"San Antonio, TX",2025,3,2320
78249,"San Antonio, TX",2025,4,2730
78250,"San Antonio, TX",2025,0,1200
78250,"San Antonio, TX",2025,1,1320
78250,"San Antonio, TX",2025,2,1610
78250,"San Antonio, TX",2025,3,2040
78250,"San Antonio, TX",2025,4,2410
78251,"San Antonio, TX",2025,0,1240
78251,"San Antonio, TX",2025,1,1370
78251,"San Antonio, TX",2025,2,1670
78251,"San Antonio, TX",2025,3,2120
78251,"San Antonio, TX",2025,4,2500
78252,"San Antonio, TX",2025,0,1410
78252,"San Antonio, TX",2025,1,1550
78252,"San Antonio, TX",2025,2,1890
78252,"San Antonio, TX",2025,3,2400
78252,"San Antonio, TX",2025,4,2820
78253,"San Antonio, TX",2025,0,1300
78253,"San Antonio, TX",2025,1,1430
78253,"San Antonio, TX",2025,2,1750
78253,"San Antonio, TX",2025,3,2230
78253,"San Antonio, TX",2025,4,2600
78254,"San Antonio, TX",2025,0,1460
78254,"San Antonio, TX",2025,1,1620
78254,"San Antonio, TX",2025,2,1970
78254,"San Antonio, TX",2025,3,2500
78254,"San Antonio, TX",2025,4,2940
78255,"San Antonio, TX",2025,0,1450
78255,"San Antonio, TX",2025,1,1600
78255,"San Antonio, TX",2025,2,1950
78255,"San Antonio, TX",2025,3,2480
78255,"San Antonio, TX",2025,4,2910
78256,"San Antonio, TX",2025,0,1350
78256,"San Antonio, TX",2025,1,1490
78256,"San Antonio, TX",2025,2,1820
78256,"San Antonio, TX",2025,3,2310
78256,"San Antonio, TX",2025,4,2720
78257,"San Antonio, TX",2025,0,1440
78257,"San Antonio, TX",2025,1,1590
78257,"San Antonio, TX",2025,2,1940
78257,"San Antonio, TX",2025,3,2460
78257,"San Antonio, TX",2025,4,2900
78258,"San Antonio, TX",2025,0,1430
78258,"San Antonio, TX",2025,1,1580
78258,"San Antonio, TX",2025,2,1930
78258,"San Antonio, TX",2025,3,2450
78258,"San Antonio, TX",2025,4,2880
78259,"San Antonio, TX",2025,0,1280
78259,"San Antonio, TX",2025,1,1410
78259,"San Antonio, TX",2025,2,1720
78259,"San Antonio, TX",2025,3,2180
78259,"San Antonio, TX",2025,4,2570
78260,"San Antonio, TX",2025,0,1670
78260,"San Antonio, TX",2025,1,1850
78260,"San Antonio, TX",2025,2,2250
78260,"San Antonio, TX",2025,3,2860
78260,"San Antonio, TX",2025,4,3360
78261,"San Antonio, TX",2025,0,1420
78261,"San Antonio, TX",2025,1,1570
78261,"San Antonio, TX",2025,2,1910
78261,"San Antonio, TX",2025,3,2430
78261,"San Antonio, TX",2025,4,2850
78263,"San Antonio, TX",2025,0,1090
78263,"San Antonio, TX",2025,1,1200
78263,"San Antonio, TX",2025,2,1460
78263,"San Antonio, TX",2025,3,1850
78263,"San Antonio, TX",2025,4,2180
78264,"San Antonio, TX",2025,0,1030
78264,"San Antonio, TX",2025,1,1150
78264,"San Antonio, TX",2025,2,1390
78264,"San Antonio, TX",2025,3,1760
78264,"San Antonio, TX",2025,4,2060
78265,"San Antonio, TX",2025,0,1110
78265,"San Antonio, TX",2025,1,1220
78265,"San Antonio, TX",2025,2,1490
78265,"San Antonio, TX",2025,3,1890
78265,"San Antonio, TX",2025,4,2230
78266,"San Antonio, TX",2025,0,1670
78266,"San Antonio, TX",2025,1,1850
78266,"San Antonio, TX",2025,2,2250
78266,"San Antonio, TX",2025,3,2860
78266,"San Antonio, TX",2025,4,3360
78268,"San Antonio, TX",2025,0,1110
78268,"San Antonio, TX",2025,1,1220
78268,"San Antonio, TX",2025,2,1490
78268,"San Antonio, TX",2025,3,1890
78268,"San Antonio, TX",2025,4,2230
78269,"San Antonio, TX",2025,0,1110
78269,"San Antonio, TX",2025,1,1220
78269,"San Antonio, TX",2025,2,1490
78269,"San Antonio, TX",2025,3,1890
78269,"San Antonio, TX",2025,4,2230
78270,"San Antonio, TX",2025,0,1110
78270,"San Antonio, TX",2025,1,1220
78270,"San Antonio, TX",2025,2,1490
78270,"San Antonio, TX",2025,3,1890
78270,"San Antonio, TX",2025,4,2230
78278,"San Antonio, TX",2025,0,1110
78278,"San Antonio, TX",2025,1,1220
78278,"San Antonio, TX",2025,2,1490
78278,"San Antonio, TX",2025,3,1890
78278,"San Antonio, TX",2025,4,2230
78279,"San Antonio, TX",2025,0,1110
78279,"San Antonio, TX",2025,1,1220
78279,"San Antonio, TX",2025,2,1490
78279,"San Antonio, TX",2025,3,1890
78279,"San Antonio, TX",2025,4,2230
78280,"San Antonio, TX",2025,0,1110
78280,"San Antonio, TX",2025,1,1220
78280,"San Antonio, TX",2025,2,1490
78280,"San Antonio, TX",2025,3,1890
78280,"San Antonio, TX",2025,4,2230
78283,"San Antonio, TX",2025,0,1110
78283,"San Antonio, TX",2025,1,1220
78283,"San Antonio, TX",2025,2,1490
78283,"San Antonio, TX",2025,3,1890
78283,"San Antonio, TX",2025,4,2230
78285,"San Antonio, TX",2025,0,1110
78285,"San Antonio, TX",2025,1,1220
78285,"San Antonio, TX",2025,2,1490
78285,"San Antonio, TX",2025,3,1890
78285,"San Antonio, TX",2025,4,2230
78288,"San Antonio, TX",2025,0,1110
78288,"San Antonio, TX",2025,1,1220
78288,"San Antonio, TX",2025,2,1490
78288,"San Antonio, TX",2025,3,1890
78288,"San Antonio, TX",2025,4,2230
78291,"San Antonio, TX",2025,0,1110
78291,"San Antonio, TX",2025,1,1220
78291,"San Antonio, TX",2025,2,1490
78291,"San Antonio, TX",2025,3,1890
78291,"San Antonio, TX",2025,4,2230
78292,"San Antonio, TX",2025,0,1110
78292,"San Antonio, TX",2025,1,1220
78292,"San Antonio, TX",2025,2,1490
78292,"San Antonio, TX",2025,3,1890
78292,"San Antonio, TX",2025,4,2230
78293,"San Antonio, TX",2025,0,1110
78293,"San Antonio, TX",2025,1,1220
78293,"San Antonio, TX",2025,2,1490
78293,"San Antonio, TX",2025,3,1890
78293,"San Antonio, TX",2025,4,2230
78294,"San Antonio, TX",2025,0,1110
78294,"San Antonio, TX",2025,1,1220
78294,"San Antonio, TX",2025,2,1490
78294,"San Antonio, TX",2025,3,1890
78294,"San Antonio, TX",2025,4,2230
78295,"San Antonio, TX",2025,0,1110
78295,"San Antonio, TX",2025,1,1220
78295,"San Antonio, TX",2025,2,1490
78295,"San Antonio, TX",2025,3,1890
78295,"San Antonio, TX",2025,4,2230
78296,"San Antonio, TX",2025,0,1110
78296,"San Antonio, TX",2025,1,1220
78296,"San Antonio, TX",2025,2,1490
78296,"San Antonio, TX",2025,3,1890
78296,"San Antonio, TX",2025,4,2230
78297,"San Antonio, TX",2025,0,1110
78297,"San Antonio, TX",2025,1,1220
78297,"San Antonio, TX",2025,2,1490
78297,"San Antonio, TX",2025,3,1890
78297,"San Antonio, TX",2025,4,2230
78298,"San Antonio, TX",2025,0,1110
78298,"San Antonio, TX",2025,1,1220
78298,"San Antonio, TX",2025,2,1490
78298,"San Antonio, TX",2025,3,1890
78298,"San Antonio, TX",2025,4,2230
78299,"San Antonio, TX",2025,0,1110
78299,"San Antonio, TX",2025,1,1220
78299,"San Antonio, TX",2025,2,1490
78299,"San Antonio, TX",2025,3,1890
78299,"San Antonio, TX",2025,4,2230
78606,"San Antonio, TX",2025,0,800
78606,"San Antonio, TX",2025,1,820
78606,"San Antonio, TX",2025,2,1040
78606,"San Antonio, TX",2025,3,1390
78606,"San Antonio, TX",2025,4,1540
78623,"San Antonio, TX",2025,0,1150
78623,"San Antonio, TX",2025,1,1240
78623,"San Antonio, TX",2025,2,1500
78623,"San Antonio, TX",2025,3,1910
78623,"San Antonio, TX",2025,4,2230
78638,"San Antonio, TX",2025,0,1120
78638,"San Antonio, TX",2025,1,1240
78638,"San Antonio, TX",2025,2,1510
78638,"San Antonio, TX",2025,3,1920
78638,"San Antonio, TX",2025,4,2260
78648,"San Antonio, TX",2025,0,1050
78648,"San Antonio, TX",2025,1,1120
78648,"San Antonio, TX",2025,2,1330
78648,"San Antonio, TX",2025,3,1700
78648,"San Antonio, TX",2025,4,1970
78655,"San Antonio, TX",2025,0,1120
78655,"San Antonio, TX",2025,1,1210
78655,"San Antonio, TX",2025,2,1440
78655,"San Antonio, TX",2025,3,1830
78655,"San Antonio, TX",2025,4,2140
78666,"San Antonio, TX",2025,0,1220
78666,"San Antonio, TX",2025,1,1300
78666,"San Antonio, TX",2025,2,1540
78666,"San Antonio, TX",2025,3,1960
78666,"San Antonio, TX",2025,4,2280
78670,"San Antonio, TX",2025,0,1380
78670,"San Antonio, TX",2025,1,1520
78670,"San Antonio, TX",2025,2,1850
78670,"San Antonio, TX",2025,3,2350
78670,"San Antonio, TX",2025,4,2760
78676,"San Antonio, TX",2025,0,1290
78676,"San Antonio, TX",2025,1,1380
78676,"San Antonio, TX",2025,2,1630
78676,"San Antonio, TX",2025,3,2080
78676,"San Antonio, TX",2025,4,2410
78883,"San Antonio, TX",2025,0,860
78883,"San Antonio, TX",2025,1,920
78883,"San Antonio, TX",2025,2,1150
78883,"San Antonio, TX",2025,3,1490
78883,"San Antonio, TX",2025,4,1680
78884,"San Antonio, TX",2025,0,820
78884,"San Antonio, TX",2025,1,920
78884,"San Antonio, TX",2025,2,1120
78884,"San Antonio, TX",2025,3,1420
78884,"San Antonio, TX",2025,4,1690
78885,"San Antonio, TX",2025,0,820
78885,"San Antonio, TX",2025,1,920
78885,"San Antonio, TX",2025,2,1120
78885,"San Antonio, TX",2025,3,1420
78885,"San Antonio, TX",2025,4,1700
66002,"Kansas City, KS",2025,0,890
66002,"Kansas City, KS",2025,1,990
66002,"Kansas City, KS",2025,2,1140
66002,"Kansas City, KS",2025,3,1490
66002,"Kansas City, KS",2025,4,1740
66007,"Kansas City, KS",2025,0,1060
66007,"Kansas City, KS",2025,1,1170
66007,"Kansas City, KS",2025,2,1330
66007,"Kansas City, KS",2025,3,1740
66007,"Kansas City, KS",2025,4,2050
66010,"Kansas City, KS",2025,0,890
66010,"Kansas City, KS",2025,1,990
66010,"Kansas City, KS",2025,2,1140
66010,"Kansas City, KS",2025,3,1490
66010,"Kansas City, KS",2025,4,1740
66012,"Kansas City, KS",2025,0,1060
66012,"Kansas City, KS",2025,1,1170
66012,"Kansas City, KS",2025,2,1330
66012,"Kansas City, KS",2025,3,1740
66012,"Kansas City, KS",2025,4,2050
66013,"Kansas City, KS",2025,0,1280
66013,"Kansas City, KS",2025,1,1410
66013,"Kansas City, KS",2025,2,1610
66013,"Kansas City, KS",2025,3,2100
66013,"Kansas City, KS",2025,4,2480
66014,"Kansas City, KS",2025,0,890
66014,"Kansas City, KS",2025,1,990
66014,"Kansas City, KS",2025,2,1140
66014,"Kansas City, KS",2025,3,1490
66014,"Kansas City, KS",2025,4,1740
66018,"Kansas City, KS",2025,0,910
66018,"Kansas City, KS",2025,1,1000
66018,"Kansas City, KS",2025,2,1140
66018,"Kansas City, KS",2025,3,1490
66018,"Kansas City, KS",2025,4,1760
66020,"Kansas City, KS",2025,0,890
66020,"Kansas City, KS",2025,1,990
66020,"Kansas City, KS",2025,2,1140
66020,"Kansas City, KS",2025,3,1490
66020,"Kansas City, KS",2025,4,1740
66021,"Kansas City, KS",2025,0,1030
66021,"Kansas City, KS",2025,1,1140
66021,"Kansas City, KS",2025,2,1300
66021,"Kansas City, KS",2025,3,1700
66021,"Kansas City, KS",2025,4,2020
66025,"Kansas City, KS",2025,0,1070
66025,"Kansas City, KS",2025,1,1200
66025,"Kansas City, KS",2025,2,1430
66025,"Kansas City, KS",2025,3,2000
66025,"Kansas City, KS",2025,4,2400
66026,"Kansas City, KS",2025,0,910
66026,"Kansas City, KS",2025,1,1010
66026,"Kansas City, KS",2025,2,1140
66026,"Kansas City, KS",2025,3,1490
66026,"Kansas City, KS",2025,4,1760
66027,"Kansas City, KS",2025,0,1610
66027,"Kansas City, KS",2025,1,1780
66027,"Kansas City, KS",2025,2,2020
66027,"Kansas City, KS",2025,3,2640
66027,"Kansas City, KS",2025,4,3120
66030,"Kansas City, KS",2025,0,1180
66030,"Kansas City, KS",2025,1,1300
66030,"Kansas City, KS",2025,2,1480
66030,"Kansas City, KS",2025,3,1930
66030,"Kansas City, KS",2025,4,2280
66031,"Kansas City, KS",2025,0,1060
66031,"Kansas City, KS",2025,1,1170
66031,"Kansas City, KS",2025,2,1330
66031,"Kansas City, KS",2025,3,1730
66031,"Kansas City, KS",2025,4,2050
66033,"Kansas City, KS",2025,0,890
66033,"Kansas City, KS",2025,1,990
66033,"Kansas City, KS",2025,2,1140
66033,"Kansas City, KS",2025,3,1490
66033,"Kansas City, KS",2025,4,1740
66036,"Kansas City, KS",2025,0,1010
66036,"Kansas City, KS",2025,1,1120
66036,"Kansas City, KS",2025,2,1270
66036,"Kansas City, KS",2025,3,1660
66036,"Kansas City, KS",2025,4,1960
66039,"Kansas City, KS",2025,0,890
66039,"Kansas City, KS",2025,1,990
66039,"Kansas City, KS",2025,2,1140
66039,"Kansas City, KS",2025,3,1490
66039,"Kansas City, KS",2025,4,1740
66040,"Kansas City, KS",2025,0,890
66040,"Kansas City, KS",2025,1,990
66040,"Kansas City, KS",2025,2,1140
66040,"Kansas City, KS",2025,3,1490
66040,"Kansas City, KS",2025,4,1740
66042,"Kansas City, KS",2025,0,890
66042,"Kansas City, KS",2025,1,990
66042,"Kansas City, KS",2025,2,1140
66042,"Kansas City, KS",2025,3,1490
66042,"Kansas City, KS",2025,4,1740
66043,"Kansas City, KS",2025,0,1090
66043,"Kansas City, KS",2025,1,1200
66043,"Kansas City, KS",2025,2,1360
66043,"Kansas City, KS",2025,3,1770
66043,"Kansas City, KS",2025,4,2100
66044,"Kansas City, KS",2025,0,890
66044,"Kansas City, KS",2025,1,990
66044,"Kansas City, KS",2025,2,1140
66044,"Kansas City, KS",2025,3,1510
66044,"Kansas City, KS",2025,4,1810
66048,"Kansas City, KS",2025,0,890
66048,"Kansas City, KS",2025,1,990
66048,"Kansas City, KS",2025,2,1140
66048,"Kansas City, KS",2025,3,1490
66048,"Kansas City, KS",2025,4,1740
66051,"Kansas City, KS",2025,0,1210
66051,"Kansas City, KS",2025,1,1340
66051,"Kansas City, KS",2025,2,1520
66051,"Kansas City, KS",2025,3,1980
66051,"Kansas City, KS",2025,4,2350
66052,"Kansas City, KS",2025,0,1000
66052,"Kansas City, KS",2025,1,1110
66052,"Kansas City, KS",2025,2,1280
66052,"Kansas City, KS",2025,3,1700
66052,"Kansas City, KS",2025,4,2020
66053,"Kansas City, KS",2025,0,1350
66053,"Kansas City, KS",2025,1,1490
66053,"Kansas City, KS",2025,2,1690
66053,"Kansas City, KS",2025,3,2200
66053,"Kansas City, KS",2025,4,2610
66054,"Kansas City, KS",2025,0,890
66054,"Kansas City, KS",2025,1,990
66054,"Kansas City, KS",2025,2,1140
66054,"Kansas City, KS",2025,3,1490
66054,"Kansas City, KS",2025,4,1740
66056,"Kansas City, KS",2025,0,890
66056,"Kansas City, KS",2025,1,990
66056,"Kansas City, KS",2025,2,1140
66056,"Kansas City, KS",2025,3,1490
66056,"Kansas City, KS",2025,4,1740
66061,"Kansas City, KS",2025,0,970
66061,"Kansas City, KS",2025,1,1070
66061,"Kansas City, KS",2025,2,1220
66061,"Kansas City, KS",2025,3,1590
66061,"Kansas City, KS",2025,4,1880
66062,"Kansas City, KS",2025,0,1210
66062,"Kansas City, KS",2025,1,1340
66062,"Kansas City, KS",2025,2,1520
66062,"Kansas City, KS",2025,3,1980
66062,"Kansas City, KS",2025,4,2350
66063,"Kansas City, KS",2025,0,1210
66063,"Kansas City, KS",2025,1,1340
66063,"Kansas City, KS",2025,2,1520
66063,"Kansas City, KS",2025,3,1980
66063,"Kansas City, KS",2025,4,2350
66064,"Kansas City, KS",2025,0,890
66064,"Kansas City, KS",2025,1,990
66064,"Kansas City, KS",2025,2,1140
66064,"Kansas City, KS",2025,3,1490
66064,"Kansas City, KS",2025,4,1740
66071,"Kansas City, KS",2025,0,920
66071,"Kansas City, KS",2025,1,1010
66071,"Kansas City, KS",2025,2,1150
66071,"Kansas City, KS",2025,3,1500
66071,"Kansas City, KS",2025,4,1780
66072,"Kansas City, KS",2025,0,1090
66072,"Kansas City, KS",2025,1,1200
66072,"Kansas City, KS",2025,2,1360
66072,"Kansas City, KS",2025,3,1770
66072,"Kansas City, KS",2025,4,2100
66075,"Kansas City, KS",2025,0,890
66075,"Kansas City, KS",2025,1,990
66075,"Kansas City, KS",2025,2,1140
66075,"Kansas City, KS",2025,3,1490
66075,"Kansas City, KS",2025,4,1740
66079,"Kansas City, KS",2025,0,890
66079,"Kansas City, KS",2025,1,990
66079,"Kansas City, KS",2025,2,1140
66079,"Kansas City, KS",2025,3,1490
66079,"Kansas City, KS",2025,4,1740
66083,"Kansas City, KS",2025,0,1010
66083,"Kansas City, KS",2025,1,1120
66083,"Kansas City, KS",2025,2,1270
66083,"Kansas City, KS",2025,3,1660
66083,"Kansas City, KS",2025,4,1960
66085,"Kansas City, KS",2025,0,1610
66085,"Kansas City, KS",2025,1,1780
66085,"Kansas City, KS",2025,2,2020
66085,"Kansas City, KS",2025,3,2640
66085,"Kansas City, KS",2025,4,3120
66086,"Kansas City, KS",2025,0,1060
66086,"Kansas City, KS",2025,1,1170
66086,"Kansas City, KS",2025,2,1330
66086,"Kansas City, KS",2025,3,1730
66086,"Kansas City, KS",2025,4,2050
66092,"Kansas City, KS",2025,0,1000
66092,"Kansas City, KS",2025,1,1020
66092,"Kansas City, KS",2025,2,1300
66092,"Kansas City, KS",2025,3,1600
66092,"Kansas City, KS",2025,4,1850
66097,"Kansas City, KS",2025,0,890
66097,"Kansas City, KS",2025,1,990
66097,"Kansas City, KS",2025,2,1140
66097,"Kansas City, KS",2025,3,1490
66097,"Kansas City, KS",2025,4,1740
66101,"Kansas City, KS",2025,0,890
66101,"Kansas City, KS",2025,1,990
66101,"Kansas City, KS",2025,2,1140
66101,"Kansas City, KS",2025,3,1490
66101,"Kansas City, KS",2025,4,1740
66102,"Kansas City, KS",2025,0,930
66102,"Kansas City, KS",2025,1,1020
66102,"Kansas City, KS",2025,2,1160
66102,"Kansas City, KS",2025,3,1510
66102,"Kansas City, KS",2025,4,1790
66103,"Kansas City, KS",2025,0,1040
66103,"Kansas City, KS",2025,1,1140
66103,"Kansas City, KS",2025,2,1300
66103,"Kansas City, KS",2025,3,1700
66103,"Kansas City, KS",2025,4,2010
66104,"Kansas City, KS",2025,0,960
66104,"Kansas City, KS",2025,1,1060
66104,"Kansas City, KS",2025,2,1200
66104,"Kansas City, KS",2025,3,1570
66104,"Kansas City, KS",2025,4,1850
66105,"Kansas City, KS",2025,0,890
66105,"Kansas City, KS",2025,1,990
66105,"Kansas City, KS",2025,2,1140
66105,"Kansas City, KS",2025,3,1490
66105,"Kansas City, KS",2025,4,1740
66106,"Kansas City, KS",2025,0,940
66106,"Kansas City, KS",2025,1,1040
66106,"Kansas City, KS",2025,2,1180
66106,"Kansas City, KS",2025,3,1540
66106,"Kansas City, KS",2025,4,1820
66109,"Kansas City, KS",2025,0,1490
66109,"Kansas City, KS",2025,1,1640
66109,"Kansas City, KS",2025,2,1870
66109,"Kansas City, KS",2025,3,2440
66109,"Kansas City, KS",2025,4,2890
66110,"Kansas City, KS",2025,0,990
66110,"Kansas City, KS",2025,1,1090
66110,"Kansas City, KS",2025,2,1240
66110,"Kansas City, KS",2025,3,1620
66110,"Kansas City, KS",2025,4,1910
66111,"Kansas City, KS",2025,0,1010
66111,"Kansas City, KS",2025,1,1110
66111,"Kansas City, KS",2025,2,1260
66111,"Kansas City, KS",2025,3,1640
66111,"Kansas City, KS",2025,4,1950
66112,"Kansas City, KS",2025,0,1000
66112,"Kansas City, KS",2025,1,1100
66112,"Kansas City, KS",2025,2,1250
66112,"Kansas City, KS",2025,3,1630
66112,"Kansas City, KS",2025,4,1930
66115,"Kansas City, KS",2025,0,990
66115,"Kansas City, KS",2025,1,1090
66115,"Kansas City, KS",2025,2,1240
66115,"Kansas City, KS",2025,3,1620
66115,"Kansas City, KS",2025,4,1910
66117,"Kansas City, KS",2025,0,990
66117,"Kansas City, KS",2025,1,1090
66117,"Kansas City, KS",2025,2,1240
66117,"Kansas City, KS",2025,3,1620
66117,"Kansas City, KS",2025,4,1910
66118,"Kansas City, KS",2025,0,990
66118,"Kansas City, KS",2025,1,1090
66118,"Kansas City, KS",2025,2,1240
66118,"Kansas City, KS",2025,3,1620
66118,"Kansas City, KS",2025,4,1910
66119,"Kansas City, KS",2025,0,990
66119,"Kansas City, KS",2025,1,1090
66119,"Kansas City, KS",2025,2,1240
66119,"Kansas City, KS",2025,3,1620
66119,"Kansas City, KS",2025,4,1910
66160,"Kansas City, KS",2025,0,990
66160,"Kansas City, KS",2025,1,1090
66160,"Kansas City, KS",2025,2,1240
66160,"Kansas City, KS",2025,3,1620
66160,"Kansas City, KS",2025,4,1910
66201,"Kansas City, KS",2025,0,1210
66201,"Kansas City, KS",2025,1,1340
66201,"Kansas City, KS",2025,2,1520
66201,"Kansas City, KS",2025,3,1980
66201,"Kansas City, KS",2025,4,2350
66202,"Kansas City, KS",2025,0,1050
66202,"Kansas City, KS",2025,1,1160
66202,"Kansas City, KS",2025,2,1320
66202,"Kansas City, KS",2025,3,1720
66202,"Kansas City, KS",2025,4,2040
66203,"Kansas City, KS",2025,0,1040
66203,"Kansas City, KS",2025,1,1140
66203,"Kansas City, KS",2025,2,1300
66203,"Kansas City, KS",2025,3,1700
66203,"Kansas City, KS",2025,4,2010
66204,"Kansas City, KS",2025,0,1140
66204,"Kansas City, KS",2025,1,1260
66204,"Kansas City, KS",2025,2,1430
66204,"Kansas City, KS",2025,3,1870
66204,"Kansas City, KS",2025,4,2210
66205,"Kansas City, KS",2025,0,1320
66205,"Kansas City, KS",2025,1,1460
66205,"Kansas City, KS",2025,2,1660
66205,"Kansas City, KS",2025,3,2170
66205,"Kansas City, KS",2025,4,2560
66206,"Kansas City, KS",2025,0,1610
66206,"Kansas City, KS",2025,1,1780
66206,"Kansas City, KS",2025,2,2020
66206,"Kansas City, KS",2025,3,2640
66206,"Kansas City, KS",2025,4,3120
66207,"Kansas City, KS",2025,0,1610
66207,"Kansas City, KS",2025,1,1780
66207,"Kansas City, KS",2025,2,2020
66207,"Kansas City, KS",2025,3,2640
66207,"Kansas City, KS",2025,4,3120
66208,"Kansas City, KS",2025,0,1550
66208,"Kansas City, KS",2025,1,1710
66208,"Kansas City, KS",2025,2,1940
66208,"Kansas City, KS",2025,3,2530
66208,"Kansas City, KS",2025,4,2990
66209,"Kansas City, KS",2025,0,1250
66209,"Kansas City, KS",2025,1,1380
66209,"Kansas City, KS",2025,2,1570
66209,"Kansas City, KS",2025,3,2050
66209,"Kansas City, KS",2025,4,2420
66210,"Kansas City, KS",2025,0,1360
66210,"Kansas City, KS",2025,1,1490
66210,"Kansas City, KS",2025,2,1700
66210,"Kansas City, KS",2025,3,2220
66210,"Kansas City, KS",2025,4,2620
66211,"Kansas City, KS",2025,0,1330
66211,"Kansas City, KS",2025,1,1470
66211,"Kansas City, KS",2025,2,1670
66211,"Kansas City, KS",2025,3,2180
66211,"Kansas City, KS",2025,4,2580
66212,"Kansas City, KS",2025,0,1250
66212,"Kansas City, KS",2025,1,1370
66212,"Kansas City, KS",2025,2,1560
66212,"Kansas City, KS",2025,3,2040
66212,"Kansas City, KS",2025,4,2410
66213,"Kansas City, KS",2025,0,1500
66213,"Kansas City, KS",2025,1,1650
66213,"Kansas City, KS",2025,2,1880
66213,"Kansas City, KS",2025,3,2450
66213,"Kansas City, KS",2025,4,2900
66214,"Kansas City, KS",2025,0,970
66214,"Kansas City, KS",2025,1,1070
66214,"Kansas City, KS",2025,2,1220
66214,"Kansas City, KS",2025,3,1590
66214,"Kansas City, KS",2025,4,1880
66215,"Kansas City, KS",2025,0,1240
66215,"Kansas City, KS",2025,1,1360
66215,"Kansas City, KS",2025,2,1550
66215,"Kansas City, KS",2025,3,2020
66215,"Kansas City, KS",2025,4,2390
66216,"Kansas City, KS",2025,0,1130
66216,"Kansas City, KS",2025,1,1240
66216,"Kansas City, KS",2025,2,1410
66216,"Kansas City, KS",2025,3,1840
66216,"Kansas City, KS",2025,4,2180
66217,"Kansas City, KS",2025,0,1150
66217,"Kansas City, KS",2025,1,1270
66217,"Kansas City, KS",2025,2,1440
66217,"Kansas City, KS",2025,3,1880
66217,"Kansas City, KS",2025,4,2220
66218,"Kansas City, KS",2025,0,1570
66218,"Kansas City, KS",2025,1,1730
66218,"Kansas City, KS",2025,2,1970
66218,"Kansas City, KS",2025,3,2570
66218,"Kansas City, KS",2025,4,3040
66219,"Kansas City, KS",2025,0,1290
66219,"Kansas City, KS",2025,1,1420
66219,"Kansas City, KS",2025,2,1620
66219,"Kansas City, KS",2025,3,2110
66219,"Kansas City, KS",2025,4,2500
66220,"Kansas City, KS",2025,0,1240
66220,"Kansas City, KS",2025,1,1360
66220,"Kansas City, KS",2025,2,1550
66220,"Kansas City, KS",2025,3,2020
66220,"Kansas City, KS",2025,4,2390
66221,"Kansas City, KS",2025,0,1430
66221,"Kansas City, KS",2025,1,1570
66221,"Kansas City, KS",2025,2,1790
66221,"Kansas City, KS",2025,3,2340
66221,"Kansas City, KS",2025,4,2760
66223,"Kansas City, KS",2025,0,1450
66223,"Kansas City, KS",2025,1,1600
66223,"Kansas City, KS",2025,2,1820
66223,"Kansas City, KS",2025,3,2370
66223,"Kansas City, KS",2025,4,2810
66224,"Kansas City, KS",2025,0,1550
66224,"Kansas City, KS",2025,1,1710
66224,"Kansas City, KS",2025,2,1940
66224,"Kansas City, KS",2025,3,2530
66224,"Kansas City, KS",2025,4,2990
66225,"Kansas City, KS",2025,0,1210
66225,"Kansas City, KS",2025,1,1340
66225,"Kansas City, KS",2025,2,1520
66225,"Kansas City, KS",2025,3,1980
66225,"Kansas City, KS",2025,4,2350
66226,"Kansas City, KS",2025,0,1170
66226,"Kansas City, KS",2025,1,1280
66226,"Kansas City, KS",2025,2,1460
66226,"Kansas City, KS",2025,3,1900
66226,"Kansas City, KS",2025,4,2250
66227,"Kansas City, KS",2025,0,1590
66227,"Kansas City, KS",2025,1,1750
66227,"Kansas City, KS",2025,2,1990
66227,"Kansas City, KS",2025,3,2600
66227,"Kansas City, KS",2025,4,3070
66250,"Kansas City, KS",2025,0,1210
66250,"Kansas City, KS",2025,1,1340
66250,"Kansas City, KS",2025,2,1520
66250,"Kansas City, KS",2025,3,1980
66250,"Kansas City, KS",2025,4,2350
66251,"Kansas City, KS",2025,0,1320
66251,"Kansas City, KS",2025,1,1460
66251,"Kansas City, KS",2025,2,1660
66251,"Kansas City, KS",2025,3,2170
66251,"Kansas City, KS",2025,4,2560
66276,"Kansas City, KS",2025,0,1210
66276,"Kansas City, KS",2025,1,1340
66276,"Kansas City, KS",2025,2,1520
66276,"Kansas City, KS",2025,3,1980
66276,"Kansas City, KS",2025,4,2350
66282,"Kansas City, KS",2025,0,1210
66282,"Kansas City, KS",2025,1,1340
66282,"Kansas City, KS",2025,2,1520
66282,"Kansas City, KS",2025,3,1980
66282,"Kansas City, KS",2025,4,2350
66283,"Kansas City, KS",2025,0,1210
66283,"Kansas City, KS",2025,1,1340
66283,"Kansas City, KS",2025,2,1520
66283,"Kansas City, KS",2025,3,1980
66283,"Kansas City, KS",2025,4,2350
66285,"Kansas City, KS",2025,0,1210
66285,"Kansas City, KS",2025,1,1340
66285,"Kansas City, KS",2025,2,1520
66285,"Kansas City, KS",2025,3,1980
66285,"Kansas City, KS",2025,4,2350
66286,"Kansas City, KS",2025,0,1210
66286,"Kansas City, KS",2025,1,1340
66286,"Kansas City, KS",2025,2,1520
66286,"Kansas City, KS",2025,3,1980
66286,"Kansas City, KS",2025,4,2350
66738,"Kansas City, KS",2025,0,890
66738,"Kansas City, KS",2025,1,990
66738,"Kansas City, KS",2025,2,1140
66738,"Kansas City, KS",2025,3,1490
66738,"Kansas City, KS",2025,4,1740
66754,"Kansas City, KS",2025,0,890
66754,"Kansas City, KS",2025,1,990
66754,"Kansas City, KS",2025,2,1290
66754,"Kansas City, KS",2025,3,1550
66754,"Kansas City, KS",2025,4,1840
66767,"Kansas City, KS",2025,0,890
66767,"Kansas City, KS",2025,1,990
66767,"Kansas City, KS",2025,2,1140
66767,"Kansas City, KS",2025,3,1490
66767,"Kansas City, KS",2025,4,1740
66840,"Wichita, KS",2025,0,630
66840,"Wichita, KS",2025,1,700
66840,"Wichita, KS",2025,2,920
66840,"Wichita, KS",2025,3,1210
66840,"Wichita, KS",2025,4,1480
66842,"Wichita, KS",2025,0,630
66842,"Wichita, KS",2025,1,700
66842,"Wichita, KS",2025,2,920
66842,"Wichita, KS",2025,3,1210
66842,"Wichita, KS",2025,4,1480
66866,"Wichita, KS",2025,0,630
66866,"Wichita, KS",2025,1,700
66866,"Wichita, KS",2025,2,920
66866,"Wichita, KS",2025,3,1210
66866,"Wichita, KS",2025,4,1480
67001,"Wichita, KS",2025,0,760
67001,"Wichita, KS",2025,1,830
67001,"Wichita, KS",2025,2,1090
67001,"Wichita, KS",2025,3,1430
67001,"Wichita, KS",2025,4,1750
67002,"Wichita, KS",2025,0,1030
67002,"Wichita, KS",2025,1,1140
67002,"Wichita, KS",2025,2,1490
67002,"Wichita, KS",2025,3,1950
67002,"Wichita, KS",2025,4,2390
67008,"Wichita, KS",2025,0,630
67008,"Wichita, KS",2025,1,700
67008,"Wichita, KS",2025,2,920
67008,"Wichita, KS",2025,3,1210
67008,"Wichita, KS",2025,4,1480
67010,"Wichita, KS",2025,0,740
67010,"Wichita, KS",2025,1,820
67010,"Wichita, KS",2025,2,1070
67010,"Wichita, KS",2025,3,1400
67010,"Wichita, KS",2025,4,1710
67012,"Wichita, KS",2025,0,630
67012,"Wichita, KS",2025,1,700
67012,"Wichita, KS",2025,2,920
67012,"Wichita, KS",2025,3,1210
67012,"Wichita, KS",2025,4,1480
67016,"Wichita, KS",2025,0,760
67016,"Wichita, KS",2025,1,840
67016,"Wichita, KS",2025,2,1100
67016,"Wichita, KS",2025,3,1440
67016,"Wichita, KS",2025,4,1760
67017,"Wichita, KS",2025,0,850
67017,"Wichita, KS",2025,1,940
67017,"Wichita, KS",2025,2,1230
67017,"Wichita, KS",2025,3,1610
67017,"Wichita, KS",2025,4,1970
67020,"Wichita, KS",2025,0,630
67020,"Wichita, KS",2025,1,700
67020,"Wichita, KS",2025,2,920
67020,"Wichita, KS",2025,3,1210
67020,"Wichita, KS",2025,4,1480
67025,"Wichita, KS",2025,0,740
67025,"Wichita, KS",2025,1,820
67025,"Wichita, KS",2025,2,1070
67025,"Wichita, KS",2025,3,1420
67025,"Wichita, KS",2025,4,1690
67026,"Wichita, KS",2025,0,780
67026,"Wichita, KS",2025,1,860
67026,"Wichita, KS",2025,2,1130
67026,"Wichita, KS",2025,3,1480
67026,"Wichita, KS",2025,4,1800
67030,"Wichita, KS",2025,0,890
67030,"Wichita, KS",2025,1,990
67030,"Wichita, KS",2025,2,1290
67030,"Wichita, KS",2025,3,1690
67030,"Wichita, KS",2025,4,2070
67031,"Wichita, KS",2025,0,670
67031,"Wichita, KS",2025,1,740
67031,"Wichita, KS",2025,2,970
67031,"Wichita, KS",2025,3,1210
67031,"Wichita, KS",2025,4,1480
67037,"Wichita, KS",2025,0,780
67037,"Wichita, KS",2025,1,860
67037,"Wichita, KS",2025,2,1130
67037,"Wichita, KS",2025,3,1480
67037,"Wichita, KS",2025,4,1810
67039,"Wichita, KS",2025,0,630
67039,"Wichita, KS",2025,1,700
67039,"Wichita, KS",2025,2,920
67039,"Wichita, KS",2025,3,1210
67039,"Wichita, KS",2025,4,1480
67041,"Wichita, KS",2025,0,640
67041,"Wichita, KS",2025,1,710
67041,"Wichita, KS",2025,2,920
67041,"Wichita, KS",2025,3,1210
67041,"Wichita, KS",2025,4,1480
67042,"Wichita, KS",2025,0,630
67042,"Wichita, KS",2025,1,700
67042,"Wichita, KS",2025,2,920
67042,"Wichita, KS",2025,3,1210
67042,"Wichita, KS",2025,4,1480
67045,"Wichita, KS",2025,0,630
67045,"Wichita, KS",2025,1,710
67045,"Wichita, KS",2025,2,930
67045,"Wichita, KS",2025,3,1230
67045,"Wichita, KS",2025,4,1500
67050,"Wichita, KS",2025,0,750
67050,"Wichita, KS",2025,1,830
67050,"Wichita, KS",2025,2,1080
67050,"Wichita, KS",2025,3,1420
67050,"Wichita, KS",2025,4,1720
67052,"Wichita, KS",2025,0,930
67052,"Wichita, KS",2025,1,1020
67052,"Wichita, KS",2025,2,1340
67052,"Wichita, KS",2025,3,1760
67052,"Wichita, KS",2025,4,2150
67055,"Wichita, KS",2025,0,830
67055,"Wichita, KS",2025,1,920
67055,"Wichita, KS",2025,2,1200
67055,"Wichita, KS",2025,3,1570
67055,"Wichita, KS",2025,4,1920
67056,"Wichita, KS",2025,0,640
67056,"Wichita, KS",2025,1,700
67056,"Wichita, KS",2025,2,920
67056,"Wichita, KS",2025,3,1210
67056,"Wichita, KS",2025,4,1480
67060,"Wichita, KS",2025,0,690
67060,"Wichita, KS",2025,1,760
67060,"Wichita, KS",2025,2,1000
67060,"Wichita, KS",2025,3,1310
67060,"Wichita, KS",2025,4,1600
67062,"Wichita, KS",2025,0,630
67062,"Wichita, KS",2025,1,700
67062,"Wichita, KS",2025,2,920
67062,"Wichita, KS",2025,3,1210
67062,"Wichita, KS",2025,4,1480
67067,"Wichita, KS",2025,0,1030
67067,"Wichita, KS",2025,1,1130
67067,"Wichita, KS",2025,2,1480
67067,"Wichita, KS",2025,3,1940
67067,"Wichita, KS",2025,4,2370
67072,"Wichita, KS",2025,0,630
67072,"Wichita, KS",2025,1,700
67072,"Wichita, KS",2025,2,920
67072,"Wichita, KS",2025,3,1210
67072,"Wichita, KS",2025,4,1480
67074,"Wichita, KS",2025,0,630
67074,"Wichita, KS",2025,1,700
67074,"Wichita, KS",2025,2,920
67074,"Wichita, KS",2025,3,1210
67074,"Wichita, KS",2025,4,1480
67101,"Wichita, KS",2025,0,800
67101,"Wichita, KS",2025,1,890
67101,"Wichita, KS",2025,2,1160
67101,"Wichita, KS",2025,3,1520
67101,"Wichita, KS",2025,4,1860
67106,"Wichita, KS",2025,0,650
67106,"Wichita, KS",2025,1,710
67106,"Wichita, KS",2025,2,940
67106,"Wichita, KS",2025,3,1220
67106,"Wichita, KS",2025,4,1480
67107,"Wichita, KS",2025,0,630
67107,"Wichita, KS",2025,1,700
67107,"Wichita, KS",2025,2,920
67107,"Wichita, KS",2025,3,1210
67107,"Wichita, KS",2025,4,1480
67108,"Wichita, KS",2025,0,630
67108,"Wichita, KS",2025,1,700
67108,"Wichita, KS",2025,2,920
67108,"Wichita, KS",2025,3,1210
67108,"Wichita, KS",2025,4,1480
67110,"Wichita, KS",2025,0,740
67110,"Wichita, KS",2025,1,810
67110,"Wichita, KS",2025,2,1070
67110,"Wichita, KS",2025,3,1370
67110,"Wichita, KS",2025,4,1630
67114,"Wichita, KS",2025,0,640
67114,"Wichita, KS",2025,1,710
67114,"Wichita, KS",2025,2,920
67114,"Wichita, KS",2025,3,1210
67114,"Wichita, KS",2025,4,1480
67117,"Wichita, KS",2025,0,630
67117,"Wichita, KS",2025,1,700
67117,"Wichita, KS",2025,2,920
67117,"Wichita, KS",2025,3,1210
67117,"Wichita, KS",2025,4,1480
67118,"Wichita, KS",2025,0,630
67118,"Wichita, KS",2025,1,700
67118,"Wichita, KS",2025,2,920
67118,"Wichita, KS",2025,3,1220
67118,"Wichita, KS",2025,4,1480
67120,"Wichita, KS",2025,0,690
67120,"Wichita, KS",2025,1,760
67120,"Wichita, KS",2025,2,990
67120,"Wichita, KS",2025,3,1250
67120,"Wichita, KS",2025,4,1480
67123,"Wichita, KS",2025,0,630
67123,"Wichita, KS",2025,1,700
67123,"Wichita, KS",2025,2,920
67123,"Wichita, KS",2025,3,1210
67123,"Wichita, KS",2025,4,1480
67131,"Wichita, KS",2025,0,630
67131,"Wichita, KS",2025,1,710
67131,"Wichita, KS",2025,2,930
67131,"Wichita, KS",2025,3,1230
67131,"Wichita, KS",2025,4,1500
67132,"Wichita, KS",2025,0,630
67132,"Wichita, KS",2025,1,700
67132,"Wichita, KS",2025,2,920
67132,"Wichita, KS",2025,3,1210
67132,"Wichita, KS",2025,4,1480
67133,"Wichita, KS",2025,0,860
67133,"Wichita, KS",2025,1,950
67133,"Wichita, KS",2025,2,1240
67133,"Wichita, KS",2025,3,1630
67133,"Wichita, KS",2025,4,1990
67135,"Wichita, KS",2025,0,720
67135,"Wichita, KS",2025,1,790
67135,"Wichita, KS",2025,2,1040
67135,"Wichita, KS",2025,3,1360
67135,"Wichita, KS",2025,4,1670
67144,"Wichita, KS",2025,0,690
67144,"Wichita, KS",2025,1,760
67144,"Wichita, KS",2025,2,990
67144,"Wichita, KS",2025,3,1300
67144,"Wichita, KS",2025,4,1590
67147,"Wichita, KS",2025,0,710
67147,"Wichita, KS",2025,1,780
67147,"Wichita, KS",2025,2,1020
67147,"Wichita, KS",2025,3,1350
67147,"Wichita, KS",2025,4,1640
67149,"Wichita, KS",2025,0,770
67149,"Wichita, KS",2025,1,850
67149,"Wichita, KS",2025,2,1120
67149,"Wichita, KS",2025,3,1450
67149,"Wichita, KS",2025,4,1720
67151,"Wichita, KS",2025,0,750
67151,"Wichita, KS",2025,1,830
67151,"Wichita, KS",2025,2,1090
67151,"Wichita, KS",2025,3,1430
67151,"Wichita, KS",2025,4,1730
67154,"Wichita, KS",2025,0,660
67154,"Wichita, KS",2025,1,730
67154,"Wichita, KS",2025,2,950
67154,"Wichita, KS",2025,3,1250
67154,"Wichita, KS",2025,4,1520
67201,"Wichita, KS",2025,0,690
67201,"Wichita, KS",2025,1,760
67201,"Wichita, KS",2025,2,1000
67201,"Wichita, KS",2025,3,1310
67201,"Wichita, KS",2025,4,1600
67202,"Wichita, KS",2025,0,740
67202,"Wichita, KS",2025,1,820
67202,"Wichita, KS",2025,2,1070
67202,"Wichita, KS",2025,3,1400
67202,"Wichita, KS",2025,4,1710
67203,"Wichita, KS",2025,0,670
67203,"Wichita, KS",2025,1,740
67203,"Wichita, KS",2025,2,970
67203,"Wichita, KS",2025,3,1270
67203,"Wichita, KS",2025,4,1550
67204,"Wichita, KS",2025,0,640
67204,"Wichita, KS",2025,1,710
67204,"Wichita, KS",2025,2,930
67204,"Wichita, KS",2025,3,1220
67204,"Wichita, KS",2025,4,1490
67205,"Wichita, KS",2025,0,1030
67205,"Wichita, KS",2025,1,1140
67205,"Wichita, KS",2025,2,1490
67205,"Wichita, KS",2025,3,1950
67205,"Wichita, KS",2025,4,2390
67206,"Wichita, KS",2025,0,800
67206,"Wichita, KS",2025,1,890
67206,"Wichita, KS",2025,2,1160
67206,"Wichita, KS",2025,3,1520
67206,"Wichita, KS",2025,4,1860
67207,"Wichita, KS",2025,0,680
67207,"Wichita, KS",2025,1,750
67207,"Wichita, KS",2025,2,980
67207,"Wichita, KS",2025,3,1290
67207,"Wichita, KS",2025,4,1570
67208,"Wichita, KS",2025,0,750
67208,"Wichita, KS",2025,1,820
67208,"Wichita, KS",2025,2,1080
67208,"Wichita, KS",2025,3,1420
67208,"Wichita, KS",2025,4,1730
67209,"Wichita, KS",2025,0,690
67209,"Wichita, KS",2025,1,760
67209,"Wichita, KS",2025,2,1000
67209,"Wichita, KS",2025,3,1310
67209,"Wichita, KS",2025,4,1600
67210,"Wichita, KS",2025,0,630
67210,"Wichita, KS",2025,1,700
67210,"Wichita, KS",2025,2,920
67210,"Wichita, KS",2025,3,1210
67210,"Wichita, KS",2025,4,1480
67211,"Wichita, KS",2025,0,670
67211,"Wichita, KS",2025,1,730
67211,"Wichita, KS",2025,2,960
67211,"Wichita, KS",2025,3,1260
67211,"Wichita, KS",2025,4,1540
67212,"Wichita, KS",2025,0,770
67212,"Wichita, KS",2025,1,850
67212,"Wichita, KS",2025,2,1110
67212,"Wichita, KS",2025,3,1460
67212,"Wichita, KS",2025,4,1780
67213,"Wichita, KS",2025,0,670
67213,"Wichita, KS",2025,1,740
67213,"Wichita, KS",2025,2,970
67213,"Wichita, KS",2025,3,1270
67213,"Wichita, KS",2025,4,1550
67214,"Wichita, KS",2025,0,630
67214,"Wichita, KS",2025,1,700
67214,"Wichita, KS",2025,2,920
67214,"Wichita, KS",2025,3,1210
67214,"Wichita, KS",2025,4,1480
67215,"Wichita, KS",2025,0,1030
67215,"Wichita, KS",2025,1,1140
67215,"Wichita, KS",2025,2,1490
67215,"Wichita, KS",2025,3,1950
67215,"Wichita, KS",2025,4,2390
67216,"Wichita, KS",2025,0,630
67216,"Wichita, KS",2025,1,700
67216,"Wichita, KS",2025,2,920
67216,"Wichita, KS",2025,3,1210
67216,"Wichita, KS",2025,4,1480
67217,"Wichita, KS",2025,0,710
67217,"Wichita, KS",2025,1,780
67217,"Wichita, KS",2025,2,1020
67217,"Wichita, KS",2025,3,1340
67217,"Wichita, KS",2025,4,1630
67218,"Wichita, KS",2025,0,630
67218,"Wichita, KS",2025,1,700
67218,"Wichita, KS",2025,2,920
67218,"Wichita, KS",2025,3,1210
67218,"Wichita, KS",2025,4,1480
67219,"Wichita, KS",2025,0,760
67219,"Wichita, KS",2025,1,840
67219,"Wichita, KS",2025,2,1100
67219,"Wichita, KS",2025,3,1440
67219,"Wichita, KS",2025,4,1760
67220,"Wichita, KS",2025,0,690
67220,"Wichita, KS",2025,1,760
67220,"Wichita, KS",2025,2,990
67220,"Wichita, KS",2025,3,1300
67220,"Wichita, KS",2025,4,1590
67221,"Wichita, KS",2025,0,640
67221,"Wichita, KS",2025,1,710
67221,"Wichita, KS",2025,2,930
67221,"Wichita, KS",2025,3,1220
67221,"Wichita, KS",2025,4,1490
67223,"Wichita, KS",2025,0,950
67223,"Wichita, KS",2025,1,1050
67223,"Wichita, KS",2025,2,1370
67223,"Wichita, KS",2025,3,1790
67223,"Wichita, KS",2025,4,2200
67226,"Wichita, KS",2025,0,830
67226,"Wichita, KS",2025,1,920
67226,"Wichita, KS",2025,2,1200
67226,"Wichita, KS",2025,3,1570
67226,"Wichita, KS",2025,4,1920
67227,"Wichita, KS",2025,0,940
67227,"Wichita, KS",2025,1,1040
67227,"Wichita, KS",2025,2,1360
67227,"Wichita, KS",2025,3,1780
67227,"Wichita, KS",2025,4,2180
67228,"Wichita, KS",2025,0,870
67228,"Wichita, KS",2025,1,960
67228,"Wichita, KS",2025,2,1250
67228,"Wichita, KS",2025,3,1640
67228,"Wichita, KS",2025,4,2000
67230,"Wichita, KS",2025,0,1030
67230,"Wichita, KS",2025,1,1140
67230,"Wichita, KS",2025,2,1490
67230,"Wichita, KS",2025,3,1950
67230,"Wichita, KS",2025,4,2390
67232,"Wichita, KS",2025,0,840
67232,"Wichita, KS",2025,1,930
67232,"Wichita, KS",2025,2,1210
67232,"Wichita, KS",2025,3,1590
67232,"Wichita, KS",2025,4,1950
67235,"Wichita, KS",2025,0,1030
67235,"Wichita, KS",2025,1,1140
67235,"Wichita, KS",2025,2,1490
67235,"Wichita, KS",2025,3,1950
67235,"Wichita, KS",2025,4,2390
67260,"Wichita, KS",2025,0,690
67260,"Wichita, KS",2025,1,760
67260,"Wichita, KS",2025,2,1000
67260,"Wichita, KS",2025,3,1310
67260,"Wichita, KS",2025,4,1600
67275,"Wichita, KS",2025,0,690
67275,"Wichita, KS",2025,1,760
67275,"Wichita, KS",2025,2,1000
67275,"Wichita, KS",2025,3,1310
67275,"Wichita, KS",2025,4,1600
67277,"Wichita, KS",2025,0,690
67277,"Wichita, KS",2025,1,760
67277,"Wichita, KS",2025,2,1000
67277,"Wichita, KS",2025,3,1310
67277,"Wichita, KS",2025,4,1600
67278,"Wichita, KS",2025,0,690
67278,"Wichita, KS",2025,1,760
67278,"Wichita, KS",2025,2,1000
67278,"Wichita, KS",2025,3,1310
67278,"Wichita, KS",2025,4,1600
67522,"Wichita, KS",2025,0,630
67522,"Wichita, KS",2025,1,700
67522,"Wichita, KS",2025,2,920
67522,"Wichita, KS",2025,3,1210
67522,"Wichita, KS",2025,4,1480
67543,"Wichita, KS",2025,0,630
67543,"Wichita, KS",2025,1,710
67543,"Wichita, KS",2025,2,920
67543,"Wichita, KS",2025,3,1210
67543,"Wichita, KS",2025,4,1480
67546,"Wichita, KS",2025,0,680
67546,"Wichita, KS",2025,1,730
67546,"Wichita, KS",2025,2,960
67546,"Wichita, KS",2025,3,1230
67546,"Wichita, KS",2025,4,1480
75001,"Dallas, TX",2024,0,1930
75001,"Dallas, TX",2024,1,2030
75001,"Dallas, TX",2024,2,2380
75001,"Dallas, TX",2024,3,2990
75001,"Dallas, TX",2024,4,3850
75002,"Dallas, TX",2024,0,1860
75002,"Dallas, TX",2024,1,1950
75002,"Dallas, TX",2024,2,2290
75002,"Dallas, TX",2024,3,2880
75002,"Dallas, TX",2024,4,3710
75006,"Dallas, TX",2024,0,1480
75006,"Dallas, TX",2024,1,1550
75006,"Dallas, TX",2024,2,1820
75006,"Dallas, TX",2024,3,2290
75006,"Dallas, TX",2024,4,2950
75007,"Dallas, TX",2024,0,1500
75007,"Dallas, TX",2024,1,1580
75007,"Dallas, TX",2024,2,1850
75007,"Dallas, TX",2024,3,2330
75007,"Dallas, TX",2024,4,3000
75009,"Dallas, TX",2024,0,1830
75009,"Dallas, TX",2024,1,1930
75009,"Dallas, TX",2024,2,2260
75009,"Dallas, TX",2024,3,2840
75009,"Dallas, TX",2024,4,3660
75010,"Dallas, TX",2024,0,1590
75010,"Dallas, TX",2024,1,1670
75010,"Dallas, TX",2024,2,1960
75010,"Dallas, TX",2024,3,2470
75010,"Dallas, TX",2024,4,3170
75011,"Dallas, TX",2024,0,1410
75011,"Dallas, TX",2024,1,1480
75011,"Dallas, TX",2024,2,1740
75011,"Dallas, TX",2024,3,2190
75011,"Dallas, TX",2024,4,2810
75013,"Dallas, TX",2024,0,1710
75013,"Dallas, TX",2024,1,1800
75013,"Dallas, TX",2024,2,2110
75013,"Dallas, TX",2024,3,2650
75013,"Dallas, TX",2024,4,3420
75014,"Dallas, TX",2024,0,1360
75014,"Dallas, TX",2024,1,1430
75014,"Dallas, TX",2024,2,1680
75014,"Dallas, TX",2024,3,2110
75014,"Dallas, TX",2024,4,2720
75015,"Dallas, TX",2024,0,1360
75015,"Dallas, TX",2024,1,1430
75015,"Dallas, TX",2024,2,1680
75015,"Dallas, TX",2024,3,2110
75015,"Dallas, TX",2024,4,2720
75016,"Dallas, TX",2024,0,1360
75016,"Dallas, TX",2024,1,1430
75016,"Dallas, TX",2024,2,1680
75016,"Dallas, TX",2024,3,2110
75016,"Dallas, TX",2024,4,2720
75017,"Dallas, TX",2024,0,1360
75017,"Dallas, TX",2024,1,1430
75017,"Dallas, TX",2024,2,1680
75017,"Dallas, TX",2024,3,2110
75017,"Dallas, TX",2024,4,2720
75019,"Dallas, TX",2024,0,1730
75019,"Dallas, TX",2024,1,1820
75019,"Dallas, TX",2024,2,2130
75019,"Dallas, TX",2024,3,2680
75019,"Dallas, TX",2024,4,3450
75023,"Dallas, TX",2024,0,1640
75023,"Dallas, TX",2024,1,1720
75023,"Dallas, TX",2024,2,2020
75023,"Dallas, TX",2024,3,2540
75023,"Dallas, TX",2024,4,3270
75024,"Dallas, TX",2024,0,1960
75024,"Dallas, TX",2024,1,2060
75024,"Dallas, TX",2024,2,2420
75024,"Dallas, TX",2024,3,3040
75024,"Dallas, TX",2024,4,3920
75025,"Dallas, TX",2024,0,1820
75025,"Dallas, TX",2024,1,1910
75025,"Dallas, TX",2024,2,2240
75025,"Dallas, TX",2024,3,2820
75025,"Dallas, TX",2024,4,3630
75026,"Dallas, TX",2024,0,1680
75026,"Dallas, TX",2024,1,1770
75026,"Dallas, TX",2024,2,2070
75026,"Dallas, TX",2024,3,2600
75026,"Dallas, TX",2024,4,3350
75027,"Dallas, TX",2024,0,1490
75027,"Dallas, TX",2024,1,1570
75027,"Dallas, TX",2024,2,1840
75027,"Dallas, TX",2024,3,2320
75027,"Dallas, TX",2024,4,2980
75029,"Dallas, TX",2024,0,1490
75029,"Dallas, TX",2024,1,1570
75029,"Dallas, TX",2024,2,1840
75029,"Dallas, TX",2024,3,2320
75029,"Dallas, TX",2024,4,2980
75030,"Dallas, TX",2024,0,1360
75030,"Dallas, TX",2024,1,1430
75030,"Dallas, TX",2024,2,1680
75030,"Dallas, TX",2024,3,2110
75030,"Dallas, TX",2024,4,2720
75032,"Dallas, TX",2024,0,1670
75032,"Dallas, TX",2024,1,1760
75032,"Dallas, TX",2024,2,2060
75032,"Dallas, TX",2024,3,2590
75032,"Dallas, TX",2024,4,3340
75033,"Dallas, TX",2024,0,1530
75033,"Dallas, TX",2024,1,1610
75033,"Dallas, TX",2024,2,1890
75033,"Dallas, TX",2024,3,2370
75033,"Dallas, TX",2024,4,3060
75034,"Dallas, TX",2024,0,1850
75034,"Dallas, TX",2024,1,1950
75034,"Dallas, TX",2024,2,2280
75034,"Dallas, TX",2024,3,2870
75034,"Dallas, TX",2024,4,3690
75035,"Dallas, TX",2024,0,2030
75035,"Dallas, TX",2024,1,2130
75035,"Dallas, TX",2024,2,2500
75035,"Dallas, TX",2024,3,3150
75035,"Dallas, TX",2024,4,4050
75036,"Dallas, TX",2024,0,1490
75036,"Dallas, TX",2024,1,1570
75036,"Dallas, TX",2024,2,1840
75036,"Dallas, TX",2024,3,2320
75036,"Dallas, TX",2024,4,2980
75038,"Dallas, TX",2024,0,1510
75038,"Dallas, TX",2024,1,1590
75038,"Dallas, TX",2024,2,1860
75038,"Dallas, TX",2024,3,2340
75038,"Dallas, TX",2024,4,3010
75039,"Dallas, TX",2024,0,2040
75039,"Dallas, TX",2024,1,2140
75039,"Dallas, TX",2024,2,2510
75039,"Dallas, TX",2024,3,3160
75039,"Dallas, TX",2024,4,4060
75040,"Dallas, TX",2024,0,1380
75040,"Dallas, TX",2024,1,1450
75040,"Dallas, TX",2024,2,1700
75040,"Dallas, TX",2024,3,2140
75040,"Dallas, TX",2024,4,2750
75041,"Dallas, TX",2024,0,1260
75041,"Dallas, TX",2024,1,1320
75041,"Dallas, TX",2024,2,1550
75041,"Dallas, TX",2024,3,1950
75041,"Dallas, TX",2024,4,2510
75042,"Dallas, TX",2024,0,1190
75042,"Dallas, TX",2024,1,1250
75042,"Dallas, TX",2024,2,1470
75042,"Dallas, TX",2024,3,1850
75042,"Dallas, TX",2024,4,2380
75043,"Dallas, TX",2024,0,1370
75043,"Dallas, TX",2024,1,1440
75043,"Dallas, TX",2024,2,1690
75043,"Dallas, TX",2024,3,2130
75043,"Dallas, TX",2024,4,2740
75044,"Dallas, TX",2024,0,1550
75044,"Dallas, TX",2024,1,1630
75044,"Dallas, TX",2024,2,1910
75044,"Dallas, TX",2024,3,2400
75044,"Dallas, TX",2024,4,3090
75045,"Dallas, TX",2024,0,1360
75045,"Dallas, TX",2024,1,1430
75045,"Dallas, TX",2024,2,1680
75045,"Dallas, TX",2024,3,2110
75045,"Dallas, TX",2024,4,2720
75046,"Dallas, TX",2024,0,1360
75046,"Dallas, TX",2024,1,1430
75046,"Dallas, TX",2024,2,1680
75046,"Dallas, TX",2024,3,2110
75046,"Dallas, TX",2024,4,2720
75047,"Dallas, TX",2024,0,1360
75047,"Dallas, TX",2024,1,1430
75047,"Dallas, TX",2024,2,1680
75047,"Dallas, TX",2024,3,2110
75047,"Dallas, TX",2024,4,2720
75048,"Dallas, TX",2024,0,1800
75048,"Dallas, TX",2024,1,1890
75048,"Dallas, TX",2024,2,2220
75048,"Dallas, TX",2024,3,2790
75048,"Dallas, TX",2024,4,3600
75049,"Dallas, TX",2024,0,1360
75049,"Dallas, TX",2024,1,1430
75049,"Dallas, TX",2024,2,1680
75049,"Dallas, TX",2024,3,2110
75049,"Dallas, TX",2024,4,2720
75056,"Dallas, TX",2024,0,1640
75056,"Dallas, TX",2024,1,1720
75056,"Dallas, TX",2024,2,2020
75056,"Dallas, TX",2024,3,2540
75056,"Dallas, TX",2024,4,3270
75057,"Dallas, TX",2024,0,1500
75057,"Dallas, TX",2024,1,1580
75057,"Dallas, TX",2024,2,1850
75057,"Dallas, TX",2024,3,2330
75057,"Dallas, TX",2024,4,3000
75058,"Dallas, TX",2024,0,1220
75058,"Dallas, TX",2024,1,1420
75058,"Dallas, TX",2024,2,1670
75058,"Dallas, TX",2024,3,2280
75058,"Dallas, TX",2024,4,2830
75060,"Dallas, TX",2024,0,1170
75060,"Dallas, TX",2024,1,1230
75060,"Dallas, TX",2024,2,1440
75060,"Dallas, TX",2024,3,1810
75060,"Dallas, TX",2024,4,2330
75061,"Dallas, TX",2024,0,1280
75061,"Dallas, TX",2024,1,1350
75061,"Dallas, TX",2024,2,1580
75061,"Dallas, TX",2024,3,1990
75061,"Dallas, TX",2024,4,2560
75062,"Dallas, TX",2024,0,1320
75062,"Dallas, TX",2024,1,1390
75062,"Dallas, TX",2024,2,1630
75062,"Dallas, TX",2024,3,2050
75062,"Dallas, TX",2024,4,2640
75063,"Dallas, TX",2024,0,1770
75063,"Dallas, TX",2024,1,1860
75063,"Dallas, TX",2024,2,2180
75063,"Dallas, TX",2024,3,2740
75063,"Dallas, TX",2024,4,3530
75065,"Dallas, TX",2024,0,1480
75065,"Dallas, TX",2024,1,1550
75065,"Dallas, TX",2024,2,1820
75065,"Dallas, TX",2024,3,2290
75065,"Dallas, TX",2024,4,2950
75067,"Dallas, TX",2024,0,1540
75067,"Dallas, TX",2024,1,1620
75067,"Dallas, TX",2024,2,1900
75067,"Dallas, TX",2024,3,2390
75067,"Dallas, TX",2024,4,3080
75068,"Dallas, TX",2024,0,2000
75068,"Dallas, TX",2024,1,2110
75068,"Dallas, TX",2024,2,2470
75068,"Dallas, TX",2024,3,3110
75068,"Dallas, TX",2024,4,4000
75069,"Dallas, TX",2024,0,1400
75069,"Dallas, TX",2024,1,1480
75069,"Dallas, TX",2024,2,1730
75069,"Dallas, TX",2024,3,2180
75069,"Dallas, TX",2024,4,2800
75070,"Dallas, TX",2024,0,1680
75070,"Dallas, TX",2024,1,1770
75070,"Dallas, TX",2024,2,2070
75070,"Dallas, TX",2024,3,2600
75070,"Dallas, TX",2024,4,3350
75071,"Dallas, TX",2024,0,1960
75071,"Dallas, TX",2024,1,2060
75071,"Dallas, TX",2024,2,2410
75071,"Dallas, TX",2024,3,3030
75071,"Dallas, TX",2024,4,3900
75072,"Dallas, TX",2024,0,1680
75072,"Dallas, TX",2024,1,1770
75072,"Dallas, TX",2024,2,2070
75072,"Dallas, TX",2024,3,2600
75072,"Dallas, TX",2024,4,3350
75074,"Dallas, TX",2024,0,1620
75074,"Dallas, TX",2024,1,1710
75074,"Dallas, TX",2024,2,2000
75074,"Dallas, TX",2024,3,2520
75074,"Dallas, TX",2024,4,3240
75075,"Dallas, TX",2024,0,1570
75075,"Dallas, TX",2024,1,1650
75075,"Dallas, TX",2024,2,1930
75075,"Dallas, TX",2024,3,2430
75075,"Dallas, TX",2024,4,3130
75077,"Dallas, TX",2024,0,1730
75077,"Dallas, TX",2024,1,1820
75077,"Dallas, TX",2024,2,2130
75077,"Dallas, TX",2024,3,2680
75077,"Dallas, TX",2024,4,3450
75078,"Dallas, TX",2024,0,1950
75078,"Dallas, TX",2024,1,2050
75078,"Dallas, TX",2024,2,2400
75078,"Dallas, TX",2024,3,3020
75078,"Dallas, TX",2024,4,3890
75080,"Dallas, TX",2024,0,1470
75080,"Dallas, TX",2024,1,1540
75080,"Dallas, TX",2024,2,1810
75080,"Dallas, TX",2024,3,2280
75080,"Dallas, TX",2024,4,2930
75081,"Dallas, TX",2024,0,1610
75081,"Dallas, TX",2024,1,1690
75081,"Dallas, TX",2024,2,1980
75081,"Dallas, TX",2024,3,2490
75081,"Dallas, TX",2024,4,3210
75082,"Dallas, TX",2024,0,1950
75082,"Dallas, TX",2024,1,2050
75082,"Dallas, TX",2024,2,2400
75082,"Dallas, TX",2024,3,3020
75082,"Dallas, TX",2024,4,3890
75083,"Dallas, TX",2024,0,1360
75083,"Dallas, TX",2024,1,1430
75083,"Dallas, TX",2024,2,1680
75083,"Dallas, TX",2024,3,2110
75083,"Dallas, TX",2024,4,2720
75085,"Dallas, TX",2024,0,1360
75085,"Dallas, TX",2024,1,1430
75085,"Dallas, TX",2024,2,1680
75085,"Dallas, TX",2024,3,2110
75085,"Dallas, TX",2024,4,2720
75086,"Dallas, TX",2024,0,1680
75086,"Dallas, TX",2024,1,1770
75086,"Dallas, TX",2024,2,2070
75086,"Dallas, TX",2024,3,2600
75086,"Dallas, TX",2024,4,3350
75087,"Dallas, TX",2024,0,1580
75087,"Dallas, TX",2024,1,1660
75087,"Dallas, TX",2024,2,1950
75087,"Dallas, TX",2024,3,2450
75087,"Dallas, TX",2024,4,3160
75088,"Dallas, TX",2024,0,1910
75088,"Dallas, TX",2024,1,2010
75088,"Dallas, TX",2024,2,2360
75088,"Dallas, TX",2024,3,2970
75088,"Dallas, TX",2024,4,3820
75089,"Dallas, TX",2024,0,1880
75089,"Dallas, TX",2024,1,1980
75089,"Dallas, TX",2024,2,2320
75089,"Dallas, TX",2024,3,2920
75089,"Dallas, TX",2024,4,3760
75093,"Dallas, TX",2024,0,1900
75093,"Dallas, TX",2024,1,2000
75093,"Dallas, TX",2024,2,2340
75093,"Dallas, TX",2024,3,2940
75093,"Dallas, TX",2024,4,3790
75094,"Dallas, TX",2024,0,2140
75094,"Dallas, TX",2024,1,2250
75094,"Dallas, TX",2024,2,2640
75094,"Dallas, TX",2024,3,3320
75094,"Dallas, TX",2024,4,4280
75097,"Dallas, TX",2024,0,1680
75097,"Dallas, TX",2024,1,1770
75097,"Dallas, TX",2024,2,2070
75097,"Dallas, TX",2024,3,2600
75097,"Dallas, TX",2024,4,3350
75098,"Dallas, TX",2024,0,1870
75098,"Dallas, TX",2024,1,1960
75098,"Dallas, TX",2024,2,2300
75098,"Dallas, TX",2024,3,2890
75098,"Dallas, TX",2024,4,3720
75101,"Dallas, TX",2024,0,1120
75101,"Dallas, TX",2024,1,1180
75101,"Dallas, TX",2024,2,1380
75101,"Dallas, TX",2024,3,1740
75101,"Dallas, TX",2024,4,2230
75104,"Dallas, TX",2024,0,1740
75104,"Dallas, TX",2024,1,1830
75104,"Dallas, TX",2024,2,2140
75104,"Dallas, TX",2024,3,2690
75104,"Dallas, TX",2024,4,3470
75106,"Dallas, TX",2024,0,1360
75106,"Dallas, TX",2024,1,1430
75106,"Dallas, TX",2024,2,1680
75106,"Dallas, TX",2024,3,2110
75106,"Dallas, TX",2024,4,2720
75114,"Dallas, TX",2024,0,1320
75114,"Dallas, TX",2024,1,1390
75114,"Dallas, TX",2024,2,1630
75114,"Dallas, TX",2024,3,2050
75114,"Dallas, TX",2024,4,2640
75115,"Dallas, TX",2024,0,1450
75115,"Dallas, TX",2024,1,1530
75115,"Dallas, TX",2024,2,1790
75115,"Dallas, TX",2024,3,2250
75115,"Dallas, TX",2024,4,2900
75116,"Dallas, TX",2024,0,1350
75116,"Dallas, TX",2024,1,1420
75116,"Dallas, TX",2024,2,1670
75116,"Dallas, TX",2024,3,2100
75116,"Dallas, TX",2024,4,2700
75118,"Dallas, TX",2024,0,1280
75118,"Dallas, TX",2024,1,1350
75118,"Dallas, TX",2024,2,1580
75118,"Dallas, TX",2024,3,1990
75118,"Dallas, TX",2024,4,2560
75119,"Dallas, TX",2024,0,1140
75119,"Dallas, TX",2024,1,1200
75119,"Dallas, TX",2024,2,1410
75119,"Dallas, TX",2024,3,1770
75119,"Dallas, TX",2024,4,2280
75123,"Dallas, TX",2024,0,1360
75123,"Dallas, TX",2024,1,1430
75123,"Dallas, TX",2024,2,1680
75123,"Dallas, TX",2024,3,2110
75123,"Dallas, TX",2024,4,2720
75125,"Dallas, TX",2024,0,1230
75125,"Dallas, TX",2024,1,1290
75125,"Dallas, TX",2024,2,1510
75125,"Dallas, TX",2024,3,1900
75125,"Dallas, TX",2024,4,2450
75126,"Dallas, TX",2024,0,1900
75126,"Dallas, TX",2024,1,2000
75126,"Dallas, TX",2024,2,2340
75126,"Dallas, TX",2024,3,2940
75126,"Dallas, TX",2024,4,3790
75132,"Dallas, TX",2024,0,1720
75132,"Dallas, TX",2024,1,1810
75132,"Dallas, TX",2024,2,2120
75132,"Dallas, TX",2024,3,2670
75132,"Dallas, TX",2024,4,3430
75134,"Dallas, TX",2024,0,1370
75134,"Dallas, TX",2024,1,1440
75134,"Dallas, TX",2024,2,1690
75134,"Dallas, TX",2024,3,2130
75134,"Dallas, TX",2024,4,2740
75135,"Dallas, TX",2024,0,1310
75135,"Dallas, TX",2024,1,1380
75135,"Dallas, TX",2024,2,1620
75135,"Dallas, TX",2024,3,2040
75135,"Dallas, TX",2024,4,2620
75137,"Dallas, TX",2024,0,1590
75137,"Dallas, TX",2024,1,1670
75137,"Dallas, TX",2024,2,1960
75137,"Dallas, TX",2024,3,2470
75137,"Dallas, TX",2024,4,3170
75138,"Dallas, TX",2024,0,1360
75138,"Dallas, TX",2024,1,1430
75138,"Dallas, TX",2024,2,1680
75138,"Dallas, TX",2024,3,2110
75138,"Dallas, TX",2024,4,2720
75141,"Dallas, TX",2024,0,1390
75141,"Dallas, TX",2024,1,1460
75141,"Dallas, TX",2024,2,1710
75141,"Dallas, TX",2024,3,2150
75141,"Dallas, TX",2024,4,2770
75142,"Dallas, TX",2024,0,1180
75142,"Dallas, TX",2024,1,1250
75142,"Dallas, TX",2024,2,1460
75142,"Dallas, TX",2024,3,1840
75142,"Dallas, TX",2024,4,2360
75143,"Dallas, TX",2024,0,1050
75143,"Dallas, TX",2024,1,1110
75143,"Dallas, TX",2024,2,1300
75143,"Dallas, TX",2024,3,1640
75143,"Dallas, TX",2024,4,2110
75146,"Dallas, TX",2024,0,1430
75146,"Dallas, TX",2024,1,1500
75146,"Dallas, TX",2024,2,1760
75146,"Dallas, TX",2024,3,2210
75146,"Dallas, TX",2024,4,2850
75147,"Dallas, TX",2024,0,950
75147,"Dallas, TX",2024,1,1000
75147,"Dallas, TX",2024,2,1170
75147,"Dallas, TX",2024,3,1470
75147,"Dallas, TX",2024,4,1890
75149,"Dallas, TX",2024,0,1310
75149,"Dallas, TX",2024,1,1370
75149,"Dallas, TX",2024,2,1610
75149,"Dallas, TX",2024,3,2030
75149,"Dallas, TX",2024,4,2610
75150,"Dallas, TX",2024,0,1400
75150,"Dallas, TX",2024,1,1470
75150,"Dallas, TX",2024,2,1720
75150,"Dallas, TX",2024,3,2160
75150,"Dallas, TX",2024,4,2790
75152,"Dallas, TX",2024,0,1500
75152,"Dallas, TX",2024,1,1580
75152,"Dallas, TX",2024,2,1850
75152,"Dallas, TX",2024,3,2330
75152,"Dallas, TX",2024,4,3000
75154,"Dallas, TX",2024,0,1480
75154,"Dallas, TX",2024,1,1560
75154,"Dallas, TX",2024,2,1830
75154,"Dallas, TX",2024,3,2300
75154,"Dallas, TX",2024,4,2960
75156,"Dallas, TX",2024,0,1020
75156,"Dallas, TX",2024,1,1080
75156,"Dallas, TX",2024,2,1260
75156,"Dallas, TX",2024,3,1590
75156,"Dallas, TX",2024,4,2070
75157,"Dallas, TX",2024,0,1000
75157,"Dallas, TX",2024,1,1050
75157,"Dallas, TX",2024,2,1230
75157,"Dallas, TX",2024,3,1550
75157,"Dallas, TX",2024,4,1990
75158,"Dallas, TX",2024,0,1270
75158,"Dallas, TX",2024,1,1330
75158,"Dallas, TX",2024,2,1560
75158,"Dallas, TX",2024,3,1960
75158,"Dallas, TX",2024,4,2530
75159,"Dallas, TX",2024,0,1300
75159,"Dallas, TX",2024,1,1360
75159,"Dallas, TX",2024,2,1600
75159,"Dallas, TX",2024,3,2010
75159,"Dallas, TX",2024,4,2590
75160,"Dallas, TX",2024,0,1200
75160,"Dallas, TX",2024,1,1260
75160,"Dallas, TX",2024,2,1480
75160,"Dallas, TX",2024,3,1860
75160,"Dallas, TX",2024,4,2400
75161,"Dallas, TX",2024,0,1070
75161,"Dallas, TX",2024,1,1130
75161,"Dallas, TX",2024,2,1320
75161,"Dallas, TX",2024,3,1660
75161,"Dallas, TX",2024,4,2140
75164,"Dallas, TX",2024,0,1300
75164,"Dallas, TX",2024,1,1360
75164,"Dallas, TX",2024,2,1600
75164,"Dallas, TX",2024,3,2010
75164,"Dallas, TX",2024,4,2590
75165,"Dallas, TX",2024,0,1190
75165,"Dallas, TX",2024,1,1250
75165,"Dallas, TX",2024,2,1470
75165,"Dallas, TX",2024,3,1850
75165,"Dallas, TX",2024,4,2380
75166,"Dallas, TX",2024,0,1980
75166,"Dallas, TX",2024,1,2080
75166,"Dallas, TX",2024,2,2440
75166,"Dallas, TX",2024,3,3070
75166,"Dallas, TX",2024,4,3950
75167,"Dallas, TX",2024,0,1880
75167,"Dallas, TX",2024,1,1980
75167,"Dallas, TX",2024,2,2320
75167,"Dallas, TX",2024,3,2920
75167,"Dallas, TX",2024,4,3760
75168,"Dallas, TX",2024,0,1310
75168,"Dallas, TX",2024,1,1370
75168,"Dallas, TX",2024,2,1610
75168,"Dallas, TX",2024,3,2030
75168,"Dallas, TX",2024,4,2610
75169,"Dallas, TX",2024,0,920
75169,"Dallas, TX",2024,1,960
75169,"Dallas, TX",2024,2,1130
75169,"Dallas, TX",2024,3,1420
75169,"Dallas, TX",2024,4,1830
75172,"Dallas, TX",2024,0,1070
75172,"Dallas, TX",2024,1,1130
75172,"Dallas, TX",2024,2,1320
75172,"Dallas, TX",2024,3,1660
75172,"Dallas, TX",2024,4,2140
75173,"Dallas, TX",2024,0,1310
75173,"Dallas, TX",2024,1,1370
75173,"Dallas, TX",2024,2,1610
75173,"Dallas, TX",2024,3,2030
75173,"Dallas, TX",2024,4,2610
75180,"Dallas, TX",2024,0,1260
75180,"Dallas, TX",2024,1,1320
75180,"Dallas, TX",2024,2,1550
75180,"Dallas, TX",2024,3,1950
75180,"Dallas, TX",2024,4,2510
75181,"Dallas, TX",2024,0,2040
75181,"Dallas, TX",2024,1,2140
75181,"Dallas, TX",2024,2,2510
75181,"Dallas, TX",2024,3,3160
75181,"Dallas, TX",2024,4,4060
75182,"Dallas, TX",2024,0,1580
75182,"Dallas, TX",2024,1,1660
75182,"Dallas, TX",2024,2,1950
75182,"Dallas, TX",2024,3,2450
75182,"Dallas, TX",2024,4,3150
75185,"Dallas, TX",2024,0,1360
75185,"Dallas, TX",2024,1,1430
75185,"Dallas, TX",2024,2,1680
75185,"Dallas, TX",2024,3,2110
75185,"Dallas, TX",2024,4,2720
75187,"Dallas, TX",2024,0,1360
75187,"Dallas, TX",2024,1,1430
75187,"Dallas, TX",2024,2,1680
75187,"Dallas, TX",2024,3,2110
75187,"Dallas, TX",2024,4,2720
75189,"Dallas, TX",2024,0,1830
75189,"Dallas, TX",2024,1,1930
75189,"Dallas, TX",2024,2,2260
75189,"Dallas, TX",2024,3,2840
75189,"Dallas, TX",2024,4,3660
75201,"Dallas, TX",2024,0,2140
75201,"Dallas, TX",2024,1,2250
75201,"Dallas, TX",2024,2,2640
75201,"Dallas, TX",2024,3,3320
75201,"Dallas, TX",2024,4,4280
75202,"Dallas, TX",2024,0,1850
75202,"Dallas, TX",2024,1,1950
75202,"Dallas, TX",2024,2,2280
75202,"Dallas, TX",2024,3,2870
75202,"Dallas, TX",2024,4,3690
75203,"Dallas, TX",2024,0,1080
75203,"Dallas, TX",2024,1,1130
75203,"Dallas, TX",2024,2,1330
75203,"Dallas, TX",2024,3,1670
75203,"Dallas, TX",2024,4,2150
75204,"Dallas, TX",2024,0,2090
75204,"Dallas, TX",2024,1,2200
75204,"Dallas, TX",2024,2,2580
75204,"Dallas, TX",2024,3,3250
75204,"Dallas, TX",2024,4,4180
75205,"Dallas, TX",2024,0,2040
75205,"Dallas, TX",2024,1,2140
75205,"Dallas, TX",2024,2,2510
75205,"Dallas, TX",2024,3,3160
75205,"Dallas, TX",2024,4,4060
75206,"Dallas, TX",2024,0,1760
75206,"Dallas, TX",2024,1,1850
75206,"Dallas, TX",2024,2,2170
75206,"Dallas, TX",2024,3,2730
75206,"Dallas, TX",2024,4,3510
75207,"Dallas, TX",2024,0,1910
75207,"Dallas, TX",2024,1,2000
75207,"Dallas, TX",2024,2,2350
75207,"Dallas, TX",2024,3,2960
75207,"Dallas, TX",2024,4,3810
75208,"Dallas, TX",2024,0,1410
75208,"Dallas, TX",2024,1,1480
75208,"Dallas, TX",2024,2,1740
75208,"Dallas, TX",2024,3,2190
75208,"Dallas, TX",2024,4,2820
75209,"Dallas, TX",2024,0,1690
75209,"Dallas, TX",2024,1,1770
75209,"Dallas, TX",2024,2,2080
75209,"Dallas, TX",2024,3,2620
75209,"Dallas, TX",2024,4,3370
75210,"Dallas, TX",2024,0,950
75210,"Dallas, TX",2024,1,1000
75210,"Dallas, TX",2024,2,1170
75210,"Dallas, TX",2024,3,1470
75210,"Dallas, TX",2024,4,1890
75211,"Dallas, TX",2024,0,1110
75211,"Dallas, TX",2024,1,1170
75211,"Dallas, TX",2024,2,1370
75211,"Dallas, TX",2024,3,1720
75211,"Dallas, TX",2024,4,2220
75212,"Dallas, TX",2024,0,1110
75212,"Dallas, TX",2024,1,1170
75212,"Dallas, TX",2024,2,1370
75212,"Dallas, TX",2024,3,1720
75212,"Dallas, TX",2024,4,2220
75214,"Dallas, TX",2024,0,1640
75214,"Dallas, TX",2024,1,1720
75214,"Dallas, TX",2024,2,2020
75214,"Dallas, TX",2024,3,2540
75214,"Dallas, TX",2024,4,3270
75215,"Dallas, TX",2024,0,1070
75215,"Dallas, TX",2024,1,1130
75215,"Dallas, TX",2024,2,1320
75215,"Dallas, TX",2024,3,1660
75215,"Dallas, TX",2024,4,2140
75216,"Dallas, TX",2024,0,990
75216,"Dallas, TX",2024,1,1040
75216,"Dallas, TX",2024,2,1220
75216,"Dallas, TX",2024,3,1540
75216,"Dallas, TX",2024,4,1980
75217,"Dallas, TX",2024,0,1040
75217,"Dallas, TX",2024,1,1090
75217,"Dallas, TX",2024,2,1280
75217,"Dallas, TX",2024,3,1610
75217,"Dallas, TX",2024,4,2070
75218,"Dallas, TX",2024,0,1570
75218,"Dallas, TX",2024,1,1650
75218,"Dallas, TX",2024,2,1930
75218,"Dallas, TX",2024,3,2430
75218,"Dallas, TX",2024,4,3130
75219,"Dallas, TX",2024,0,1870
75219,"Dallas, TX",2024,1,1970
75219,"Dallas, TX",2024,2,2310
75219,"Dallas, TX",2024,3,2910
75219,"Dallas, TX",2024,4,3740
75220,"Dallas, TX",2024,0,1250
75220,"Dallas, TX",2024,1,1310
75220,"Dallas, TX",2024,2,1540
75220,"Dallas, TX",2024,3,1940
75220,"Dallas, TX",2024,4,2490
75221,"Dallas, TX",2024,0,1360
75221,"Dallas, TX",2024,1,1430
75221,"Dallas, TX",2024,2,1680
75221,"Dallas, TX",2024,3,2110
75221,"Dallas, TX",2024,4,2720
75222,"Dallas, TX",2024,0,1360
75222,"Dallas, TX",2024,1,1430
75222,"Dallas, TX",2024,2,1680
75222,"Dallas, TX",2024,3,2110
75222,"Dallas, TX",2024,4,2720
75223,"Dallas, TX",2024,0,1230
75223,"Dallas, TX",2024,1,1300
75223,"Dallas, TX",2024,2,1520
75223,"Dallas, TX",2024,3,1910
75223,"Dallas, TX",2024,4,2460
75224,"Dallas, TX",2024,0,1040
75224,"Dallas, TX",2024,1,1090
75224,"Dallas, TX",2024,2,1280
75224,"Dallas, TX",2024,3,1610
75224,"Dallas, TX",2024,4,2070
75225,"Dallas, TX",2024,0,2140
75225,"Dallas, TX",2024,1,2250
75225,"Dallas, TX",2024,2,2640
75225,"Dallas, TX",2024,3,3320
75225,"Dallas, TX",2024,4,4280
75226,"Dallas, TX",2024,0,1550
75226,"Dallas, TX",2024,1,1630
75226,"Dallas, TX",2024,2,1910
75226,"Dallas, TX",2024,3,2400
75226,"Dallas, TX",2024,4,3090
75227,"Dallas, TX",2024,0,1160
75227,"Dallas, TX",2024,1,1220
75227,"Dallas, TX",2024,2,1430
75227,"Dallas, TX",2024,3,1800
75227,"Dallas, TX",2024,4,2320
75228,"Dallas, TX",2024,0,1150
75228,"Dallas, TX",2024,1,1210
75228,"Dallas, TX",2024,2,1420
75228,"Dallas, TX",2024,3,1790
75228,"Dallas, TX",2024,4,2300
75229,"Dallas, TX",2024,0,1380
75229,"Dallas, TX",2024,1,1450
75229,"Dallas, TX",2024,2,1700
75229,"Dallas, TX",2024,3,2140
75229,"Dallas, TX",2024,4,2750
75230,"Dallas, TX",2024,0,1370
75230,"Dallas, TX",2024,1,1440
75230,"Dallas, TX",2024,2,1690
75230,"Dallas, TX",2024,3,2130
75230,"Dallas, TX",2024,4,2740
75231,"Dallas, TX",2024,0,1270
75231,"Dallas, TX",2024,1,1340
75231,"Dallas, TX",2024,2,1570
75231,"Dallas, TX",2024,3,1980
75231,"Dallas, TX",2024,4,2540
75232,"Dallas, TX",2024,0,1230
75232,"Dallas, TX",2024,1,1300
75232,"Dallas, TX",2024,2,1520
75232,"Dallas, TX",2024,3,1910
75232,"Dallas, TX",2024,4,2460
75233,"Dallas, TX",2024,0,1240
75233,"Dallas, TX",2024,1,1310
75233,"Dallas, TX",2024,2,1530
75233,"Dallas, TX",2024,3,1930
75233,"Dallas, TX",2024,4,2480
75234,"Dallas, TX",2024,0,1610
75234,"Dallas, TX",2024,1,1690
75234,"Dallas, TX",2024,2,1980
75234,"Dallas, TX",2024,3,2490
75234,"Dallas, TX",2024,4,3210
75235,"Dallas, TX",2024,0,1490
75235,"Dallas, TX",2024,1,1570
75235,"Dallas, TX",2024,2,1840
75235,"Dallas, TX",2024,3,2320
75235,"Dallas, TX",2024,4,2980
75236,"Dallas, TX",2024,0,1180
75236,"Dallas, TX",2024,1,1250
75236,"Dallas, TX",2024,2,1460
75236,"Dallas, TX",2024,3,1840
75236,"Dallas, TX",2024,4,2360
75237,"Dallas, TX",2024,0,1140
75237,"Dallas, TX",2024,1,1200
75237,"Dallas, TX",2024,2,1410
75237,"Dallas, TX",2024,3,1770
75237,"Dallas, TX",2024,4,2280
75238,"Dallas, TX",2024,0,1260
75238,"Dallas, TX",2024,1,1320
75238,"Dallas, TX",2024,2,1550
75238,"Dallas, TX",2024,3,1950
75238,"Dallas, TX",2024,4,2510
75240,"Dallas, TX",2024,0,1310
75240,"Dallas, TX",2024,1,1380
75240,"Dallas, TX",2024,2,1620
75240,"Dallas, TX",2024,3,2040
75240,"Dallas, TX",2024,4,2620
75241,"Dallas, TX",2024,0,1220
75241,"Dallas, TX",2024,1,1280
75241,"Dallas, TX",2024,2,1500
75241,"Dallas, TX",2024,3,1890
75241,"Dallas, TX",2024,4,2430
75242,"Dallas, TX",2024,0,1360
75242,"Dallas, TX",2024,1,1430
75242,"Dallas, TX",2024,2,1680
75242,"Dallas, TX",2024,3,2110
75242,"Dallas, TX",2024,4,2720
75243,"Dallas, TX",2024,0,1330
75243,"Dallas, TX",2024,1,1400
75243,"Dallas, TX",2024,2,1640
75243,"Dallas, TX",2024,3,2060
75243,"Dallas, TX",2024,4,2660
75244,"Dallas, TX",2024,0,1750
75244,"Dallas, TX",2024,1,1840
75244,"Dallas, TX",2024,2,2160
75244,"Dallas, TX",2024,3,2720
75244,"Dallas, TX",2024,4,3500
75246,"Dallas, TX",2024,0,1050
75246,"Dallas, TX",2024,1,1110
75246,"Dallas, TX",2024,2,1300
75246,"Dallas, TX",2024,3,1640
75246,"Dallas, TX",2024,4,2110
75247,"Dallas, TX",2024,0,1100
75247,"Dallas, TX",2024,1,1150
75247,"Dallas, TX",2024,2,1350
75247,"Dallas, TX",2024,3,1700
75247,"Dallas, TX",2024,4,2190
75248,"Dallas, TX",2024,0,1650
75248,"Dallas, TX",2024,1,1730
75248,"Dallas, TX",2024,2,2030
75248,"Dallas, TX",2024,3,2550
75248,"Dallas, TX",2024,4,3290
75249,"Dallas, TX",2024,0,1870
75249,"Dallas, TX",2024,1,1960
75249,"Dallas, TX",2024,2,2300
75249,"Dallas, TX",2024,3,2890
75249,"Dallas, TX",2024,4,3720
75250,"Dallas, TX",2024,0,1360
75250,"Dallas, TX",2024,1,1430
75250,"Dallas, TX",2024,2,1680
75250,"Dallas, TX",2024,3,2110
75250,"Dallas, TX",2024,4,2720
75251,"Dallas, TX",2024,0,1650
75251,"Dallas, TX",2024,1,1730
75251,"Dallas, TX",2024,2,2030
75251,"Dallas, TX",2024,3,2550
75251,"Dallas, TX",2024,4,3290
75252,"Dallas, TX",2024,0,1490
75252,"Dallas, TX",2024,1,1570
75252,"Dallas, TX",2024,2,1840
75252,"Dallas, TX",2024,3,2320
75252,"Dallas, TX",2024,4,2980
75253,"Dallas, TX",2024,0,1310
75253,"Dallas, TX",2024,1,1380
75253,"Dallas, TX",2024,2,1620
75253,"Dallas, TX",2024,3,2040
75253,"Dallas, TX",2024,4,2620
75254,"Dallas, TX",2024,0,1570
75254,"Dallas, TX",2024,1,1660
75254,"Dallas, TX",2024,2,1940
75254,"Dallas, TX",2024,3,2440
75254,"Dallas, TX",2024,4,3140
75270,"Dallas, TX",2024,0,1360
75270,"Dallas, TX",2024,1,1430
75270,"Dallas, TX",2024,2,1680
75270,"Dallas, TX",2024,3,2110
75270,"Dallas, TX",2024,4,2720
75287,"Dallas, TX",2024,0,1590
75287,"Dallas, TX",2024,1,1670
75287,"Dallas, TX",2024,2,1960
75287,"Dallas, TX",2024,3,2470
75287,"Dallas, TX",2024,4,3170
75313,"Dallas, TX",2024,0,1360
75313,"Dallas, TX",2024,1,1430
75313,"Dallas, TX",2024,2,1680
75313,"Dallas, TX",2024,3,2110
75313,"Dallas, TX",2024,4,2720
75315,"Dallas, TX",2024,0,1360
75315,"Dallas, TX",2024,1,1430
75315,"Dallas, TX",2024,2,1680
75315,"Dallas, TX",2024,3,2110
75315,"Dallas, TX",2024,4,2720
75336,"Dallas, TX",2024,0,1360
75336,"Dallas, TX",2024,1,1430
75336,"Dallas, TX",2024,2,1680
75336,"Dallas, TX",2024,3,2110
75336,"Dallas, TX",2024,4,2720
75339,"Dallas, TX",2024,0,1360
75339,"Dallas, TX",2024,1,1430
75339,"Dallas, TX",2024,2,1680
75339,"Dallas, TX",2024,3,2110
75339,"Dallas, TX",2024,4,2720
75342,"Dallas, TX",2024,0,1360
75342,"Dallas, TX",2024,1,1430
75342,"Dallas, TX",2024,2,1680
75342,"Dallas, TX",2024,3,2110
75342,"Dallas, TX",2024,4,2720
75354,"Dallas, TX",2024,0,1360
75354,"Dallas, TX",2024,1,1430
75354,"Dallas, TX",2024,2,1680
75354,"Dallas, TX",2024,3,2110
75354,"Dallas, TX",2024,4,2720
75355,"Dallas, TX",2024,0,1360
75355,"Dallas, TX",2024,1,1430
75355,"Dallas, TX",2024,2,1680
75355,"Dallas, TX",2024,3,2110
75355,"Dallas, TX",2024,4,2720
75356,"Dallas, TX",2024,0,1360
75356,"Dallas, TX",2024,1,1430
75356,"Dallas, TX",2024,2,1680
75356,"Dallas, TX",2024,3,2110
75356,"Dallas, TX",2024,4,2720
75357,"Dallas, TX",2024,0,1360
75357,"Dallas, TX",2024,1,1430
75357,"Dallas, TX",2024,2,1680
75357,"Dallas, TX",2024,3,2110
75357,"Dallas, TX",2024,4,2720
75360,"Dallas, TX",2024,0,1360
75360,"Dallas, TX",2024,1,1430
75360,"Dallas, TX",2024,2,1680
75360,"Dallas, TX",2024,3,2110
75360,"Dallas, TX",2024,4,2720
75367,"Dallas, TX",2024,0,1360
75367,"Dallas, TX",2024,1,1430
75367,"Dallas, TX",2024,2,1680
75367,"Dallas, TX",2024,3,2110
75367,"Dallas, TX",2024,4,2720
75370,"Dallas, TX",2024,0,1680
75370,"Dallas, TX",2024,1,1770
75370,"Dallas, TX",2024,2,2070
75370,"Dallas, TX",2024,3,2600
75370,"Dallas, TX",2024,4,3350
75371,"Dallas, TX",2024,0,1360
75371,"Dallas, TX",2024,1,1430
75371,"Dallas, TX",2024,2,1680
75371,"Dallas, TX",2024,3,2110
75371,"Dallas, TX",2024,4,2720
75372,"Dallas, TX",2024,0,1360
75372,"Dallas, TX",2024,1,1430
75372,"Dallas, TX",2024,2,1680
75372,"Dallas, TX",2024,3,2110
75372,"Dallas, TX",2024,4,2720
75374,"Dallas, TX",2024,0,1360
75374,"Dallas, TX",2024,1,1430
75374,"Dallas, TX",2024,2,1680
75374,"Dallas, TX",2024,3,2110
75374,"Dallas, TX",2024,4,2720
75376,"Dallas, TX",2024,0,1360
75376,"Dallas, TX",2024,1,1430
75376,"Dallas, TX",2024,2,1680
75376,"Dallas, TX",2024,3,2110
75376,"Dallas, TX",2024,4,2720
75378,"Dallas, TX",2024,0,1360
75378,"Dallas, TX",2024,1,1430
75378,"Dallas, TX",2024,2,1680
75378,"Dallas, TX",2024,3,2110
75378,"Dallas, TX",2024,4,2720
75379,"Dallas, TX",2024,0,1680
75379,"Dallas, TX",2024,1,1770
75379,"Dallas, TX",2024,2,2070
75379,"Dallas, TX",2024,3,2600
75379,"Dallas, TX",2024,4,3350
75380,"Dallas, TX",2024,0,1360
75380,"Dallas, TX",2024,1,1430
75380,"Dallas, TX",2024,2,1680
75380,"Dallas, TX",2024,3,2110
75380,"Dallas, TX",2024,4,2720
75381,"Dallas, TX",2024,0,1360
75381,"Dallas, TX",2024,1,1430
75381,"Dallas, TX",2024,2,1680
75381,"Dallas, TX",2024,3,2110
75381,"Dallas, TX",2024,4,2720
75382,"Dallas, TX",2024,0,1360
75382,"Dallas, TX",2024,1,1430
75382,"Dallas, TX",2024,2,1680
75382,"Dallas, TX",2024,3,2110
75382,"Dallas, TX",2024,4,2720
75390,"Dallas, TX",2024,0,1360
75390,"Dallas, TX",2024,1,1430
75390,"Dallas, TX",2024,2,1680
75390,"Dallas, TX",2024,3,2110
75390,"Dallas, TX",2024,4,2720
75398,"Dallas, TX",2024,0,1360
75398,"Dallas, TX",2024,1,1430
75398,"Dallas, TX",2024,2,1680
75398,"Dallas, TX",2024,3,2110
75398,"Dallas, TX",2024,4,2720
75401,"Dallas, TX",2024,0,1090
75401,"Dallas, TX",2024,1,1140
75401,"Dallas, TX",2024,2,1340
75401,"Dallas, TX",2024,3,1690
75401,"Dallas, TX",2024,4,2170
75402,"Dallas, TX",2024,0,1260
75402,"Dallas, TX",2024,1,1320
75402,"Dallas, TX",2024,2,1550
75402,"Dallas, TX",2024,3,1950
75402,"Dallas, TX",2024,4,2510
75403,"Dallas, TX",2024,0,1120
75403,"Dallas, TX",2024,1,1180
75403,"Dallas, TX",2024,2,1380
75403,"Dallas, TX",2024,3,1740
75403,"Dallas, TX",2024,4,2230
75404,"Dallas, TX",2024,0,1120
75404,"Dallas, TX",2024,1,1180
75404,"Dallas, TX",2024,2,1380
75404,"Dallas, TX",2024,3,1740
75404,"Dallas, TX",2024,4,2230
75407,"Dallas, TX",2024,0,1610
75407,"Dallas, TX",2024,1,1690
75407,"Dallas, TX",2024,2,1980
75407,"Dallas, TX",2024,3,2490
75407,"Dallas, TX",2024,4,3210
75409,"Dallas, TX",2024,0,1980
75409,"Dallas, TX",2024,1,2080
75409,"Dallas, TX",2024,2,2440
75409,"Dallas, TX",2024,3,3070
75409,"Dallas, TX",2024,4,3950
75422,"Dallas, TX",2024,0,1050
75422,"Dallas, TX",2024,1,1100
75422,"Dallas, TX",2024,2,1290
75422,"Dallas, TX",2024,3,1620
75422,"Dallas, TX",2024,4,2090
75423,"Dallas, TX",2024,0,1120
75423,"Dallas, TX",2024,1,1180
75423,"Dallas, TX",2024,2,1380
75423,"Dallas, TX",2024,3,1740
75423,"Dallas, TX",2024,4,2230
75424,"Dallas, TX",2024,0,1310
75424,"Dallas, TX",2024,1,1370
75424,"Dallas, TX",2024,2,1610
75424,"Dallas, TX",2024,3,2030
75424,"Dallas, TX",2024,4,2610
75428,"Dallas, TX",2024,0,1010
75428,"Dallas, TX",2024,1,1060
75428,"Dallas, TX",2024,2,1240
75428,"Dallas, TX",2024,3,1560
75428,"Dallas, TX",2024,4,2010
75433,"Dallas, TX",2024,0,1120
75433,"Dallas, TX",2024,1,1180
75433,"Dallas, TX",2024,2,1380
75433,"Dallas, TX",2024,3,1740
75433,"Dallas, TX",2024,4,2230
75442,"Dallas, TX",2024,0,1380
75442,"Dallas, TX",2024,1,1450
75442,"Dallas, TX",2024,2,1700
75442,"Dallas, TX",2024,3,2140
75442,"Dallas, TX",2024,4,2750
75448,"Dallas, TX",2024,0,1120
75448,"Dallas, TX",2024,1,1180
75448,"Dallas, TX",2024,2,1380
75448,"Dallas, TX",2024,3,1740
75448,"Dallas, TX",2024,4,2230
75449,"Dallas, TX",2024,0,1050
75449,"Dallas, TX",2024,1,1110
75449,"Dallas, TX",2024,2,1300
75449,"Dallas, TX",2024,3,1640
75449,"Dallas, TX",2024,4,2110
75452,"Dallas, TX",2024,0,1060
75452,"Dallas, TX",2024,1,1120
75452,"Dallas, TX",2024,2,1310
75452,"Dallas, TX",2024,3,1650
75452,"Dallas, TX",2024,4,2120
75453,"Dallas, TX",2024,0,1230
75453,"Dallas, TX",2024,1,1300
75453,"Dallas, TX",2024,2,1520
75453,"Dallas, TX",2024,3,1910
75453,"Dallas, TX",2024,4,2460
75454,"Dallas, TX",2024,0,2140
75454,"Dallas, TX",2024,1,2250
75454,"Dallas, TX",2024,2,2640
75454,"Dallas, TX",2024,3,3320
75454,"Dallas, TX",2024,4,4280
75458,"Dallas, TX",2024,0,1120
75458,"Dallas, TX",2024,1,1180
75458,"Dallas, TX",2024,2,1380
75458,"Dallas, TX",2024,3,1740
75458,"Dallas, TX",2024,4,2230
75469,"Dallas, TX",2024,0,1120
75469,"Dallas, TX",2024,1,1180
75469,"Dallas, TX",2024,2,1380
75469,"Dallas, TX",2024,3,1740
75469,"Dallas, TX",2024,4,2230
75474,"Dallas, TX",2024,0,1070
75474,"Dallas, TX",2024,1,1130
75474,"Dallas, TX",2024,2,1320
75474,"Dallas, TX",2024,3,1660
75474,"Dallas, TX",2024,4,2140
75485,"Dallas, TX",2024,0,1680
75485,"Dallas, TX",2024,1,1770
75485,"Dallas, TX",2024,2,2070
75485,"Dallas, TX",2024,3,2600
75485,"Dallas, TX",2024,4,3350
75491,"Dallas, TX",2024,0,740
75491,"Dallas, TX",2024,1,860
75491,"Dallas, TX",2024,2,1010
75491,"Dallas, TX",2024,3,1380
75491,"Dallas, TX",2024,4,1710
75495,"Dallas, TX",2024,0,1040
75495,"Dallas, TX",2024,1,1200
75495,"Dallas, TX",2024,2,1410
75495,"Dallas, TX",2024,3,1920
75495,"Dallas, TX",2024,4,2390
75496,"Dallas, TX",2024,0,1010
75496,"Dallas, TX",2024,1,1070
75496,"Dallas, TX",2024,2,1250
75496,"Dallas, TX",2024,3,1570
75496,"Dallas, TX",2024,4,2020
76041,"Dallas, TX",2024,0,1260
76041,"Dallas, TX",2024,1,1330
76041,"Dallas, TX",2024,2,1560
76041,"Dallas, TX",2024,3,1970
76041,"Dallas, TX",2024,4,2530
76055,"Dallas, TX",2024,0,1310
76055,"Dallas, TX",2024,1,1370
76055,"Dallas, TX",2024,2,1610
76055,"Dallas, TX",2024,3,2030
76055,"Dallas, TX",2024,4,2610
76064,"Dallas, TX",2024,0,1380
76064,"Dallas, TX",2024,1,1450
76064,"Dallas, TX",2024,2,1700
76064,"Dallas, TX",2024,3,2140
76064,"Dallas, TX",2024,4,2750
76078,"Dallas, TX",2024,0,1190
76078,"Dallas, TX",2024,1,1310
76078,"Dallas, TX",2024,2,1480
76078,"Dallas, TX",2024,3,2060
76078,"Dallas, TX",2024,4,2280
76201,"Dallas, TX",2024,0,1270
76201,"Dallas, TX",2024,1,1330
76201,"Dallas, TX",2024,2,1560
76201,"Dallas, TX",2024,3,1960
76201,"Dallas, TX",2024,4,2530
76202,"Dallas, TX",2024,0,1490
76202,"Dallas, TX",2024,1,1570
76202,"Dallas, TX",2024,2,1840
76202,"Dallas, TX",2024,3,2320
76202,"Dallas, TX",2024,4,2980
76203,"Dallas, TX",2024,0,1490
76203,"Dallas, TX",2024,1,1570
76203,"Dallas, TX",2024,2,1840
76203,"Dallas, TX",2024,3,2320
76203,"Dallas, TX",2024,4,2980
76204,"Dallas, TX",2024,0,1490
76204,"Dallas, TX",2024,1,1570
76204,"Dallas, TX",2024,2,1840
76204,"Dallas, TX",2024,3,2320
76204,"Dallas, TX",2024,4,2980
76205,"Dallas, TX",2024,0,1300
76205,"Dallas, TX",2024,1,1360
76205,"Dallas, TX",2024,2,1600
76205,"Dallas, TX",2024,3,2010
76205,"Dallas, TX",2024,4,2590
76206,"Dallas, TX",2024,0,1490
76206,"Dallas, TX",2024,1,1570
76206,"Dallas, TX",2024,2,1840
76206,"Dallas, TX",2024,3,2320
76206,"Dallas, TX",2024,4,2980
76207,"Dallas, TX",2024,0,1450
76207,"Dallas, TX",2024,1,1530
76207,"Dallas, TX",2024,2,1790
76207,"Dallas, TX",2024,3,2250
76207,"Dallas, TX",2024,4,2900
76208,"Dallas, TX",2024,0,1510
76208,"Dallas, TX",2024,1,1590
76208,"Dallas, TX",2024,2,1860
76208,"Dallas, TX",2024,3,2340
76208,"Dallas, TX",2024,4,3010
76209,"Dallas, TX",2024,0,1320
76209,"Dallas, TX",2024,1,1390
76209,"Dallas, TX",2024,2,1630
76209,"Dallas, TX",2024,3,2050
76209,"Dallas, TX",2024,4,2640
76210,"Dallas, TX",2024,0,1710
76210,"Dallas, TX",2024,1,1800
76210,"Dallas, TX",2024,2,2110
76210,"Dallas, TX",2024,3,2650
76210,"Dallas, TX",2024,4,3420
76226,"Dallas, TX",2024,0,2140
76226,"Dallas, TX",2024,1,2250
76226,"Dallas, TX",2024,2,2640
76226,"Dallas, TX",2024,3,3320
76226,"Dallas, TX",2024,4,4280
76227,"Dallas, TX",2024,0,1950
76227,"Dallas, TX",2024,1,2050
76227,"Dallas, TX",2024,2,2400
76227,"Dallas, TX",2024,3,3020
76227,"Dallas, TX",2024,4,3890
76234,"Dallas, TX",2024,0,1000
76234,"Dallas, TX",2024,1,1110
76234,"Dallas, TX",2024,2,1240
76234,"Dallas, TX",2024,3,1750
76234,"Dallas, TX",2024,4,1900
76247,"Dallas, TX",2024,0,1830
76247,"Dallas, TX",2024,1,1920
76247,"Dallas, TX",2024,2,2250
76247,"Dallas, TX",2024,3,2840
76247,"Dallas, TX",2024,4,3650
76249,"Dallas, TX",2024,0,1510
76249,"Dallas, TX",2024,1,1590
76249,"Dallas, TX",2024,2,1860
76249,"Dallas, TX",2024,3,2340
76249,"Dallas, TX",2024,4,3010
76258,"Dallas, TX",2024,0,1210
76258,"Dallas, TX",2024,1,1280
76258,"Dallas, TX",2024,2,1500
76258,"Dallas, TX",2024,3,1890
76258,"Dallas, TX",2024,4,2430
76259,"Dallas, TX",2024,0,1380
76259,"Dallas, TX",2024,1,1450
76259,"Dallas, TX",2024,2,1700
76259,"Dallas, TX",2024,3,2140
76259,"Dallas, TX",2024,4,2750
76266,"Dallas, TX",2024,0,1440
76266,"Dallas, TX",2024,1,1510
76266,"Dallas, TX",2024,2,1770
76266,"Dallas, TX",2024,3,2230
76266,"Dallas, TX",2024,4,2870
76272,"Dallas, TX",2024,0,1190
76272,"Dallas, TX",2024,1,1260
76272,"Dallas, TX",2024,2,1480
76272,"Dallas, TX",2024,3,1870
76272,"Dallas, TX",2024,4,2430
76623,"Dallas, TX",2024,0,1090
76623,"Dallas, TX",2024,1,1150
76623,"Dallas, TX",2024,2,1350
76623,"Dallas, TX",2024,3,1700
76623,"Dallas, TX",2024,4,2180
76626,"Dallas, TX",2024,0,1160
76626,"Dallas, TX",2024,1,1220
76626,"Dallas, TX",2024,2,1430
76626,"Dallas, TX",2024,3,1800
76626,"Dallas, TX",2024,4,2320
76641,"Dallas, TX",2024,0,1310
76641,"Dallas, TX",2024,1,1370
76641,"Dallas, TX",2024,2,1610
76641,"Dallas, TX",2024,3,2030
76641,"Dallas, TX",2024,4,2610
76651,"Dallas, TX",2024,0,1050
76651,"Dallas, TX",2024,1,1110
76651,"Dallas, TX",2024,2,1300
76651,"Dallas, TX",2024,3,1640
76651,"Dallas, TX",2024,4,2110
76670,"Dallas, TX",2024,0,980
76670,"Dallas, TX",2024,1,1030
76670,"Dallas, TX",2024,2,1210
76670,"Dallas, TX",2024,3,1520
76670,"Dallas, TX",2024,4,1960
75022,"Fort Worth, TX",2024,0,2130
75022,"Fort Worth, TX",2024,1,2250
75022,"Fort Worth, TX",2024,2,2630
75022,"Fort Worth, TX",2024,3,3320
75022,"Fort Worth, TX",2024,4,4260
75028,"Fort Worth, TX",2024,0,2090
75028,"Fort Worth, TX",2024,1,2200
75028,"Fort Worth, TX",2024,2,2580
75028,"Fort Worth, TX",2024,3,3250
75028,"Fort Worth, TX",2024,4,4180
75050,"Fort Worth, TX",2024,0,1330
75050,"Fort Worth, TX",2024,1,1410
75050,"Fort Worth, TX",2024,2,1650
75050,"Fort Worth, TX",2024,3,2110
75050,"Fort Worth, TX",2024,4,2680
75051,"Fort Worth, TX",2024,0,1130
75051,"Fort Worth, TX",2024,1,1190
75051,"Fort Worth, TX",2024,2,1400
75051,"Fort Worth, TX",2024,3,1770
75051,"Fort Worth, TX",2024,4,2270
75052,"Fort Worth, TX",2024,0,1480
75052,"Fort Worth, TX",2024,1,1580
75052,"Fort Worth, TX",2024,2,1850
75052,"Fort Worth, TX",2024,3,2380
75052,"Fort Worth, TX",2024,4,3000
75053,"Fort Worth, TX",2024,0,1330
75053,"Fort Worth, TX",2024,1,1420
75053,"Fort Worth, TX",2024,2,1660
75053,"Fort Worth, TX",2024,3,2120
75053,"Fort Worth, TX",2024,4,2690
75054,"Fort Worth, TX",2024,0,1900
75054,"Fort Worth, TX",2024,1,2080
75054,"Fort Worth, TX",2024,2,2430
75054,"Fort Worth, TX",2024,3,3220
75054,"Fort Worth, TX",2024,4,3930
75261,"Fort Worth, TX",2024,0,1270
75261,"Fort Worth, TX",2024,1,1390
75261,"Fort Worth, TX",2024,2,1620
75261,"Fort Worth, TX",2024,3,2150
75261,"Fort Worth, TX",2024,4,2620
76001,"Fort Worth, TX",2024,0,1670
76001,"Fort Worth, TX",2024,1,1820
76001,"Fort Worth, TX",2024,2,2130
76001,"Fort Worth, TX",2024,3,2820
76001,"Fort Worth, TX",2024,4,3440
76002,"Fort Worth, TX",2024,0,1900
76002,"Fort Worth, TX",2024,1,2080
76002,"Fort Worth, TX",2024,2,2430
76002,"Fort Worth, TX",2024,3,3220
76002,"Fort Worth, TX",2024,4,3930
76003,"Fort Worth, TX",2024,0,1270
76003,"Fort Worth, TX",2024,1,1390
76003,"Fort Worth, TX",2024,2,1620
76003,"Fort Worth, TX",2024,3,2150
76003,"Fort Worth, TX",2024,4,2620
76004,"Fort Worth, TX",2024,0,1270
76004,"Fort Worth, TX",2024,1,1390
76004,"Fort Worth, TX",2024,2,1620
76004,"Fort Worth, TX",2024,3,2150
76004,"Fort Worth, TX",2024,4,2620
76005,"Fort Worth, TX",2024,0,1270
76005,"Fort Worth, TX",2024,1,1390
76005,"Fort Worth, TX",2024,2,1620
76005,"Fort Worth, TX",2024,3,2150
76005,"Fort Worth, TX",2024,4,2620
76006,"Fort Worth, TX",2024,0,1410
76006,"Fort Worth, TX",2024,1,1540
76006,"Fort Worth, TX",2024,2,1800
76006,"Fort Worth, TX",2024,3,2390
76006,"Fort Worth, TX",2024,4,2910
76007,"Fort Worth, TX",2024,0,1270
76007,"Fort Worth, TX",2024,1,1390
76007,"Fort Worth, TX",2024,2,1620
76007,"Fort Worth, TX",2024,3,2150
76007,"Fort Worth, TX",2024,4,2620
76008,"Fort Worth, TX",2024,0,1900
76008,"Fort Worth, TX",2024,1,2080
76008,"Fort Worth, TX",2024,2,2430
76008,"Fort Worth, TX",2024,3,3220
76008,"Fort Worth, TX",2024,4,3930
76009,"Fort Worth, TX",2024,0,1150
76009,"Fort Worth, TX",2024,1,1260
76009,"Fort Worth, TX",2024,2,1470
76009,"Fort Worth, TX",2024,3,1950
76009,"Fort Worth, TX",2024,4,2380
76010,"Fort Worth, TX",2024,0,1140
76010,"Fort Worth, TX",2024,1,1250
76010,"Fort Worth, TX",2024,2,1460
76010,"Fort Worth, TX",2024,3,1940
76010,"Fort Worth, TX",2024,4,2360
76011,"Fort Worth, TX",2024,0,1240
76011,"Fort Worth, TX",2024,1,1350
76011,"Fort Worth, TX",2024,2,1580
76011,"Fort Worth, TX",2024,3,2090
76011,"Fort Worth, TX",2024,4,2560
76012,"Fort Worth, TX",2024,0,1160
76012,"Fort Worth, TX",2024,1,1270
76012,"Fort Worth, TX",2024,2,1480
76012,"Fort Worth, TX",2024,3,1960
76012,"Fort Worth, TX",2024,4,2390
76013,"Fort Worth, TX",2024,0,1170
76013,"Fort Worth, TX",2024,1,1280
76013,"Fort Worth, TX",2024,2,1490
76013,"Fort Worth, TX",2024,3,1980
76013,"Fort Worth, TX",2024,4,2410
76014,"Fort Worth, TX",2024,0,1340
76014,"Fort Worth, TX",2024,1,1460
76014,"Fort Worth, TX",2024,2,1710
76014,"Fort Worth, TX",2024,3,2270
76014,"Fort Worth, TX",2024,4,2770
76015,"Fort Worth, TX",2024,0,1370
76015,"Fort Worth, TX",2024,1,1500
76015,"Fort Worth, TX",2024,2,1750
76015,"Fort Worth, TX",2024,3,2320
76015,"Fort Worth, TX",2024,4,2830
76016,"Fort Worth, TX",2024,0,1710
76016,"Fort Worth, TX",2024,1,1870
76016,"Fort Worth, TX",2024,2,2180
76016,"Fort Worth, TX",2024,3,2890
76016,"Fort Worth, TX",2024,4,3530
76017,"Fort Worth, TX",2024,0,1310
76017,"Fort Worth, TX",2024,1,1430
76017,"Fort Worth, TX",2024,2,1670
76017,"Fort Worth, TX",2024,3,2210
76017,"Fort Worth, TX",2024,4,2700
76018,"Fort Worth, TX",2024,0,1750
76018,"Fort Worth, TX",2024,1,1920
76018,"Fort Worth, TX",2024,2,2240
76018,"Fort Worth, TX",2024,3,2970
76018,"Fort Worth, TX",2024,4,3620
76019,"Fort Worth, TX",2024,0,1270
76019,"Fort Worth, TX",2024,1,1390
76019,"Fort Worth, TX",2024,2,1620
76019,"Fort Worth, TX",2024,3,2150
76019,"Fort Worth, TX",2024,4,2620
76020,"Fort Worth, TX",2024,0,1060
76020,"Fort Worth, TX",2024,1,1160
76020,"Fort Worth, TX",2024,2,1350
76020,"Fort Worth, TX",2024,3,1800
76020,"Fort Worth, TX",2024,4,2180
76021,"Fort Worth, TX",2024,0,1340
76021,"Fort Worth, TX",2024,1,1460
76021,"Fort Worth, TX",2024,2,1710
76021,"Fort Worth, TX",2024,3,2270
76021,"Fort Worth, TX",2024,4,2770
76022,"Fort Worth, TX",2024,0,1300
76022,"Fort Worth, TX",2024,1,1420
76022,"Fort Worth, TX",2024,2,1660
76022,"Fort Worth, TX",2024,3,2200
76022,"Fort Worth, TX",2024,4,2680
76023,"Fort Worth, TX",2024,0,1020
76023,"Fort Worth, TX",2024,1,1130
76023,"Fort Worth, TX",2024,2,1270
76023,"Fort Worth, TX",2024,3,1780
76023,"Fort Worth, TX",2024,4,1960
76028,"Fort Worth, TX",2024,0,1300
76028,"Fort Worth, TX",2024,1,1420
76028,"Fort Worth, TX",2024,2,1660
76028,"Fort Worth, TX",2024,3,2200
76028,"Fort Worth, TX",2024,4,2680
76031,"Fort Worth, TX",2024,0,1030
76031,"Fort Worth, TX",2024,1,1130
76031,"Fort Worth, TX",2024,2,1320
76031,"Fort Worth, TX",2024,3,1750
76031,"Fort Worth, TX",2024,4,2130
76033,"Fort Worth, TX",2024,0,1130
76033,"Fort Worth, TX",2024,1,1230
76033,"Fort Worth, TX",2024,2,1440
76033,"Fort Worth, TX",2024,3,1910
76033,"Fort Worth, TX",2024,4,2330
76034,"Fort Worth, TX",2024,0,1900
76034,"Fort Worth, TX",2024,1,2080
76034,"Fort Worth, TX",2024,2,2430
76034,"Fort Worth, TX",2024,3,3220
76034,"Fort Worth, TX",2024,4,3930
76035,"Fort Worth, TX",2024,0,1080
76035,"Fort Worth, TX",2024,1,1180
76035,"Fort Worth, TX",2024,2,1380
76035,"Fort Worth, TX",2024,3,1830
76035,"Fort Worth, TX",2024,4,2230
76036,"Fort Worth, TX",2024,0,1490
76036,"Fort Worth, TX",2024,1,1630
76036,"Fort Worth, TX",2024,2,1910
76036,"Fort Worth, TX",2024,3,2530
76036,"Fort Worth, TX",2024,4,3090
76039,"Fort Worth, TX",2024,0,1600
76039,"Fort Worth, TX",2024,1,1750
76039,"Fort Worth, TX",2024,2,2040
76039,"Fort Worth, TX",2024,3,2700
76039,"Fort Worth, TX",2024,4,3300
76040,"Fort Worth, TX",2024,0,1150
76040,"Fort Worth, TX",2024,1,1260
76040,"Fort Worth, TX",2024,2,1470
76040,"Fort Worth, TX",2024,3,1950
76040,"Fort Worth, TX",2024,4,2380
76044,"Fort Worth, TX",2024,0,1090
76044,"Fort Worth, TX",2024,1,1190
76044,"Fort Worth, TX",2024,2,1390
76044,"Fort Worth, TX",2024,3,1840
76044,"Fort Worth, TX",2024,4,2250
76049,"Fort Worth, TX",2024,0,1270
76049,"Fort Worth, TX",2024,1,1390
76049,"Fort Worth, TX",2024,2,1620
76049,"Fort Worth, TX",2024,3,2150
76049,"Fort Worth, TX",2024,4,2620
76050,"Fort Worth, TX",2024,0,1140
76050,"Fort Worth, TX",2024,1,1240
76050,"Fort Worth, TX",2024,2,1450
76050,"Fort Worth, TX",2024,3,1920
76050,"Fort Worth, TX",2024,4,2350
76051,"Fort Worth, TX",2024,0,1700
76051,"Fort Worth, TX",2024,1,1860
76051,"Fort Worth, TX",2024,2,2170
76051,"Fort Worth, TX",2024,3,2880
76051,"Fort Worth, TX",2024,4,3510
76052,"Fort Worth, TX",2024,0,1770
76052,"Fort Worth, TX",2024,1,1920
76052,"Fort Worth, TX",2024,2,2250
76052,"Fort Worth, TX",2024,3,2950
76052,"Fort Worth, TX",2024,4,3630
76053,"Fort Worth, TX",2024,0,1240
76053,"Fort Worth, TX",2024,1,1350
76053,"Fort Worth, TX",2024,2,1580
76053,"Fort Worth, TX",2024,3,2090
76053,"Fort Worth, TX",2024,4,2560
76054,"Fort Worth, TX",2024,0,1520
76054,"Fort Worth, TX",2024,1,1660
76054,"Fort Worth, TX",2024,2,1940
76054,"Fort Worth, TX",2024,3,2570
76054,"Fort Worth, TX",2024,4,3140
76058,"Fort Worth, TX",2024,0,1210
76058,"Fort Worth, TX",2024,1,1330
76058,"Fort Worth, TX",2024,2,1550
76058,"Fort Worth, TX",2024,3,2050
76058,"Fort Worth, TX",2024,4,2510
76059,"Fort Worth, TX",2024,0,940
76059,"Fort Worth, TX",2024,1,1030
76059,"Fort Worth, TX",2024,2,1200
76059,"Fort Worth, TX",2024,3,1590
76059,"Fort Worth, TX",2024,4,1940
76060,"Fort Worth, TX",2024,0,1140
76060,"Fort Worth, TX",2024,1,1250
76060,"Fort Worth, TX",2024,2,1460
76060,"Fort Worth, TX",2024,3,1940
76060,"Fort Worth, TX",2024,4,2360
76061,"Fort Worth, TX",2024,0,1230
76061,"Fort Worth, TX",2024,1,1350
76061,"Fort Worth, TX",2024,2,1570
76061,"Fort Worth, TX",2024,3,2090
76061,"Fort Worth, TX",2024,4,2550
76063,"Fort Worth, TX",2024,0,1570
76063,"Fort Worth, TX",2024,1,1710
76063,"Fort Worth, TX",2024,2,2000
76063,"Fort Worth, TX",2024,3,2650
76063,"Fort Worth, TX",2024,4,3230
76065,"Fort Worth, TX",2024,0,1480
76065,"Fort Worth, TX",2024,1,1560
76065,"Fort Worth, TX",2024,2,1830
76065,"Fort Worth, TX",2024,3,2300
76065,"Fort Worth, TX",2024,4,2960
76066,"Fort Worth, TX",2024,0,710
76066,"Fort Worth, TX",2024,1,770
76066,"Fort Worth, TX",2024,2,910
76066,"Fort Worth, TX",2024,3,1200
76066,"Fort Worth, TX",2024,4,1460
76067,"Fort Worth, TX",2024,0,920
76067,"Fort Worth, TX",2024,1,1000
76067,"Fort Worth, TX",2024,2,1170
76067,"Fort Worth, TX",2024,3,1550
76067,"Fort Worth, TX",2024,4,1890
76070,"Fort Worth, TX",2024,0,1180
76070,"Fort Worth, TX",2024,1,1290
76070,"Fort Worth, TX",2024,2,1510
76070,"Fort Worth, TX",2024,3,2000
76070,"Fort Worth, TX",2024,4,2440
76071,"Fort Worth, TX",2024,0,860
76071,"Fort Worth, TX",2024,1,950
76071,"Fort Worth, TX",2024,2,1070
76071,"Fort Worth, TX",2024,3,1500
76071,"Fort Worth, TX",2024,4,1650
76082,"Fort Worth, TX",2024,0,1160
76082,"Fort Worth, TX",2024,1,1270
76082,"Fort Worth, TX",2024,2,1480
76082,"Fort Worth, TX",2024,3,1970
76082,"Fort Worth, TX",2024,4,2380
76084,"Fort Worth, TX",2024,0,1080
76084,"Fort Worth, TX",2024,1,1170
76084,"Fort Worth, TX",2024,2,1370
76084,"Fort Worth, TX",2024,3,1810
76084,"Fort Worth, TX",2024,4,2220
76085,"Fort Worth, TX",2024,0,1150
76085,"Fort Worth, TX",2024,1,1260
76085,"Fort Worth, TX",2024,2,1470
76085,"Fort Worth, TX",2024,3,1950
76085,"Fort Worth, TX",2024,4,2380
76086,"Fort Worth, TX",2024,0,1210
76086,"Fort Worth, TX",2024,1,1330
76086,"Fort Worth, TX",2024,2,1550
76086,"Fort Worth, TX",2024,3,2050
76086,"Fort Worth, TX",2024,4,2510
76087,"Fort Worth, TX",2024,0,1390
76087,"Fort Worth, TX",2024,1,1520
76087,"Fort Worth, TX",2024,2,1780
76087,"Fort Worth, TX",2024,3,2360
76087,"Fort Worth, TX",2024,4,2880
76088,"Fort Worth, TX",2024,0,1190
76088,"Fort Worth, TX",2024,1,1300
76088,"Fort Worth, TX",2024,2,1520
76088,"Fort Worth, TX",2024,3,2020
76088,"Fort Worth, TX",2024,4,2460
76092,"Fort Worth, TX",2024,0,1580
76092,"Fort Worth, TX",2024,1,1730
76092,"Fort Worth, TX",2024,2,2020
76092,"Fort Worth, TX",2024,3,2680
76092,"Fort Worth, TX",2024,4,3270
76093,"Fort Worth, TX",2024,0,1060
76093,"Fort Worth, TX",2024,1,1160
76093,"Fort Worth, TX",2024,2,1360
76093,"Fort Worth, TX",2024,3,1800
76093,"Fort Worth, TX",2024,4,2200
76094,"Fort Worth, TX",2024,0,1270
76094,"Fort Worth, TX",2024,1,1390
76094,"Fort Worth, TX",2024,2,1620
76094,"Fort Worth, TX",2024,3,2150
76094,"Fort Worth, TX",2024,4,2620
76095,"Fort Worth, TX",2024,0,1270
76095,"Fort Worth, TX",2024,1,1390
76095,"Fort Worth, TX",2024,2,1620
76095,"Fort Worth, TX",2024,3,2150
76095,"Fort Worth, TX",2024,4,2620
76096,"Fort Worth, TX",2024,0,1270
76096,"Fort Worth, TX",2024,1,1390
76096,"Fort Worth, TX",2024,2,1620
76096,"Fort Worth, TX",2024,3,2150
76096,"Fort Worth, TX",2024,4,2620
76097,"Fort Worth, TX",2024,0,1180
76097,"Fort Worth, TX",2024,1,1290
76097,"Fort Worth, TX",2024,2,1510
76097,"Fort Worth, TX",2024,3,2000
76097,"Fort Worth, TX",2024,4,2440
76098,"Fort Worth, TX",2024,0,1200
76098,"Fort Worth, TX",2024,1,1310
76098,"Fort Worth, TX",2024,2,1530
76098,"Fort Worth, TX",2024,3,2030
76098,"Fort Worth, TX",2024,4,2470
76099,"Fort Worth, TX",2024,0,1270
76099,"Fort Worth, TX",2024,1,1390
76099,"Fort Worth, TX",2024,2,1620
76099,"Fort Worth, TX",2024,3,2150
76099,"Fort Worth, TX",2024,4,2620
76101,"Fort Worth, TX",2024,0,1270
76101,"Fort Worth, TX",2024,1,1390
76101,"Fort Worth, TX",2024,2,1620
76101,"Fort Worth, TX",2024,3,2150
76101,"Fort Worth, TX",2024,4,2620
76102,"Fort Worth, TX",2024,0,1590
76102,"Fort Worth, TX",2024,1,1740
76102,"Fort Worth, TX",2024,2,2030
76102,"Fort Worth, TX",2024,3,2690
76102,"Fort Worth, TX",2024,4,3280
76103,"Fort Worth, TX",2024,0,990
76103,"Fort Worth, TX",2024,1,1090
76103,"Fort Worth, TX",2024,2,1270
76103,"Fort Worth, TX",2024,3,1680
76103,"Fort Worth, TX",2024,4,2050
76104,"Fort Worth, TX",2024,0,1080
76104,"Fort Worth, TX",2024,1,1180
76104,"Fort Worth, TX",2024,2,1380
76104,"Fort Worth, TX",2024,3,1830
76104,"Fort Worth, TX",2024,4,2230
76105,"Fort Worth, TX",2024,0,1020
76105,"Fort Worth, TX",2024,1,1110
76105,"Fort Worth, TX",2024,2,1300
76105,"Fort Worth, TX",2024,3,1720
76105,"Fort Worth, TX",2024,4,2100
76106,"Fort Worth, TX",2024,0,1080
76106,"Fort Worth, TX",2024,1,1180
76106,"Fort Worth, TX",2024,2,1380
76106,"Fort Worth, TX",2024,3,1830
76106,"Fort Worth, TX",2024,4,2230
76107,"Fort Worth, TX",2024,0,1300
76107,"Fort Worth, TX",2024,1,1420
76107,"Fort Worth, TX",2024,2,1660
76107,"Fort Worth, TX",2024,3,2200
76107,"Fort Worth, TX",2024,4,2680
76108,"Fort Worth, TX",2024,0,1280
76108,"Fort Worth, TX",2024,1,1400
76108,"Fort Worth, TX",2024,2,1630
76108,"Fort Worth, TX",2024,3,2160
76108,"Fort Worth, TX",2024,4,2640
76109,"Fort Worth, TX",2024,0,1420
76109,"Fort Worth, TX",2024,1,1550
76109,"Fort Worth, TX",2024,2,1810
76109,"Fort Worth, TX",2024,3,2400
76109,"Fort Worth, TX",2024,4,2930
76110,"Fort Worth, TX",2024,0,1050
76110,"Fort Worth, TX",2024,1,1150
76110,"Fort Worth, TX",2024,2,1340
76110,"Fort Worth, TX",2024,3,1780
76110,"Fort Worth, TX",2024,4,2170
76111,"Fort Worth, TX",2024,0,1130
76111,"Fort Worth, TX",2024,1,1240
76111,"Fort Worth, TX",2024,2,1450
76111,"Fort Worth, TX",2024,3,1920
76111,"Fort Worth, TX",2024,4,2350
76112,"Fort Worth, TX",2024,0,1140
76112,"Fort Worth, TX",2024,1,1250
76112,"Fort Worth, TX",2024,2,1460
76112,"Fort Worth, TX",2024,3,1940
76112,"Fort Worth, TX",2024,4,2360
76113,"Fort Worth, TX",2024,0,1270
76113,"Fort Worth, TX",2024,1,1390
76113,"Fort Worth, TX",2024,2,1620
76113,"Fort Worth, TX",2024,3,2150
76113,"Fort Worth, TX",2024,4,2620
76114,"Fort Worth, TX",2024,0,1080
76114,"Fort Worth, TX",2024,1,1180
76114,"Fort Worth, TX",2024,2,1380
76114,"Fort Worth, TX",2024,3,1830
76114,"Fort Worth, TX",2024,4,2230
76115,"Fort Worth, TX",2024,0,980
76115,"Fort Worth, TX",2024,1,1070
76115,"Fort Worth, TX",2024,2,1250
76115,"Fort Worth, TX",2024,3,1660
76115,"Fort Worth, TX",2024,4,2020
76116,"Fort Worth, TX",2024,0,1140
76116,"Fort Worth, TX",2024,1,1250
76116,"Fort Worth, TX",2024,2,1460
76116,"Fort Worth, TX",2024,3,1940
76116,"Fort Worth, TX",2024,4,2360
76117,"Fort Worth, TX",2024,0,1070
76117,"Fort Worth, TX",2024,1,1170
76117,"Fort Worth, TX",2024,2,1370
76117,"Fort Worth, TX",2024,3,1820
76117,"Fort Worth, TX",2024,4,2220
76118,"Fort Worth, TX",2024,0,1200
76118,"Fort Worth, TX",2024,1,1310
76118,"Fort Worth, TX",2024,2,1530
76118,"Fort Worth, TX",2024,3,2030
76118,"Fort Worth, TX",2024,4,2470
76119,"Fort Worth, TX",2024,0,1020
76119,"Fort Worth, TX",2024,1,1110
76119,"Fort Worth, TX",2024,2,1300
76119,"Fort Worth, TX",2024,3,1720
76119,"Fort Worth, TX",2024,4,2100
76120,"Fort Worth, TX",2024,0,1170
76120,"Fort Worth, TX",2024,1,1280
76120,"Fort Worth, TX",2024,2,1490
76120,"Fort Worth, TX",2024,3,1980
76120,"Fort Worth, TX",2024,4,2410
76121,"Fort Worth, TX",2024,0,1270
76121,"Fort Worth, TX",2024,1,1390
76121,"Fort Worth, TX",2024,2,1620
76121,"Fort Worth, TX",2024,3,2150
76121,"Fort Worth, TX",2024,4,2620
76123,"Fort Worth, TX",2024,0,1900
76123,"Fort Worth, TX",2024,1,2080
76123,"Fort Worth, TX",2024,2,2430
76123,"Fort Worth, TX",2024,3,3220
76123,"Fort Worth, TX",2024,4,3930
76124,"Fort Worth, TX",2024,0,1270
76124,"Fort Worth, TX",2024,1,1390
76124,"Fort Worth, TX",2024,2,1620
76124,"Fort Worth, TX",2024,3,2150
76124,"Fort Worth, TX",2024,4,2620
76126,"Fort Worth, TX",2024,0,1390
76126,"Fort Worth, TX",2024,1,1520
76126,"Fort Worth, TX",2024,2,1780
76126,"Fort Worth, TX",2024,3,2360
76126,"Fort Worth, TX",2024,4,2880
76127,"Fort Worth, TX",2024,0,1900
76127,"Fort Worth, TX",2024,1,2080
76127,"Fort Worth, TX",2024,2,2430
76127,"Fort Worth, TX",2024,3,3220
76127,"Fort Worth, TX",2024,4,3930
76129,"Fort Worth, TX",2024,0,1420
76129,"Fort Worth, TX",2024,1,1550
76129,"Fort Worth, TX",2024,2,1810
76129,"Fort Worth, TX",2024,3,2400
76129,"Fort Worth, TX",2024,4,2930
76130,"Fort Worth, TX",2024,0,1270
76130,"Fort Worth, TX",2024,1,1390
76130,"Fort Worth, TX",2024,2,1620
76130,"Fort Worth, TX",2024,3,2150
76130,"Fort Worth, TX",2024,4,2620
76131,"Fort Worth, TX",2024,0,1710
76131,"Fort Worth, TX",2024,1,1870
76131,"Fort Worth, TX",2024,2,2180
76131,"Fort Worth, TX",2024,3,2890
76131,"Fort Worth, TX",2024,4,3530
76132,"Fort Worth, TX",2024,0,1330
76132,"Fort Worth, TX",2024,1,1460
76132,"Fort Worth, TX",2024,2,1700
76132,"Fort Worth, TX",2024,3,2250
76132,"Fort Worth, TX",2024,4,2750
76133,"Fort Worth, TX",2024,0,1300
76133,"Fort Worth, TX",2024,1,1420
76133,"Fort Worth, TX",2024,2,1660
76133,"Fort Worth, TX",2024,3,2200
76133,"Fort Worth, TX",2024,4,2680
76134,"Fort Worth, TX",2024,0,1210
76134,"Fort Worth, TX",2024,1,1330
76134,"Fort Worth, TX",2024,2,1550
76134,"Fort Worth, TX",2024,3,2050
76134,"Fort Worth, TX",2024,4,2510
76135,"Fort Worth, TX",2024,0,1130
76135,"Fort Worth, TX",2024,1,1230
76135,"Fort Worth, TX",2024,2,1440
76135,"Fort Worth, TX",2024,3,1910
76135,"Fort Worth, TX",2024,4,2330
76136,"Fort Worth, TX",2024,0,1270
76136,"Fort Worth, TX",2024,1,1390
76136,"Fort Worth, TX",2024,2,1620
76136,"Fort Worth, TX",2024,3,2150
76136,"Fort Worth, TX",2024,4,2620
76137,"Fort Worth, TX",2024,0,1570
76137,"Fort Worth, TX",2024,1,1710
76137,"Fort Worth, TX",2024,2,2000
76137,"Fort Worth, TX",2024,3,2650
76137,"Fort Worth, TX",2024,4,3230
76140,"Fort Worth, TX",2024,0,1260
76140,"Fort Worth, TX",2024,1,1380
76140,"Fort Worth, TX",2024,2,1610
76140,"Fort Worth, TX",2024,3,2130
76140,"Fort Worth, TX",2024,4,2600
76147,"Fort Worth, TX",2024,0,1270
76147,"Fort Worth, TX",2024,1,1390
76147,"Fort Worth, TX",2024,2,1620
76147,"Fort Worth, TX",2024,3,2150
76147,"Fort Worth, TX",2024,4,2620
76148,"Fort Worth, TX",2024,0,1630
76148,"Fort Worth, TX",2024,1,1780
76148,"Fort Worth, TX",2024,2,2080
76148,"Fort Worth, TX",2024,3,2760
76148,"Fort Worth, TX",2024,4,3360
76155,"Fort Worth, TX",2024,0,1350
76155,"Fort Worth, TX",2024,1,1470
76155,"Fort Worth, TX",2024,2,1720
76155,"Fort Worth, TX",2024,3,2280
76155,"Fort Worth, TX",2024,4,2780
76161,"Fort Worth, TX",2024,0,1270
76161,"Fort Worth, TX",2024,1,1390
76161,"Fort Worth, TX",2024,2,1620
76161,"Fort Worth, TX",2024,3,2150
76161,"Fort Worth, TX",2024,4,2620
76162,"Fort Worth, TX",2024,0,1270
76162,"Fort Worth, TX",2024,1,1390
76162,"Fort Worth, TX",2024,2,1620
76162,"Fort Worth, TX",2024,3,2150
76162,"Fort Worth, TX",2024,4,2620
76163,"Fort Worth, TX",2024,0,1270
76163,"Fort Worth, TX",2024,1,1390
76163,"Fort Worth, TX",2024,2,1620
76163,"Fort Worth, TX",2024,3,2150
76163,"Fort Worth, TX",2024,4,2620
76164,"Fort Worth, TX",2024,0,1020
76164,"Fort Worth, TX",2024,1,1110
76164,"Fort Worth, TX",2024,2,1300
76164,"Fort Worth, TX",2024,3,1720
76164,"Fort Worth, TX",2024,4,2100
76177,"Fort Worth, TX",2024,0,1660
76177,"Fort Worth, TX",2024,1,1800
76177,"Fort Worth, TX",2024,2,2110
76177,"Fort Worth, TX",2024,3,2770
76177,"Fort Worth, TX",2024,4,3410
76179,"Fort Worth, TX",2024,0,1750
76179,"Fort Worth, TX",2024,1,1920
76179,"Fort Worth, TX",2024,2,2240
76179,"Fort Worth, TX",2024,3,2970
76179,"Fort Worth, TX",2024,4,3620
76180,"Fort Worth, TX",2024,0,1390
76180,"Fort Worth, TX",2024,1,1520
76180,"Fort Worth, TX",2024,2,1780
76180,"Fort Worth, TX",2024,3,2360
76180,"Fort Worth, TX",2024,4,2880
76182,"Fort Worth, TX",2024,0,1450
76182,"Fort Worth, TX",2024,1,1580
76182,"Fort Worth, TX",2024,2,1850
76182,"Fort Worth, TX",2024,3,2450
76182,"Fort Worth, TX",2024,4,2990
76185,"Fort Worth, TX",2024,0,1270
76185,"Fort Worth, TX",2024,1,1390
76185,"Fort Worth, TX",2024,2,1620
76185,"Fort Worth, TX",2024,3,2150
76185,"Fort Worth, TX",2024,4,2620
76244,"Fort Worth, TX",2024,0,1820
76244,"Fort Worth, TX",2024,1,1990
76244,"Fort Worth, TX",2024,2,2320
76244,"Fort Worth, TX",2024,3,3080
76244,"Fort Worth, TX",2024,4,3750
76248,"Fort Worth, TX",2024,0,1750
76248,"Fort Worth, TX",2024,1,1910
76248,"Fort Worth, TX",2024,2,2230
76248,"Fort Worth, TX",2024,3,2960
76248,"Fort Worth, TX",2024,4,3610
76262,"Fort Worth, TX",2024,0,1500
76262,"Fort Worth, TX",2024,1,1600
76262,"Fort Worth, TX",2024,2,1870
76262,"Fort Worth, TX",2024,3,2390
76262,"Fort Worth, TX",2024,4,3020
76439,"Fort Worth, TX",2024,0,1200
76439,"Fort Worth, TX",2024,1,1310
76439,"Fort Worth, TX",2024,2,1530
76439,"Fort Worth, TX",2024,3,2030
76439,"Fort Worth, TX",2024,4,2470
76462,"Fort Worth, TX",2024,0,810
76462,"Fort Worth, TX",2024,1,890
76462,"Fort Worth, TX",2024,2,1040
76462,"Fort Worth, TX",2024,3,1380
76462,"Fort Worth, TX",2024,4,1680
76485,"Fort Worth, TX",2024,0,1200
76485,"Fort Worth, TX",2024,1,1310
76485,"Fort Worth, TX",2024,2,1530
76485,"Fort Worth, TX",2024,3,2030
76485,"Fort Worth, TX",2024,4,2470
76486,"Fort Worth, TX",2024,0,710
76486,"Fort Worth, TX",2024,1,770
76486,"Fort Worth, TX",2024,2,910
76486,"Fort Worth, TX",2024,3,1200
76486,"Fort Worth, TX",2024,4,1460
76487,"Fort Worth, TX",2024,0,1590
76487,"Fort Worth, TX",2024,1,1740
76487,"Fort Worth, TX",2024,2,2020
76487,"Fort Worth, TX",2024,3,2710
76487,"Fort Worth, TX",2024,4,3220
76490,"Fort Worth, TX",2024,0,940
76490,"Fort Worth, TX",2024,1,1020
76490,"Fort Worth, TX",2024,2,1200
76490,"Fort Worth, TX",2024,3,1590
76490,"Fort Worth, TX",2024,4,1930
78002,"San Antonio, TX",2024,0,910
78002,"San Antonio, TX",2024,1,1020
78002,"San Antonio, TX",2024,2,1240
78002,"San Antonio, TX",2024,3,1570
78002,"San Antonio, TX",2024,4,1880
78003,"San Antonio, TX",2024,0,890
78003,"San Antonio, TX",2024,1,990
78003,"San Antonio, TX",2024,2,1210
78003,"San Antonio, TX",2024,3,1540
78003,"San Antonio, TX",2024,4,1810
78006,"San Antonio, TX",2024,0,1280
78006,"San Antonio, TX",2024,1,1420
78006,"San Antonio, TX",2024,2,1740
78006,"San Antonio, TX",2024,3,2280
78006,"San Antonio, TX",2024,4,2600
78009,"San Antonio, TX",2024,0,960
78009,"San Antonio, TX",2024,1,1000
78009,"San Antonio, TX",2024,2,1310
78009,"San Antonio, TX",2024,3,1740
78009,"San Antonio, TX",2024,4,1740
78010,"San Antonio, TX",2024,0,910
78010,"San Antonio, TX",2024,1,1020
78010,"San Antonio, TX",2024,2,1240
78010,"San Antonio, TX",2024,3,1570
78010,"San Antonio, TX",2024,4,1880
78015,"San Antonio, TX",2024,0,1600
78015,"San Antonio, TX",2024,1,1790
78015,"San Antonio, TX",2024,2,2190
78015,"San Antonio, TX",2024,3,2800
78015,"San Antonio, TX",2024,4,3300
78023,"San Antonio, TX",2024,0,1600
78023,"San Antonio, TX",2024,1,1790
78023,"San Antonio, TX",2024,2,2180
78023,"San Antonio, TX",2024,3,2770
78023,"San Antonio, TX",2024,4,3300
78039,"San Antonio, TX",2024,0,660
78039,"San Antonio, TX",2024,1,690
78039,"San Antonio, TX",2024,2,910
78039,"San Antonio, TX",2024,3,1200
78039,"San Antonio, TX",2024,4,1210
78052,"San Antonio, TX",2024,0,840
78052,"San Antonio, TX",2024,1,980
78052,"San Antonio, TX",2024,2,1140
78052,"San Antonio, TX",2024,3,1440
78052,"San Antonio, TX",2024,4,1580
78054,"San Antonio, TX",2024,0,1060
78054,"San Antonio, TX",2024,1,1190
78054,"San Antonio, TX",2024,2,1450
78054,"San Antonio, TX",2024,3,1840
78054,"San Antonio, TX",2024,4,2190
78055,"San Antonio, TX",2024,0,910
78055,"San Antonio, TX",2024,1,1020
78055,"San Antonio, TX",2024,2,1240
78055,"San Antonio, TX",2024,3,1570
78055,"San Antonio, TX",2024,4,1880
78063,"San Antonio, TX",2024,0,1210
78063,"San Antonio, TX",2024,1,1350
78063,"San Antonio, TX",2024,2,1650
78063,"San Antonio, TX",2024,3,2090
78063,"San Antonio, TX",2024,4,2500
78064,"San Antonio, TX",2024,0,1020
78064,"San Antonio, TX",2024,1,1240
78064,"San Antonio, TX",2024,2,1390
78064,"San Antonio, TX",2024,3,1720
78064,"San Antonio, TX",2024,4,1940
78069,"San Antonio, TX",2024,0,680
78069,"San Antonio, TX",2024,1,800
78069,"San Antonio, TX",2024,2,920
78069,"San Antonio, TX",2024,3,1150
78069,"San Antonio, TX",2024,4,1330
78070,"San Antonio, TX",2024,0,1180
78070,"San Antonio, TX",2024,1,1320
78070,"San Antonio, TX",2024,2,1610
78070,"San Antonio, TX",2024,3,2040
78070,"San Antonio, TX",2024,4,2440
78073,"San Antonio, TX",2024,0,830
78073,"San Antonio, TX",2024,1,950
78073,"San Antonio, TX",2024,2,1130
78073,"San Antonio, TX",2024,3,1430
78073,"San Antonio, TX",2024,4,1680
78101,"San Antonio, TX",2024,0,810
78101,"San Antonio, TX",2024,1,930
78101,"San Antonio, TX",2024,2,1130
78101,"San Antonio, TX",2024,3,1440
78101,"San Antonio, TX",2024,4,1740
78108,"San Antonio, TX",2024,0,1600
78108,"San Antonio, TX",2024,1,1800
78108,"San Antonio, TX",2024,2,2190
78108,"San Antonio, TX",2024,3,2770
78108,"San Antonio, TX",2024,4,3310
78109,"San Antonio, TX",2024,0,1300
78109,"San Antonio, TX",2024,1,1460
78109,"San Antonio, TX",2024,2,1780
78109,"San Antonio, TX",2024,3,2250
78109,"San Antonio, TX",2024,4,2690
78112,"San Antonio, TX",2024,0,1000
78112,"San Antonio, TX",2024,1,1120
78112,"San Antonio, TX",2024,2,1370
78112,"San Antonio, TX",2024,3,1730
78112,"San Antonio, TX",2024,4,2070
78113,"San Antonio, TX",2024,0,960
78113,"San Antonio, TX",2024,1,1090
78113,"San Antonio, TX",2024,2,1310
78113,"San Antonio, TX",2024,3,1660
78113,"San Antonio, TX",2024,4,1970
78114,"San Antonio, TX",2024,0,960
78114,"San Antonio, TX",2024,1,1080
78114,"San Antonio, TX",2024,2,1310
78114,"San Antonio, TX",2024,3,1660
78114,"San Antonio, TX",2024,4,1980
78115,"San Antonio, TX",2024,0,1160
78115,"San Antonio, TX",2024,1,1300
78115,"San Antonio, TX",2024,2,1590
78115,"San Antonio, TX",2024,3,2010
78115,"San Antonio, TX",2024,4,2410
78121,"San Antonio, TX",2024,0,1080
78121,"San Antonio, TX",2024,1,1210
78121,"San Antonio, TX",2024,2,1470
78121,"San Antonio, TX",2024,3,1860
78121,"San Antonio, TX",2024,4,2220
78123,"San Antonio, TX",2024,0,910
78123,"San Antonio, TX",2024,1,1020
78123,"San Antonio, TX",2024,2,1240
78123,"San Antonio, TX",2024,3,1570
78123,"San Antonio, TX",2024,4,1880
78124,"San Antonio, TX",2024,0,1000
78124,"San Antonio, TX",2024,1,1120
78124,"San Antonio, TX",2024,2,1370
78124,"San Antonio, TX",2024,3,1730
78124,"San Antonio, TX",2024,4,2070
78130,"San Antonio, TX",2024,0,1140
78130,"San Antonio, TX",2024,1,1280
78130,"San Antonio, TX",2024,2,1560
78130,"San Antonio, TX",2024,3,1980
78130,"San Antonio, TX",2024,4,2360
78131,"San Antonio, TX",2024,0,1190
78131,"San Antonio, TX",2024,1,1340
78131,"San Antonio, TX",2024,2,1630
78131,"San Antonio, TX",2024,3,2060
78131,"San Antonio, TX",2024,4,2470
78132,"San Antonio, TX",2024,0,1190
78132,"San Antonio, TX",2024,1,1340
78132,"San Antonio, TX",2024,2,1630
78132,"San Antonio, TX",2024,3,2060
78132,"San Antonio, TX",2024,4,2470
78133,"San Antonio, TX",2024,0,1060
78133,"San Antonio, TX",2024,1,1190
78133,"San Antonio, TX",2024,2,1450
78133,"San Antonio, TX",2024,3,1840
78133,"San Antonio, TX",2024,4,2190
78140,"San Antonio, TX",2024,0,850
78140,"San Antonio, TX",2024,1,950
78140,"San Antonio, TX",2024,2,1160
78140,"San Antonio, TX",2024,3,1470
78140,"San Antonio, TX",2024,4,1760
78143,"San Antonio, TX",2024,0,870
78143,"San Antonio, TX",2024,1,970
78143,"San Antonio, TX",2024,2,1180
78143,"San Antonio, TX",2024,3,1500
78143,"San Antonio, TX",2024,4,1790
78147,"San Antonio, TX",2024,0,940
78147,"San Antonio, TX",2024,1,1050
78147,"San Antonio, TX",2024,2,1280
78147,"San Antonio, TX",2024,3,1620
78147,"San Antonio, TX",2024,4,1940
78148,"San Antonio, TX",2024,0,1040
78148,"San Antonio, TX",2024,1,1170
78148,"San Antonio, TX",2024,2,1420
78148,"San Antonio, TX",2024,3,1800
78148,"San Antonio, TX",2024,4,2150
78150,"San Antonio, TX",2024,0,1060
78150,"San Antonio, TX",2024,1,1190
78150,"San Antonio, TX",2024,2,1450
78150,"San Antonio, TX",2024,3,1840
78150,"San Antonio, TX",2024,4,2190
78152,"San Antonio, TX",2024,0,1190
78152,"San Antonio, TX",2024,1,1330
78152,"San Antonio, TX",2024,2,1620
78152,"San Antonio, TX",2024,3,2050
78152,"San Antonio, TX",2024,4,2450
78154,"San Antonio, TX",2024,0,1350
78154,"San Antonio, TX",2024,1,1520
78154,"San Antonio, TX",2024,2,1850
78154,"San Antonio, TX",2024,3,2340
78154,"San Antonio, TX",2024,4,2800
78155,"San Antonio, TX",2024,0,960
78155,"San Antonio, TX",2024,1,1080
78155,"San Antonio, TX",2024,2,1310
78155,"San Antonio, TX",2024,3,1660
78155,"San Antonio, TX",2024,4,1980
78156,"San Antonio, TX",2024,0,1160
78156,"San Antonio, TX",2024,1,1300
78156,"San Antonio, TX",2024,2,1590
78156,"San Antonio, TX",2024,3,2010
78156,"San Antonio, TX",2024,4,2410
78160,"San Antonio, TX",2024,0,870
78160,"San Antonio, TX",2024,1,980
78160,"San Antonio, TX",2024,2,1190
78160,"San Antonio, TX",2024,3,1510
78160,"San Antonio, TX",2024,4,1800
78161,"San Antonio, TX",2024,0,1000
78161,"San Antonio, TX",2024,1,1120
78161,"San Antonio, TX",2024,2,1360
78161,"San Antonio, TX",2024,3,1720
78161,"San Antonio, TX",2024,4,2050
78163,"San Antonio, TX",2024,0,1220
78163,"San Antonio, TX",2024,1,1370
78163,"San Antonio, TX",2024,2,1670
78163,"San Antonio, TX",2024,3,2110
78163,"San Antonio, TX",2024,4,2530
78201,"San Antonio, TX",2024,0,910
78201,"San Antonio, TX",2024,1,1030
78201,"San Antonio, TX",2024,2,1250
78201,"San Antonio, TX",2024,3,1580
78201,"San Antonio, TX",2024,4,1890
78202,"San Antonio, TX",2024,0,910
78202,"San Antonio, TX",2024,1,1020
78202,"San Antonio, TX",2024,2,1240
78202,"San Antonio, TX",2024,3,1570
78202,"San Antonio, TX",2024,4,1880
78203,"San Antonio, TX",2024,0,820
78203,"San Antonio, TX",2024,1,920
78203,"San Antonio, TX",2024,2,1120
78203,"San Antonio, TX",2024,3,1420
78203,"San Antonio, TX",2024,4,1690
78204,"San Antonio, TX",2024,0,1020
78204,"San Antonio, TX",2024,1,1150
78204,"San Antonio, TX",2024,2,1400
78204,"San Antonio, TX",2024,3,1770
78204,"San Antonio, TX",2024,4,2120
78205,"San Antonio, TX",2024,0,1050
78205,"San Antonio, TX",2024,1,1180
78205,"San Antonio, TX",2024,2,1440
78205,"San Antonio, TX",2024,3,1820
78205,"San Antonio, TX",2024,4,2180
78206,"San Antonio, TX",2024,0,1060
78206,"San Antonio, TX",2024,1,1190
78206,"San Antonio, TX",2024,2,1450
78206,"San Antonio, TX",2024,3,1840
78206,"San Antonio, TX",2024,4,2190
78207,"San Antonio, TX",2024,0,780
78207,"San Antonio, TX",2024,1,870
78207,"San Antonio, TX",2024,2,1060
78207,"San Antonio, TX",2024,3,1340
78207,"San Antonio, TX",2024,4,1600
78208,"San Antonio, TX",2024,0,780
78208,"San Antonio, TX",2024,1,880
78208,"San Antonio, TX",2024,2,1070
78208,"San Antonio, TX",2024,3,1350
78208,"San Antonio, TX",2024,4,1620
78209,"San Antonio, TX",2024,0,1190
78209,"San Antonio, TX",2024,1,1340
78209,"San Antonio, TX",2024,2,1630
78209,"San Antonio, TX",2024,3,2060
78209,"San Antonio, TX",2024,4,2470
78210,"San Antonio, TX",2024,0,860
78210,"San Antonio, TX",2024,1,970
78210,"San Antonio, TX",2024,2,1180
78210,"San Antonio, TX",2024,3,1490
78210,"San Antonio, TX",2024,4,1790
78211,"San Antonio, TX",2024,0,900
78211,"San Antonio, TX",2024,1,1010
78211,"San Antonio, TX",2024,2,1230
78211,"San Antonio, TX",2024,3,1560
78211,"San Antonio, TX",2024,4,1860
78212,"San Antonio, TX",2024,0,980
78212,"San Antonio, TX",2024,1,1100
78212,"San Antonio, TX",2024,2,1340
78212,"San Antonio, TX",2024,3,1700
78212,"San Antonio, TX",2024,4,2030
78213,"San Antonio, TX",2024,0,1050
78213,"San Antonio, TX",2024,1,1180
78213,"San Antonio, TX",2024,2,1440
78213,"San Antonio, TX",2024,3,1820
78213,"San Antonio, TX",2024,4,2180
78214,"San Antonio, TX",2024,0,840
78214,"San Antonio, TX",2024,1,940
78214,"San Antonio, TX",2024,2,1150
78214,"San Antonio, TX",2024,3,1460
78214,"San Antonio, TX",2024,4,1740
78215,"San Antonio, TX",2024,0,1510
78215,"San Antonio, TX",2024,1,1690
78215,"San Antonio, TX",2024,2,2060
78215,"San Antonio, TX",2024,3,2610
78215,"San Antonio, TX",2024,4,3120
78216,"San Antonio, TX",2024,0,1080
78216,"San Antonio, TX",2024,1,1210
78216,"San Antonio, TX",2024,2,1480
78216,"San Antonio, TX",2024,3,1870
78216,"San Antonio, TX",2024,4,2240
78217,"San Antonio, TX",2024,0,1040
78217,"San Antonio, TX",2024,1,1170
78217,"San Antonio, TX",2024,2,1420
78217,"San Antonio, TX",2024,3,1800
78217,"San Antonio, TX",2024,4,2150
78218,"San Antonio, TX",2024,0,950
78218,"San Antonio, TX",2024,1,1070
78218,"San Antonio, TX",2024,2,1300
78218,"San Antonio, TX",2024,3,1650
78218,"San Antonio, TX",2024,4,1970
78219,"San Antonio, TX",2024,0,960
78219,"San Antonio, TX",2024,1,1080
78219,"San Antonio, TX",2024,2,1310
78219,"San Antonio, TX",2024,3,1660
78219,"San Antonio, TX",2024,4,1980
78220,"San Antonio, TX",2024,0,1000
78220,"San Antonio, TX",2024,1,1120
78220,"San Antonio, TX",2024,2,1370
78220,"San Antonio, TX",2024,3,1730
78220,"San Antonio, TX",2024,4,2070
78221,"San Antonio, TX",2024,0,920
78221,"San Antonio, TX",2024,1,1030
78221,"San Antonio, TX",2024,2,1260
78221,"San Antonio, TX",2024,3,1600
78221,"San Antonio, TX",2024,4,1910
78222,"San Antonio, TX",2024,0,1030
78222,"San Antonio, TX",2024,1,1160
78222,"San Antonio, TX",2024,2,1410
78222,"San Antonio, TX",2024,3,1790
78222,"San Antonio, TX",2024,4,2130
78223,"San Antonio, TX",2024,0,890
78223,"San Antonio, TX",2024,1,1000
78223,"San Antonio, TX",2024,2,1220
78223,"San Antonio, TX",2024,3,1540
78223,"San Antonio, TX",2024,4,1850
78224,"San Antonio, TX",2024,0,950
78224,"San Antonio, TX",2024,1,1070
78224,"San Antonio, TX",2024,2,1300
78224,"San Antonio, TX",2024,3,1650
78224,"San Antonio, TX",2024,4,1970
78225,"San Antonio, TX",2024,0,860
78225,"San Antonio, TX",2024,1,970
78225,"San Antonio, TX",2024,2,1180
78225,"San Antonio, TX",2024,3,1490
78225,"San Antonio, TX",2024,4,1790
78226,"San Antonio, TX",2024,0,810
78226,"San Antonio, TX",2024,1,900
78226,"San Antonio, TX",2024,2,1100
78226,"San Antonio, TX",2024,3,1390
78226,"San Antonio, TX",2024,4,1660
78227,"San Antonio, TX",2024,0,900
78227,"San Antonio, TX",2024,1,1010
78227,"San Antonio, TX",2024,2,1230
78227,"San Antonio, TX",2024,3,1560
78227,"San Antonio, TX",2024,4,1860
78228,"San Antonio, TX",2024,0,870
78228,"San Antonio, TX",2024,1,980
78228,"San Antonio, TX",2024,2,1190
78228,"San Antonio, TX",2024,3,1510
78228,"San Antonio, TX",2024,4,1800
78229,"San Antonio, TX",2024,0,1120
78229,"San Antonio, TX",2024,1,1260
78229,"San Antonio, TX",2024,2,1530
78229,"San Antonio, TX",2024,3,1940
78229,"San Antonio, TX",2024,4,2320
78230,"San Antonio, TX",2024,0,1130
78230,"San Antonio, TX",2024,1,1260
78230,"San Antonio, TX",2024,2,1540
78230,"San Antonio, TX",2024,3,1950
78230,"San Antonio, TX",2024,4,2330
78231,"San Antonio, TX",2024,0,1160
78231,"San Antonio, TX",2024,1,1300
78231,"San Antonio, TX",2024,2,1580
78231,"San Antonio, TX",2024,3,2000
78231,"San Antonio, TX",2024,4,2390
78232,"San Antonio, TX",2024,0,1210
78232,"San Antonio, TX",2024,1,1350
78232,"San Antonio, TX",2024,2,1650
78232,"San Antonio, TX",2024,3,2090
78232,"San Antonio, TX",2024,4,2500
78233,"San Antonio, TX",2024,0,1190
78233,"San Antonio, TX",2024,1,1330
78233,"San Antonio, TX",2024,2,1620
78233,"San Antonio, TX",2024,3,2050
78233,"San Antonio, TX",2024,4,2450
78234,"San Antonio, TX",2024,0,1600
78234,"San Antonio, TX",2024,1,1800
78234,"San Antonio, TX",2024,2,2190
78234,"San Antonio, TX",2024,3,2770
78234,"San Antonio, TX",2024,4,3310
78235,"San Antonio, TX",2024,0,1210
78235,"San Antonio, TX",2024,1,1350
78235,"San Antonio, TX",2024,2,1650
78235,"San Antonio, TX",2024,3,2090
78235,"San Antonio, TX",2024,4,2500
78236,"San Antonio, TX",2024,0,1600
78236,"San Antonio, TX",2024,1,1800
78236,"San Antonio, TX",2024,2,2190
78236,"San Antonio, TX",2024,3,2770
78236,"San Antonio, TX",2024,4,3310
78237,"San Antonio, TX",2024,0,840
78237,"San Antonio, TX",2024,1,940
78237,"San Antonio, TX",2024,2,1150
78237,"San Antonio, TX",2024,3,1460
78237,"San Antonio, TX",2024,4,1740
78238,"San Antonio, TX",2024,0,970
78238,"San Antonio, TX",2024,1,1080
78238,"San Antonio, TX",2024,2,1320
78238,"San Antonio, TX",2024,3,1670
78238,"San Antonio, TX",2024,4,2000
78239,"San Antonio, TX",2024,0,1170
78239,"San Antonio, TX",2024,1,1310
78239,"San Antonio, TX",2024,2,1600
78239,"San Antonio, TX",2024,3,2030
78239,"San Antonio, TX",2024,4,2420
78240,"San Antonio, TX",2024,0,1150
78240,"San Antonio, TX",2024,1,1290
78240,"San Antonio, TX",2024,2,1570
78240,"San Antonio, TX",2024,3,1990
78240,"San Antonio, TX",2024,4,2380
78241,"San Antonio, TX",2024,0,1060
78241,"San Antonio, TX",2024,1,1190
78241,"San Antonio, TX",2024,2,1450
78241,"San Antonio, TX",2024,3,1840
78241,"San Antonio, TX",2024,4,2190
78242,"San Antonio, TX",2024,0,920
78242,"San Antonio, TX",2024,1,1030
78242,"San Antonio, TX",2024,2,1260
78242,"San Antonio, TX",2024,3,1600
78242,"San Antonio, TX",2024,4,1910
78243,"San Antonio, TX",2024,0,1110
78243,"San Antonio, TX",2024,1,1240
78243,"San Antonio, TX",2024,2,1520
78243,"San Antonio, TX",2024,3,1920
78243,"San Antonio, TX",2024,4,2290
78244,"San Antonio, TX",2024,0,1290
78244,"San Antonio, TX",2024,1,1440
78244,"San Antonio, TX",2024,2,1760
78244,"San Antonio, TX",2024,3,2230
78244,"San Antonio, TX",2024,4,2660
78245,"San Antonio, TX",2024,0,1140
78245,"San Antonio, TX",2024,1,1280
78245,"San Antonio, TX",2024,2,1560
78245,"San Antonio, TX",2024,3,1980
78245,"San Antonio, TX",2024,4,2360
78246,"San Antonio, TX",2024,0,1060
78246,"San Antonio, TX",2024,1,1190
78246,"San Antonio, TX",2024,2,1450
78246,"San Antonio, TX",2024,3,1840
78246,"San Antonio, TX",2024,4,2190
78247,"San Antonio, TX",2024,0,1260
78247,"San Antonio, TX",2024,1,1410
78247,"San Antonio, TX",2024,2,1720
78247,"San Antonio, TX",2024,3,2180
78247,"San Antonio, TX",2024,4,2600
78248,"San Antonio, TX",2024,0,1240
78248,"San Antonio, TX",2024,1,1400
78248,"San Antonio, TX",2024,2,1700
78248,"San Antonio, TX",2024,3,2150
78248,"San Antonio, TX",2024,4,2570
78249,"San Antonio, TX",2024,0,1300
78249,"San Antonio, TX",2024,1,1450
78249,"San Antonio, TX",2024,2,1770
78249,"San Antonio, TX",2024,3,2240
78249,"San Antonio, TX",2024,4,2680
78250,"San Antonio, TX",2024,0,1120
78250,"San Antonio, TX",2024,1,1260
78250,"San Antonio, TX",2024,2,1530
78250,"San Antonio, TX",2024,3,1940
78250,"San Antonio, TX",2024,4,2320
78251,"San Antonio, TX",2024,0,1180
78251,"San Antonio, TX",2024,1,1320
78251,"San Antonio, TX",2024,2,1610
78251,"San Antonio, TX",2024,3,2040
78251,"San Antonio, TX",2024,4,2440
78252,"San Antonio, TX",2024,0,1300
78252,"San Antonio, TX",2024,1,1450
78252,"San Antonio, TX",2024,2,1770
78252,"San Antonio, TX",2024,3,2240
78252,"San Antonio, TX",2024,4,2680
78253,"San Antonio, TX",2024,0,1320
78253,"San Antonio, TX",2024,1,1470
78253,"San Antonio, TX",2024,2,1800
78253,"San Antonio, TX",2024,3,2290
78253,"San Antonio, TX",2024,4,2710
78254,"San Antonio, TX",2024,0,1380
78254,"San Antonio, TX",2024,1,1540
78254,"San Antonio, TX",2024,2,1880
78254,"San Antonio, TX",2024,3,2380
78254,"San Antonio, TX",2024,4,2850
78255,"San Antonio, TX",2024,0,1410
78255,"San Antonio, TX",2024,1,1580
78255,"San Antonio, TX",2024,2,1920
78255,"San Antonio, TX",2024,3,2430
78255,"San Antonio, TX",2024,4,2910
78256,"San Antonio, TX",2024,0,1330
78256,"San Antonio, TX",2024,1,1490
78256,"San Antonio, TX",2024,2,1820
78256,"San Antonio, TX",2024,3,2300
78256,"San Antonio, TX",2024,4,2750
78257,"San Antonio, TX",2024,0,1340
78257,"San Antonio, TX",2024,1,1500
78257,"San Antonio, TX",2024,2,1830
78257,"San Antonio, TX",2024,3,2320
78257,"San Antonio, TX",2024,4,2770
78258,"San Antonio, TX",2024,0,1400
78258,"San Antonio, TX",2024,1,1570
78258,"San Antonio, TX",2024,2,1910
78258,"San Antonio, TX",2024,3,2420
78258,"San Antonio, TX",2024,4,2890
78259,"San Antonio, TX",2024,0,1220
78259,"San Antonio, TX",2024,1,1370
78259,"San Antonio, TX",2024,2,1670
78259,"San Antonio, TX",2024,3,2110
78259,"San Antonio, TX",2024,4,2530
78260,"San Antonio, TX",2024,0,1600
78260,"San Antonio, TX",2024,1,1800
78260,"San Antonio, TX",2024,2,2190
78260,"San Antonio, TX",2024,3,2770
78260,"San Antonio, TX",2024,4,3310
78261,"San Antonio, TX",2024,0,1410
78261,"San Antonio, TX",2024,1,1580
78261,"San Antonio, TX",2024,2,1930
78261,"San Antonio, TX",2024,3,2440
78261,"San Antonio, TX",2024,4,2920
78263,"San Antonio, TX",2024,0,1100
78263,"San Antonio, TX",2024,1,1230
78263,"San Antonio, TX",2024,2,1500
78263,"San Antonio, TX",2024,3,1900
78263,"San Antonio, TX",2024,4,2270
78264,"San Antonio, TX",2024,0,960
78264,"San Antonio, TX",2024,1,1090
78264,"San Antonio, TX",2024,2,1310
78264,"San Antonio, TX",2024,3,1660
78264,"San Antonio, TX",2024,4,1980
78265,"San Antonio, TX",2024,0,1060
78265,"San Antonio, TX",2024,1,1190
78265,"San Antonio, TX",2024,2,1450
78265,"San Antonio, TX",2024,3,1840
78265,"San Antonio, TX",2024,4,2190
78266,"San Antonio, TX",2024,0,1600
78266,"San Antonio, TX",2024,1,1800
78266,"San Antonio, TX",2024,2,2190
78266,"San Antonio, TX",2024,3,2770
78266,"San Antonio, TX",2024,4,3310
78268,"San Antonio, TX",2024,0,1060
78268,"San Antonio, TX",2024,1,1190
78268,"San Antonio, TX",2024,2,1450
78268,"San Antonio, TX",2024,3,1840
78268,"San Antonio, TX",2024,4,2190
78269,"San Antonio, TX",2024,0,1060
78269,"San Antonio, TX",2024,1,1190
78269,"San Antonio, TX",2024,2,1450
78269,"San Antonio, TX",2024,3,1840
78269,"San Antonio, TX",2024,4,2190
78270,"San Antonio, TX",2024,0,1060
78270,"San Antonio, TX",2024,1,1190
78270,"San Antonio, TX",2024,2,1450
78270,"San Antonio, TX",2024,3,1840
78270,"San Antonio, TX",2024,4,2190
78278,"San Antonio, TX",2024,0,1060
78278,"San Antonio, TX",2024,1,1190
78278,"San Antonio, TX",2024,2,1450
78278,"San Antonio, TX",2024,3,1840
78278,"San Antonio, TX",2024,4,2190
78279,"San Antonio, TX",2024,0,1060
78279,"San Antonio, TX",2024,1,1190
78279,"San Antonio, TX",2024,2,1450
78279,"San Antonio, TX",2024,3,1840
78279,"San Antonio, TX",2024,4,2190
78280,"San Antonio, TX",2024,0,1060
78280,"San Antonio, TX",2024,1,1190
78280,"San Antonio, TX",2024,2,1450
78280,"San Antonio, TX",2024,3,1840
78280,"San Antonio, TX",2024,4,2190
78283,"San Antonio, TX",2024,0,1060
78283,"San Antonio, TX",2024,1,1190
78283,"San Antonio, TX",2024,2,1450
78283,"San Antonio, TX",2024,3,1840
78283,"San Antonio, TX",2024,4,2190
78285,"San Antonio, TX",2024,0,1060
78285,"San Antonio, TX",2024,1,1190
78285,"San Antonio, TX",2024,2,1450
78285,"San Antonio, TX",2024,3,1840
78285,"San Antonio, TX",2024,4,2190
78288,"San Antonio, TX",2024,0,1060
78288,"San Antonio, TX",2024,1,1190
78288,"San Antonio, TX",2024,2,1450
78288,"San Antonio, TX",2024,3,1840
78288,"San Antonio, TX",2024,4,2190
78291,"San Antonio, TX",2024,0,1060
78291,"San Antonio, TX",2024,1,1190
78291,"San Antonio, TX",2024,2,1450
78291,"San Antonio, TX",2024,3,1840
78291,"San Antonio, TX",2024,4,2190
78292,"San Antonio, TX",2024,0,1060
78292,"San Antonio, TX",2024,1,1190
78292,"San Antonio, TX",2024,2,1450
78292,"San Antonio, TX",2024,3,1840
78292,"San Antonio, TX",2024,4,2190
78293,"San Antonio, TX",2024,0,1060
78293,"San Antonio, TX",2024,1,1190
78293,"San Antonio, TX",2024,2,1450
78293,"San Antonio, TX",2024,3,1840
78293,"San Antonio, TX",2024,4,2190
78294,"San Antonio, TX",2024,0,1060
78294,"San Antonio, TX",2024,1,1190
78294,"San Antonio, TX",2024,2,1450
78294,"San Antonio, TX",2024,3,1840
78294,"San Antonio, TX",2024,4,2190
78295,"San Antonio, TX",2024,0,1060
78295,"San Antonio, TX",2024,1,1190
78295,"San Antonio, TX",2024,2,1450
78295,"San Antonio, TX",2024,3,1840
78295,"San Antonio, TX",2024,4,2190
78296,"San Antonio, TX",2024,0,1060
78296,"San Antonio, TX",2024,1,1190
78296,"San Antonio, TX",2024,2,1450
78296,"San Antonio, TX",2024,3,1840
78296,"San Antonio, TX",2024,4,2190
78297,"San Antonio, TX",2024,0,1060
78297,"San Antonio, TX",2024,1,1190
78297,"San Antonio, TX",2024,2,1450
78297,"San Antonio, TX",2024,3,1840
78297,"San Antonio, TX",2024,4,2190
78298,"San Antonio, TX",2024,0,1060
78298,"San Antonio, TX",2024,1,1190
78298,"San Antonio, TX",2024,2,1450
78298,"San Antonio, TX",2024,3,1840
78298,"San Antonio, TX",2024,4,2190
78299,"San Antonio, TX",2024,0,1060
78299,"San Antonio, TX",2024,1,1190
78299,"San Antonio, TX",2024,2,1450
78299,"San Antonio, TX",2024,3,1840
78299,"San Antonio, TX",2024,4,2190
78606,"San Antonio, TX",2024,0,810
78606,"San Antonio, TX",2024,1,910
78606,"San Antonio, TX",2024,2,1110
78606,"San Antonio, TX",2024,3,1430
78606,"San Antonio, TX",2024,4,1670
78623,"San Antonio, TX",2024,0,1160
78623,"San Antonio, TX",2024,1,1270
78623,"San Antonio, TX",2024,2,1530
78623,"San Antonio, TX",2024,3,1950
78623,"San Antonio, TX",2024,4,2290
78638,"San Antonio, TX",2024,0,1190
78638,"San Antonio, TX",2024,1,1340
78638,"San Antonio, TX",2024,2,1630
78638,"San Antonio, TX",2024,3,2060
78638,"San Antonio, TX",2024,4,2470
78648,"San Antonio, TX",2024,0,1040
78648,"San Antonio, TX",2024,1,1120
78648,"San Antonio, TX",2024,2,1330
78648,"San Antonio, TX",2024,3,1700
78648,"San Antonio, TX",2024,4,1960
78655,"San Antonio, TX",2024,0,1060
78655,"San Antonio, TX",2024,1,1150
78655,"San Antonio, TX",2024,2,1370
78655,"San Antonio, TX",2024,3,1750
78655,"San Antonio, TX",2024,4,2040
78666,"San Antonio, TX",2024,0,1200
78666,"San Antonio, TX",2024,1,1290
78666,"San Antonio, TX",2024,2,1520
78666,"San Antonio, TX",2024,3,1950
78666,"San Antonio, TX",2024,4,2250
78670,"San Antonio, TX",2024,0,1100
78670,"San Antonio, TX",2024,1,1200
78670,"San Antonio, TX",2024,2,1430
78670,"San Antonio, TX",2024,3,1820
78670,"San Antonio, TX",2024,4,2130
78676,"San Antonio, TX",2024,0,1360
78676,"San Antonio, TX",2024,1,1460
78676,"San Antonio, TX",2024,2,1720
78676,"San Antonio, TX",2024,3,2210
78676,"San Antonio, TX",2024,4,2540
78883,"San Antonio, TX",2024,0,870
78883,"San Antonio, TX",2024,1,940
78883,"San Antonio, TX",2024,2,1180
78883,"San Antonio, TX",2024,3,1520
78883,"San Antonio, TX",2024,4,1700
78884,"San Antonio, TX",2024,0,910
78884,"San Antonio, TX",2024,1,1020
78884,"San Antonio, TX",2024,2,1240
78884,"San Antonio, TX",2024,3,1570
78884,"San Antonio, TX",2024,4,1870
78885,"San Antonio, TX",2024,0,910
78885,"San Antonio, TX",2024,1,1020
78885,"San Antonio, TX",2024,2,1240
78885,"San Antonio, TX",2024,3,1570
78885,"San Antonio, TX",2024,4,1880
