============================= test session starts ==============================
platform darwin -- Python 3.13.9, pytest-9.1.1, pluggy-1.6.0
rootdir: /Users/maxghenis/.subfleet/worktrees/20261007-055850-hub-resume-sol2-163d
configfile: pyproject.toml
plugins: hypothesis-6.168.3, anyio-4.15.1
collected 13 items

policyengine_us/tests/policy/baseline/gov/irs/tax/federal_income/capital_gains/schedule_d_tax_worksheet_form_4952.yaml Computation log:
  dividend_income_reduced_by_investment_income<2025, (default)> = [0.]
    form_4952_qualified_dividends<2025, (default)> = [0.]
      qualified_dividend_income<2025, (default)> = [0.]
      is_tax_unit_dependent<2025, (default)> = [False]
        is_tax_unit_head<2025, (default)> = [ True]
          is_child<2025, (default)> = [False]
            age<2025, (default)> = [40.]
          age<2025, (default)> = [40.]
        is_tax_unit_spouse<2025, (default)> = [False]
          is_separated<2025, (default)> = [False]
          is_child<2025, (default)> = [False]
          is_tax_unit_head<2025, (default)> = [ True]
          age<2025, (default)> = [40.]
    long_term_capital_gains<2025, (default)> = [300000.]
    is_tax_unit_dependent<2025, (default)> = [False]
    short_term_capital_gains<2025, (default)> = [0.]
    is_tax_unit_dependent<2025, (default)> = [False]
    form_4952_capital_gain_distributions<2025, (default)> = [0.]
      is_tax_unit_dependent<2025, (default)> = [False]
      non_sch_d_capital_gains<2025, (default)> = [0.]
    form_4952_elected_investment_income<2025, (default)> = [50000.]
      investment_income_elected_form_4952<2025, (default)> = [50000.]
      is_tax_unit_dependent<2025, (default)> = [False]
      form_4952_qualified_dividends<2025, (default)> = [0.]
      form_4952_net_capital_gain<2025, (default)> = [300000.]
        form_4952_net_investment_gain<2025, (default)> = [300000.]
          long_term_capital_gains<2025, (default)> = [300000.]
          is_tax_unit_dependent<2025, (default)> = [False]
          short_term_capital_gains<2025, (default)> = [0.]
          is_tax_unit_dependent<2025, (default)> = [False]
          form_4952_capital_gain_distributions<2025, (default)> = [0.]
        long_term_capital_gains<2025, (default)> = [300000.]
        is_tax_unit_dependent<2025, (default)> = [False]
        form_4952_capital_gain_distributions<2025, (default)> = [0.]
        short_term_capital_gains<2025, (default)> = [0.]
        is_tax_unit_dependent<2025, (default)> = [False]
    form_4952_net_capital_gain<2025, (default)> = [300000.]
  dwks09<2025, (default)> = [250000.]
    long_term_capital_gains<2025, (default)> = [300000.]
    is_tax_unit_dependent<2025, (default)> = [False]
    short_term_capital_gains<2025, (default)> = [0.]
    is_tax_unit_dependent<2025, (default)> = [False]
    form_4952_capital_gain_distributions<2025, (default)> = [0.]
    form_4952_elected_investment_income<2025, (default)> = [50000.]
    form_4952_net_capital_gain<2025, (default)> = [300000.]
  dwks10<2025, (default)> = [250000.]
    dividend_income_reduced_by_investment_income<2025, (default)> = [0.]
    dwks09<2025, (default)> = [250000.]
  net_capital_gain<2025, (default)> = [250000.]
    long_term_capital_gains<2025, (default)> = [300000.]
    is_tax_unit_dependent<2025, (default)> = [False]
    form_4952_capital_gain_distributions<2025, (default)> = [0.]
    short_term_capital_gains<2025, (default)> = [0.]
    is_tax_unit_dependent<2025, (default)> = [False]
    form_4952_elected_investment_income<2025, (default)> = [50000.]
    form_4952_net_capital_gain<2025, (default)> = [300000.]
    form_4952_qualified_dividends<2025, (default)> = [0.]
.Computation log:
  dividend_income_reduced_by_investment_income<2025, (default)> = [15000.]
    form_4952_qualified_dividends<2025, (default)> = [30000.]
      qualified_dividend_income<2025, (default)> = [30000.]
      is_tax_unit_dependent<2025, (default)> = [False]
        is_tax_unit_head<2025, (default)> = [ True]
          is_child<2025, (default)> = [False]
            age<2025, (default)> = [40.]
          age<2025, (default)> = [40.]
        is_tax_unit_spouse<2025, (default)> = [False]
          is_separated<2025, (default)> = [False]
          is_child<2025, (default)> = [False]
          is_tax_unit_head<2025, (default)> = [ True]
          age<2025, (default)> = [40.]
    long_term_capital_gains<2025, (default)> = [20000.]
    is_tax_unit_dependent<2025, (default)> = [False]
    short_term_capital_gains<2025, (default)> = [0.]
    is_tax_unit_dependent<2025, (default)> = [False]
    form_4952_capital_gain_distributions<2025, (default)> = [0.]
      is_tax_unit_dependent<2025, (default)> = [False]
      non_sch_d_capital_gains<2025, (default)> = [0.]
    form_4952_elected_investment_income<2025, (default)> = [35000.]
      investment_income_elected_form_4952<2025, (default)> = [35000.]
      is_tax_unit_dependent<2025, (default)> = [False]
      form_4952_qualified_dividends<2025, (default)> = [30000.]
      form_4952_net_capital_gain<2025, (default)> = [20000.]
        form_4952_net_investment_gain<2025, (default)> = [20000.]
          long_term_capital_gains<2025, (default)> = [20000.]
          is_tax_unit_dependent<2025, (default)> = [False]
          short_term_capital_gains<2025, (default)> = [0.]
          is_tax_unit_dependent<2025, (default)> = [False]
          form_4952_capital_gain_distributions<2025, (default)> = [0.]
        long_term_capital_gains<2025, (default)> = [20000.]
        is_tax_unit_dependent<2025, (default)> = [False]
        form_4952_capital_gain_distributions<2025, (default)> = [0.]
        short_term_capital_gains<2025, (default)> = [0.]
        is_tax_unit_dependent<2025, (default)> = [False]
    form_4952_net_capital_gain<2025, (default)> = [20000.]
  dwks09<2025, (default)> = [0.]
    long_term_capital_gains<2025, (default)> = [20000.]
    is_tax_unit_dependent<2025, (default)> = [False]
    short_term_capital_gains<2025, (default)> = [0.]
    is_tax_unit_dependent<2025, (default)> = [False]
    form_4952_capital_gain_distributions<2025, (default)> = [0.]
    form_4952_elected_investment_income<2025, (default)> = [35000.]
    form_4952_net_capital_gain<2025, (default)> = [20000.]
  dwks10<2025, (default)> = [15000.]
    dividend_income_reduced_by_investment_income<2025, (default)> = [15000.]
    dwks09<2025, (default)> = [0.]
  net_capital_gain<2025, (default)> = [15000.]
    long_term_capital_gains<2025, (default)> = [20000.]
    is_tax_unit_dependent<2025, (default)> = [False]
    form_4952_capital_gain_distributions<2025, (default)> = [0.]
    short_term_capital_gains<2025, (default)> = [0.]
    is_tax_unit_dependent<2025, (default)> = [False]
    form_4952_elected_investment_income<2025, (default)> = [35000.]
    form_4952_net_capital_gain<2025, (default)> = [20000.]
    form_4952_qualified_dividends<2025, (default)> = [30000.]
.Computation log:
  dividend_income_reduced_by_investment_income<2025, (default)> = [0.]
    form_4952_qualified_dividends<2025, (default)> = [5000.]
      qualified_dividend_income<2025, (default)> = [5000.]
      is_tax_unit_dependent<2025, (default)> = [False]
        is_tax_unit_head<2025, (default)> = [ True]
          is_child<2025, (default)> = [False]
            age<2025, (default)> = [40.]
          age<2025, (default)> = [40.]
        is_tax_unit_spouse<2025, (default)> = [False]
          is_separated<2025, (default)> = [False]
          is_child<2025, (default)> = [False]
          is_tax_unit_head<2025, (default)> = [ True]
          age<2025, (default)> = [40.]
    long_term_capital_gains<2025, (default)> = [10000.]
    is_tax_unit_dependent<2025, (default)> = [False]
    short_term_capital_gains<2025, (default)> = [0.]
    is_tax_unit_dependent<2025, (default)> = [False]
    form_4952_capital_gain_distributions<2025, (default)> = [0.]
      is_tax_unit_dependent<2025, (default)> = [False]
      non_sch_d_capital_gains<2025, (default)> = [0.]
    form_4952_elected_investment_income<2025, (default)> = [15000.]
      investment_income_elected_form_4952<2025, (default)> = [20000.]
      is_tax_unit_dependent<2025, (default)> = [False]
      form_4952_qualified_dividends<2025, (default)> = [5000.]
      form_4952_net_capital_gain<2025, (default)> = [10000.]
        form_4952_net_investment_gain<2025, (default)> = [10000.]
          long_term_capital_gains<2025, (default)> = [10000.]
          is_tax_unit_dependent<2025, (default)> = [False]
          short_term_capital_gains<2025, (default)> = [0.]
          is_tax_unit_dependent<2025, (default)> = [False]
          form_4952_capital_gain_distributions<2025, (default)> = [0.]
        long_term_capital_gains<2025, (default)> = [10000.]
        is_tax_unit_dependent<2025, (default)> = [False]
        form_4952_capital_gain_distributions<2025, (default)> = [0.]
        short_term_capital_gains<2025, (default)> = [0.]
        is_tax_unit_dependent<2025, (default)> = [False]
    form_4952_net_capital_gain<2025, (default)> = [10000.]
  dwks09<2025, (default)> = [0.]
    long_term_capital_gains<2025, (default)> = [10000.]
    is_tax_unit_dependent<2025, (default)> = [False]
    short_term_capital_gains<2025, (default)> = [0.]
    is_tax_unit_dependent<2025, (default)> = [False]
    form_4952_capital_gain_distributions<2025, (default)> = [0.]
    form_4952_elected_investment_income<2025, (default)> = [15000.]
    form_4952_net_capital_gain<2025, (default)> = [10000.]
  dwks10<2025, (default)> = [0.]
    dividend_income_reduced_by_investment_income<2025, (default)> = [0.]
    dwks09<2025, (default)> = [0.]
  net_capital_gain<2025, (default)> = [0.]
    long_term_capital_gains<2025, (default)> = [10000.]
    is_tax_unit_dependent<2025, (default)> = [False]
    form_4952_capital_gain_distributions<2025, (default)> = [0.]
    short_term_capital_gains<2025, (default)> = [0.]
    is_tax_unit_dependent<2025, (default)> = [False]
    form_4952_elected_investment_income<2025, (default)> = [15000.]
    form_4952_net_capital_gain<2025, (default)> = [10000.]
    form_4952_qualified_dividends<2025, (default)> = [5000.]
.Computation log:
  dividend_income_reduced_by_investment_income<2025, (default)> = [3000.]
    form_4952_qualified_dividends<2025, (default)> = [5000.]
      qualified_dividend_income<2025, (default)> = [5000.]
      is_tax_unit_dependent<2025, (default)> = [False]
        is_tax_unit_head<2025, (default)> = [ True]
          is_child<2025, (default)> = [False]
            age<2025, (default)> = [40.]
          age<2025, (default)> = [40.]
        is_tax_unit_spouse<2025, (default)> = [False]
          is_separated<2025, (default)> = [False]
          is_child<2025, (default)> = [False]
          is_tax_unit_head<2025, (default)> = [ True]
          age<2025, (default)> = [40.]
    long_term_capital_gains<2025, (default)> = [40000.]
    is_tax_unit_dependent<2025, (default)> = [False]
    short_term_capital_gains<2025, (default)> = [-10000.]
    is_tax_unit_dependent<2025, (default)> = [False]
    form_4952_capital_gain_distributions<2025, (default)> = [0.]
      is_tax_unit_dependent<2025, (default)> = [False]
      non_sch_d_capital_gains<2025, (default)> = [0.]
    form_4952_elected_investment_income<2025, (default)> = [32000.]
      investment_income_elected_form_4952<2025, (default)> = [32000.]
      is_tax_unit_dependent<2025, (default)> = [False]
      form_4952_qualified_dividends<2025, (default)> = [5000.]
      form_4952_net_capital_gain<2025, (default)> = [30000.]
        form_4952_net_investment_gain<2025, (default)> = [30000.]
          long_term_capital_gains<2025, (default)> = [40000.]
          is_tax_unit_dependent<2025, (default)> = [False]
          short_term_capital_gains<2025, (default)> = [-10000.]
          is_tax_unit_dependent<2025, (default)> = [False]
          form_4952_capital_gain_distributions<2025, (default)> = [0.]
        long_term_capital_gains<2025, (default)> = [40000.]
        is_tax_unit_dependent<2025, (default)> = [False]
        form_4952_capital_gain_distributions<2025, (default)> = [0.]
        short_term_capital_gains<2025, (default)> = [-10000.]
        is_tax_unit_dependent<2025, (default)> = [False]
    form_4952_net_capital_gain<2025, (default)> = [30000.]
  dwks09<2025, (default)> = [0.]
    long_term_capital_gains<2025, (default)> = [40000.]
    is_tax_unit_dependent<2025, (default)> = [False]
    short_term_capital_gains<2025, (default)> = [-10000.]
    is_tax_unit_dependent<2025, (default)> = [False]
    form_4952_capital_gain_distributions<2025, (default)> = [0.]
    form_4952_elected_investment_income<2025, (default)> = [32000.]
    form_4952_net_capital_gain<2025, (default)> = [30000.]
  dwks10<2025, (default)> = [3000.]
    dividend_income_reduced_by_investment_income<2025, (default)> = [3000.]
    dwks09<2025, (default)> = [0.]
  net_capital_gain<2025, (default)> = [3000.]
    long_term_capital_gains<2025, (default)> = [40000.]
    is_tax_unit_dependent<2025, (default)> = [False]
    form_4952_capital_gain_distributions<2025, (default)> = [0.]
    short_term_capital_gains<2025, (default)> = [-10000.]
    is_tax_unit_dependent<2025, (default)> = [False]
    form_4952_elected_investment_income<2025, (default)> = [32000.]
    form_4952_net_capital_gain<2025, (default)> = [30000.]
    form_4952_qualified_dividends<2025, (default)> = [5000.]
.Computation log:
  dividend_income_reduced_by_investment_income<2025, (default)> = [0.]
    form_4952_qualified_dividends<2025, (default)> = [0.]
      qualified_dividend_income<2025, (default)> = [0.]
      is_tax_unit_dependent<2025, (default)> = [False]
        is_tax_unit_head<2025, (default)> = [ True]
          is_child<2025, (default)> = [False]
            age<2025, (default)> = [40.]
          age<2025, (default)> = [40.]
        is_tax_unit_spouse<2025, (default)> = [False]
          is_separated<2025, (default)> = [False]
          is_child<2025, (default)> = [False]
          is_tax_unit_head<2025, (default)> = [ True]
          age<2025, (default)> = [40.]
    long_term_capital_gains<2025, (default)> = [40000.]
    is_tax_unit_dependent<2025, (default)> = [False]
    short_term_capital_gains<2025, (default)> = [15000.]
    is_tax_unit_dependent<2025, (default)> = [False]
    form_4952_capital_gain_distributions<2025, (default)> = [0.]
      is_tax_unit_dependent<2025, (default)> = [False]
      non_sch_d_capital_gains<2025, (default)> = [0.]
    form_4952_elected_investment_income<2025, (default)> = [10000.]
      investment_income_elected_form_4952<2025, (default)> = [10000.]
      is_tax_unit_dependent<2025, (default)> = [False]
      form_4952_qualified_dividends<2025, (default)> = [0.]
      form_4952_net_capital_gain<2025, (default)> = [40000.]
        form_4952_net_investment_gain<2025, (default)> = [55000.]
          long_term_capital_gains<2025, (default)> = [40000.]
          is_tax_unit_dependent<2025, (default)> = [False]
          short_term_capital_gains<2025, (default)> = [15000.]
          is_tax_unit_dependent<2025, (default)> = [False]
          form_4952_capital_gain_distributions<2025, (default)> = [0.]
        long_term_capital_gains<2025, (default)> = [40000.]
        is_tax_unit_dependent<2025, (default)> = [False]
        form_4952_capital_gain_distributions<2025, (default)> = [0.]
        short_term_capital_gains<2025, (default)> = [15000.]
        is_tax_unit_dependent<2025, (default)> = [False]
    form_4952_net_capital_gain<2025, (default)> = [40000.]
  dwks09<2025, (default)> = [30000.]
    long_term_capital_gains<2025, (default)> = [40000.]
    is_tax_unit_dependent<2025, (default)> = [False]
    short_term_capital_gains<2025, (default)> = [15000.]
    is_tax_unit_dependent<2025, (default)> = [False]
    form_4952_capital_gain_distributions<2025, (default)> = [0.]
    form_4952_elected_investment_income<2025, (default)> = [10000.]
    form_4952_net_capital_gain<2025, (default)> = [40000.]
  dwks10<2025, (default)> = [30000.]
    dividend_income_reduced_by_investment_income<2025, (default)> = [0.]
    dwks09<2025, (default)> = [30000.]
  net_capital_gain<2025, (default)> = [30000.]
    long_term_capital_gains<2025, (default)> = [40000.]
    is_tax_unit_dependent<2025, (default)> = [False]
    form_4952_capital_gain_distributions<2025, (default)> = [0.]
    short_term_capital_gains<2025, (default)> = [15000.]
    is_tax_unit_dependent<2025, (default)> = [False]
    form_4952_elected_investment_income<2025, (default)> = [10000.]
    form_4952_net_capital_gain<2025, (default)> = [40000.]
    form_4952_qualified_dividends<2025, (default)> = [0.]
.Computation log:
  dividend_income_reduced_by_investment_income<2025, (default)> = [2000.]
    form_4952_qualified_dividends<2025, (default)> = [2000.]
      qualified_dividend_income<2025, (default)> = [2000.]
      is_tax_unit_dependent<2025, (default)> = [False]
        is_tax_unit_head<2025, (default)> = [ True]
          is_child<2025, (default)> = [False]
            age<2025, (default)> = [40.]
          age<2025, (default)> = [40.]
        is_tax_unit_spouse<2025, (default)> = [False]
          is_separated<2025, (default)> = [False]
          is_child<2025, (default)> = [False]
          is_tax_unit_head<2025, (default)> = [ True]
          age<2025, (default)> = [40.]
    long_term_capital_gains<2025, (default)> = [0.]
      long_term_capital_gains_before_response<2025, (default)> = [0.]
      capital_gains_behavioral_response<2025, (default)> = [0.]
    is_tax_unit_dependent<2025, (default)> = [False]
    short_term_capital_gains<2025, (default)> = [0.]
    is_tax_unit_dependent<2025, (default)> = [False]
    form_4952_capital_gain_distributions<2025, (default)> = [8000.]
      is_tax_unit_dependent<2025, (default)> = [False]
      non_sch_d_capital_gains<2025, (default)> = [8000.]
    form_4952_elected_investment_income<2025, (default)> = [3000.]
      investment_income_elected_form_4952<2025, (default)> = [3000.]
      is_tax_unit_dependent<2025, (default)> = [False]
      form_4952_qualified_dividends<2025, (default)> = [2000.]
      form_4952_net_capital_gain<2025, (default)> = [8000.]
        form_4952_net_investment_gain<2025, (default)> = [8000.]
          long_term_capital_gains<2025, (default)> = [0.]
          is_tax_unit_dependent<2025, (default)> = [False]
          short_term_capital_gains<2025, (default)> = [0.]
          is_tax_unit_dependent<2025, (default)> = [False]
          form_4952_capital_gain_distributions<2025, (default)> = [8000.]
        long_term_capital_gains<2025, (default)> = [0.]
        is_tax_unit_dependent<2025, (default)> = [False]
        form_4952_capital_gain_distributions<2025, (default)> = [8000.]
        short_term_capital_gains<2025, (default)> = [0.]
        is_tax_unit_dependent<2025, (default)> = [False]
    form_4952_net_capital_gain<2025, (default)> = [8000.]
  dwks09<2025, (default)> = [5000.]
    long_term_capital_gains<2025, (default)> = [0.]
    is_tax_unit_dependent<2025, (default)> = [False]
    short_term_capital_gains<2025, (default)> = [0.]
    is_tax_unit_dependent<2025, (default)> = [False]
    form_4952_capital_gain_distributions<2025, (default)> = [8000.]
    form_4952_elected_investment_income<2025, (default)> = [3000.]
    form_4952_net_capital_gain<2025, (default)> = [8000.]
  dwks10<2025, (default)> = [7000.]
    dividend_income_reduced_by_investment_income<2025, (default)> = [2000.]
    dwks09<2025, (default)> = [5000.]
  net_capital_gain<2025, (default)> = [7000.]
    long_term_capital_gains<2025, (default)> = [0.]
    is_tax_unit_dependent<2025, (default)> = [False]
    form_4952_capital_gain_distributions<2025, (default)> = [8000.]
    short_term_capital_gains<2025, (default)> = [0.]
    is_tax_unit_dependent<2025, (default)> = [False]
    form_4952_elected_investment_income<2025, (default)> = [3000.]
    form_4952_net_capital_gain<2025, (default)> = [8000.]
    form_4952_qualified_dividends<2025, (default)> = [2000.]
.Computation log:
  dwks09<2025, (default)> = [0.]
    long_term_capital_gains<2025, (default)> = [-5000.]
    is_tax_unit_dependent<2025, (default)> = [False]
      is_tax_unit_head<2025, (default)> = [ True]
        is_child<2025, (default)> = [False]
          age<2025, (default)> = [40.]
        age<2025, (default)> = [40.]
      is_tax_unit_spouse<2025, (default)> = [False]
        is_separated<2025, (default)> = [False]
        is_child<2025, (default)> = [False]
        is_tax_unit_head<2025, (default)> = [ True]
        age<2025, (default)> = [40.]
    short_term_capital_gains<2025, (default)> = [0.]
    is_tax_unit_dependent<2025, (default)> = [False]
    form_4952_capital_gain_distributions<2025, (default)> = [3000.]
      is_tax_unit_dependent<2025, (default)> = [False]
      non_sch_d_capital_gains<2025, (default)> = [3000.]
    form_4952_elected_investment_income<2025, (default)> = [0.]
      investment_income_elected_form_4952<2025, (default)> = [0.]
      is_tax_unit_dependent<2025, (default)> = [False]
      form_4952_qualified_dividends<2025, (default)> = [0.]
        qualified_dividend_income<2025, (default)> = [0.]
        is_tax_unit_dependent<2025, (default)> = [False]
      form_4952_net_capital_gain<2025, (default)> = [0.]
        form_4952_net_investment_gain<2025, (default)> = [0.]
          long_term_capital_gains<2025, (default)> = [-5000.]
          is_tax_unit_dependent<2025, (default)> = [False]
          short_term_capital_gains<2025, (default)> = [0.]
          is_tax_unit_dependent<2025, (default)> = [False]
          form_4952_capital_gain_distributions<2025, (default)> = [3000.]
        long_term_capital_gains<2025, (default)> = [-5000.]
        is_tax_unit_dependent<2025, (default)> = [False]
        form_4952_capital_gain_distributions<2025, (default)> = [3000.]
        short_term_capital_gains<2025, (default)> = [0.]
        is_tax_unit_dependent<2025, (default)> = [False]
    form_4952_net_capital_gain<2025, (default)> = [0.]
  dwks10<2025, (default)> = [0.]
    dividend_income_reduced_by_investment_income<2025, (default)> = [0.]
      form_4952_qualified_dividends<2025, (default)> = [0.]
      long_term_capital_gains<2025, (default)> = [-5000.]
      is_tax_unit_dependent<2025, (default)> = [False]
      short_term_capital_gains<2025, (default)> = [0.]
      is_tax_unit_dependent<2025, (default)> = [False]
      form_4952_capital_gain_distributions<2025, (default)> = [3000.]
      form_4952_elected_investment_income<2025, (default)> = [0.]
      form_4952_net_capital_gain<2025, (default)> = [0.]
    dwks09<2025, (default)> = [0.]
  net_capital_gain<2025, (default)> = [0.]
    long_term_capital_gains<2025, (default)> = [-5000.]
    is_tax_unit_dependent<2025, (default)> = [False]
    form_4952_capital_gain_distributions<2025, (default)> = [3000.]
    short_term_capital_gains<2025, (default)> = [0.]
    is_tax_unit_dependent<2025, (default)> = [False]
    form_4952_elected_investment_income<2025, (default)> = [0.]
    form_4952_net_capital_gain<2025, (default)> = [0.]
    form_4952_qualified_dividends<2025, (default)> = [0.]
.Computation log:
  dwks09<2025, (default)> = [15000.]
    long_term_capital_gains<2025, (default)> = [12000.]
    is_tax_unit_dependent<2025, (default)> = [False]
      is_tax_unit_head<2025, (default)> = [ True]
        is_child<2025, (default)> = [False]
          age<2025, (default)> = [40.]
        age<2025, (default)> = [40.]
      is_tax_unit_spouse<2025, (default)> = [False]
        is_separated<2025, (default)> = [False]
        is_child<2025, (default)> = [False]
        is_tax_unit_head<2025, (default)> = [ True]
        age<2025, (default)> = [40.]
    short_term_capital_gains<2025, (default)> = [0.]
    is_tax_unit_dependent<2025, (default)> = [False]
    form_4952_capital_gain_distributions<2025, (default)> = [3000.]
      is_tax_unit_dependent<2025, (default)> = [False]
      non_sch_d_capital_gains<2025, (default)> = [3000.]
    form_4952_elected_investment_income<2025, (default)> = [0.]
      investment_income_elected_form_4952<2025, (default)> = [0.]
      is_tax_unit_dependent<2025, (default)> = [False]
      form_4952_qualified_dividends<2025, (default)> = [1000.]
        qualified_dividend_income<2025, (default)> = [1000.]
        is_tax_unit_dependent<2025, (default)> = [False]
      form_4952_net_capital_gain<2025, (default)> = [15000.]
        form_4952_net_investment_gain<2025, (default)> = [15000.]
          long_term_capital_gains<2025, (default)> = [12000.]
          is_tax_unit_dependent<2025, (default)> = [False]
          short_term_capital_gains<2025, (default)> = [0.]
          is_tax_unit_dependent<2025, (default)> = [False]
          form_4952_capital_gain_distributions<2025, (default)> = [3000.]
        long_term_capital_gains<2025, (default)> = [12000.]
        is_tax_unit_dependent<2025, (default)> = [False]
        form_4952_capital_gain_distributions<2025, (default)> = [3000.]
        short_term_capital_gains<2025, (default)> = [0.]
        is_tax_unit_dependent<2025, (default)> = [False]
    form_4952_net_capital_gain<2025, (default)> = [15000.]
  dwks10<2025, (default)> = [16000.]
    dividend_income_reduced_by_investment_income<2025, (default)> = [1000.]
      form_4952_qualified_dividends<2025, (default)> = [1000.]
      long_term_capital_gains<2025, (default)> = [12000.]
      is_tax_unit_dependent<2025, (default)> = [False]
      short_term_capital_gains<2025, (default)> = [0.]
      is_tax_unit_dependent<2025, (default)> = [False]
      form_4952_capital_gain_distributions<2025, (default)> = [3000.]
      form_4952_elected_investment_income<2025, (default)> = [0.]
      form_4952_net_capital_gain<2025, (default)> = [15000.]
    dwks09<2025, (default)> = [15000.]
  net_capital_gain<2025, (default)> = [16000.]
    long_term_capital_gains<2025, (default)> = [12000.]
    is_tax_unit_dependent<2025, (default)> = [False]
    form_4952_capital_gain_distributions<2025, (default)> = [3000.]
    short_term_capital_gains<2025, (default)> = [0.]
    is_tax_unit_dependent<2025, (default)> = [False]
    form_4952_elected_investment_income<2025, (default)> = [0.]
    form_4952_net_capital_gain<2025, (default)> = [15000.]
    form_4952_qualified_dividends<2025, (default)> = [1000.]
.Computation log:
  dividend_income_reduced_by_investment_income<2025, (default)> = [2000.]
    form_4952_qualified_dividends<2025, (default)> = [2000.]
      qualified_dividend_income<2025, (default)> = [2000.]
      is_tax_unit_dependent<2025, (default)> = [False]
        is_tax_unit_head<2025, (default)> = [ True]
          is_child<2025, (default)> = [False]
            age<2025, (default)> = [40.]
          age<2025, (default)> = [40.]
        is_tax_unit_spouse<2025, (default)> = [False]
          is_separated<2025, (default)> = [False]
          is_child<2025, (default)> = [False]
          is_tax_unit_head<2025, (default)> = [ True]
          age<2025, (default)> = [40.]
    long_term_capital_gains<2025, (default)> = [10000.]
    is_tax_unit_dependent<2025, (default)> = [False]
    short_term_capital_gains<2025, (default)> = [-1000.]
    is_tax_unit_dependent<2025, (default)> = [False]
    form_4952_capital_gain_distributions<2025, (default)> = [0.]
      is_tax_unit_dependent<2025, (default)> = [False]
      non_sch_d_capital_gains<2025, (default)> = [0.]
    form_4952_elected_investment_income<2025, (default)> = [0.]
      investment_income_elected_form_4952<2025, (default)> = [0.]
      is_tax_unit_dependent<2025, (default)> = [False]
      form_4952_qualified_dividends<2025, (default)> = [2000.]
      form_4952_net_capital_gain<2025, (default)> = [9000.]
        form_4952_net_investment_gain<2025, (default)> = [9000.]
          long_term_capital_gains<2025, (default)> = [10000.]
          is_tax_unit_dependent<2025, (default)> = [False]
          short_term_capital_gains<2025, (default)> = [-1000.]
          is_tax_unit_dependent<2025, (default)> = [False]
          form_4952_capital_gain_distributions<2025, (default)> = [0.]
        long_term_capital_gains<2025, (default)> = [10000.]
        is_tax_unit_dependent<2025, (default)> = [False]
        form_4952_capital_gain_distributions<2025, (default)> = [0.]
        short_term_capital_gains<2025, (default)> = [-1000.]
        is_tax_unit_dependent<2025, (default)> = [False]
    form_4952_net_capital_gain<2025, (default)> = [9000.]
  dwks09<2025, (default)> = [9000.]
    long_term_capital_gains<2025, (default)> = [10000.]
    is_tax_unit_dependent<2025, (default)> = [False]
    short_term_capital_gains<2025, (default)> = [-1000.]
    is_tax_unit_dependent<2025, (default)> = [False]
    form_4952_capital_gain_distributions<2025, (default)> = [0.]
    form_4952_elected_investment_income<2025, (default)> = [0.]
    form_4952_net_capital_gain<2025, (default)> = [9000.]
  dwks10<2025, (default)> = [11000.]
    dividend_income_reduced_by_investment_income<2025, (default)> = [2000.]
    dwks09<2025, (default)> = [9000.]
  net_capital_gain<2025, (default)> = [11000.]
    long_term_capital_gains<2025, (default)> = [10000.]
    is_tax_unit_dependent<2025, (default)> = [False]
    form_4952_capital_gain_distributions<2025, (default)> = [0.]
    short_term_capital_gains<2025, (default)> = [-1000.]
    is_tax_unit_dependent<2025, (default)> = [False]
    form_4952_elected_investment_income<2025, (default)> = [0.]
    form_4952_net_capital_gain<2025, (default)> = [9000.]
    form_4952_qualified_dividends<2025, (default)> = [2000.]
.Computation log:
  dividend_income_reduced_by_investment_income<2025, (default)> = [3000.]
    form_4952_qualified_dividends<2025, (default)> = [8000.]
      qualified_dividend_income<2025, (default)> = [   0. 8000.]
      is_tax_unit_dependent<2025, (default)> = [False False]
        is_tax_unit_head<2025, (default)> = [ True False]
          is_child<2025, (default)> = [False False]
            age<2025, (default)> = [40. 40.]
          age<2025, (default)> = [40. 40.]
        is_tax_unit_spouse<2025, (default)> = [False  True]
          is_separated<2025, (default)> = [False False]
          is_child<2025, (default)> = [False False]
          is_tax_unit_head<2025, (default)> = [ True False]
          age<2025, (default)> = [40. 40.]
    long_term_capital_gains<2025, (default)> = [60000.     0.]
    is_tax_unit_dependent<2025, (default)> = [False False]
    short_term_capital_gains<2025, (default)> = [0. 0.]
    is_tax_unit_dependent<2025, (default)> = [False False]
    form_4952_capital_gain_distributions<2025, (default)> = [0.]
      is_tax_unit_dependent<2025, (default)> = [False False]
      non_sch_d_capital_gains<2025, (default)> = [0. 0.]
    form_4952_elected_investment_income<2025, (default)> = [65000.]
      investment_income_elected_form_4952<2025, (default)> = [10000. 55000.]
      is_tax_unit_dependent<2025, (default)> = [False False]
      form_4952_qualified_dividends<2025, (default)> = [8000.]
      form_4952_net_capital_gain<2025, (default)> = [60000.]
        form_4952_net_investment_gain<2025, (default)> = [60000.]
          long_term_capital_gains<2025, (default)> = [60000.     0.]
          is_tax_unit_dependent<2025, (default)> = [False False]
          short_term_capital_gains<2025, (default)> = [0. 0.]
          is_tax_unit_dependent<2025, (default)> = [False False]
          form_4952_capital_gain_distributions<2025, (default)> = [0.]
        long_term_capital_gains<2025, (default)> = [60000.     0.]
        is_tax_unit_dependent<2025, (default)> = [False False]
        form_4952_capital_gain_distributions<2025, (default)> = [0.]
        short_term_capital_gains<2025, (default)> = [0. 0.]
        is_tax_unit_dependent<2025, (default)> = [False False]
    form_4952_net_capital_gain<2025, (default)> = [60000.]
  dwks09<2025, (default)> = [0.]
    long_term_capital_gains<2025, (default)> = [60000.     0.]
    is_tax_unit_dependent<2025, (default)> = [False False]
    short_term_capital_gains<2025, (default)> = [0. 0.]
    is_tax_unit_dependent<2025, (default)> = [False False]
    form_4952_capital_gain_distributions<2025, (default)> = [0.]
    form_4952_elected_investment_income<2025, (default)> = [65000.]
    form_4952_net_capital_gain<2025, (default)> = [60000.]
  dwks10<2025, (default)> = [3000.]
    dividend_income_reduced_by_investment_income<2025, (default)> = [3000.]
    dwks09<2025, (default)> = [0.]
  net_capital_gain<2025, (default)> = [3000.]
    long_term_capital_gains<2025, (default)> = [60000.     0.]
    is_tax_unit_dependent<2025, (default)> = [False False]
    form_4952_capital_gain_distributions<2025, (default)> = [0.]
    short_term_capital_gains<2025, (default)> = [0. 0.]
    is_tax_unit_dependent<2025, (default)> = [False False]
    form_4952_elected_investment_income<2025, (default)> = [65000.]
    form_4952_net_capital_gain<2025, (default)> = [60000.]
    form_4952_qualified_dividends<2025, (default)> = [8000.]
.Computation log:
  dwks13<2025, (default)> = [60000.]
    capital_gains_28_percent_rate_gain<2025, (default)> = [0.]
      long_term_capital_gains_on_collectibles<2025, (default)> = [0.]
      long_term_capital_gains_on_small_business_stock<2025, (default)> = [0.]
      collectibles_gain_or_loss<2025, (default)> = [0.]
      section_1202_gain<2025, (default)> = [0.]
      short_term_capital_gains<2025, (default)> = [0.]
      long_term_capital_loss_carryover<2025, (default)> = [0.]
    schedule_d_unrecaptured_section_1250_gain<2025, (default)> = [20000.]
      unrecaptured_section_1250_gain<2025, (default)> = [20000.]
      unrecaptured_section_1250_gain_before_losses<2025, (default)> = [0.]
      capital_gains_28_percent_rate_gain<2025, (default)> = [0.]
      collectibles_gain_or_loss<2025, (default)> = [0.]
      section_1202_gain<2025, (default)> = [0.]
      short_term_capital_gains<2025, (default)> = [0.]
      long_term_capital_loss_carryover<2025, (default)> = [0.]
    dwks09<2025, (default)> = [70000.]
      long_term_capital_gains<2025, (default)> = [100000.]
      is_tax_unit_dependent<2025, (default)> = [False]
        is_tax_unit_head<2025, (default)> = [ True]
          is_child<2025, (default)> = [False]
            age<2025, (default)> = [40.]
          age<2025, (default)> = [40.]
        is_tax_unit_spouse<2025, (default)> = [False]
          is_separated<2025, (default)> = [False]
          is_child<2025, (default)> = [False]
          is_tax_unit_head<2025, (default)> = [ True]
          age<2025, (default)> = [40.]
      short_term_capital_gains<2025, (default)> = [0.]
      is_tax_unit_dependent<2025, (default)> = [False]
      form_4952_capital_gain_distributions<2025, (default)> = [0.]
        is_tax_unit_dependent<2025, (default)> = [False]
        non_sch_d_capital_gains<2025, (default)> = [0.]
      form_4952_elected_investment_income<2025, (default)> = [30000.]
        investment_income_elected_form_4952<2025, (default)> = [30000.]
        is_tax_unit_dependent<2025, (default)> = [False]
        form_4952_qualified_dividends<2025, (default)> = [10000.]
          qualified_dividend_income<2025, (default)> = [10000.]
          is_tax_unit_dependent<2025, (default)> = [False]
        form_4952_net_capital_gain<2025, (default)> = [100000.]
          form_4952_net_investment_gain<2025, (default)> = [100000.]
            long_term_capital_gains<2025, (default)> = [100000.]
            is_tax_unit_dependent<2025, (default)> = [False]
            short_term_capital_gains<2025, (default)> = [0.]
            is_tax_unit_dependent<2025, (default)> = [False]
            form_4952_capital_gain_distributions<2025, (default)> = [0.]
          long_term_capital_gains<2025, (default)> = [100000.]
          is_tax_unit_dependent<2025, (default)> = [False]
          form_4952_capital_gain_distributions<2025, (default)> = [0.]
          short_term_capital_gains<2025, (default)> = [0.]
          is_tax_unit_dependent<2025, (default)> = [False]
      form_4952_net_capital_gain<2025, (default)> = [100000.]
    dwks10<2025, (default)> = [80000.]
      dividend_income_reduced_by_investment_income<2025, (default)> = [10000.]
        form_4952_qualified_dividends<2025, (default)> = [10000.]
        long_term_capital_gains<2025, (default)> = [100000.]
        is_tax_unit_dependent<2025, (default)> = [False]
        short_term_capital_gains<2025, (default)> = [0.]
        is_tax_unit_dependent<2025, (default)> = [False]
        form_4952_capital_gain_distributions<2025, (default)> = [0.]
        form_4952_elected_investment_income<2025, (default)> = [30000.]
        form_4952_net_capital_gain<2025, (default)> = [100000.]
      dwks09<2025, (default)> = [70000.]
    has_qdiv_or_ltcg<2025, (default)> = [ True]
      qualified_dividend_income<2025, (default)> = [10000.]
      is_tax_unit_dependent<2025, (default)> = [False]
      non_sch_d_capital_gains<2025, (default)> = [0.]
      long_term_capital_gains<2025, (default)> = [100000.]
      is_tax_unit_dependent<2025, (default)> = [False]
      short_term_capital_gains<2025, (default)> = [0.]
      is_tax_unit_dependent<2025, (default)> = [False]
  adjusted_net_capital_gain<2025, (default)> = [60000.]
    net_capital_gain<2025, (default)> = [80000.]
      long_term_capital_gains<2025, (default)> = [100000.]
      is_tax_unit_dependent<2025, (default)> = [False]
      form_4952_capital_gain_distributions<2025, (default)> = [0.]
      short_term_capital_gains<2025, (default)> = [0.]
      is_tax_unit_dependent<2025, (default)> = [False]
      form_4952_elected_investment_income<2025, (default)> = [30000.]
      form_4952_net_capital_gain<2025, (default)> = [100000.]
      form_4952_qualified_dividends<2025, (default)> = [10000.]
    dividend_income_reduced_by_investment_income<2025, (default)> = [10000.]
    schedule_d_unrecaptured_section_1250_gain<2025, (default)> = [20000.]
    capital_gains_28_percent_rate_gain<2025, (default)> = [0.]
.Computation log:
  dwks13<2025, (default)> = [15000.]
    capital_gains_28_percent_rate_gain<2025, (default)> = [0.]
      long_term_capital_gains_on_collectibles<2025, (default)> = [0.]
      long_term_capital_gains_on_small_business_stock<2025, (default)> = [0.]
      collectibles_gain_or_loss<2025, (default)> = [0.]
      section_1202_gain<2025, (default)> = [0.]
      short_term_capital_gains<2025, (default)> = [0.]
      long_term_capital_loss_carryover<2025, (default)> = [0.]
    schedule_d_unrecaptured_section_1250_gain<2025, (default)> = [5000.]
      unrecaptured_section_1250_gain<2025, (default)> = [5000.]
      unrecaptured_section_1250_gain_before_losses<2025, (default)> = [0.]
      capital_gains_28_percent_rate_gain<2025, (default)> = [0.]
      collectibles_gain_or_loss<2025, (default)> = [0.]
      section_1202_gain<2025, (default)> = [0.]
      short_term_capital_gains<2025, (default)> = [0.]
      long_term_capital_loss_carryover<2025, (default)> = [0.]
    dwks09<2025, (default)> = [0.]
      long_term_capital_gains<2025, (default)> = [20000.]
      is_tax_unit_dependent<2025, (default)> = [False]
        is_tax_unit_head<2025, (default)> = [ True]
          is_child<2025, (default)> = [False]
            age<2025, (default)> = [40.]
          age<2025, (default)> = [40.]
        is_tax_unit_spouse<2025, (default)> = [False]
          is_separated<2025, (default)> = [False]
          is_child<2025, (default)> = [False]
          is_tax_unit_head<2025, (default)> = [ True]
          age<2025, (default)> = [40.]
      short_term_capital_gains<2025, (default)> = [0.]
      is_tax_unit_dependent<2025, (default)> = [False]
      form_4952_capital_gain_distributions<2025, (default)> = [0.]
        is_tax_unit_dependent<2025, (default)> = [False]
        non_sch_d_capital_gains<2025, (default)> = [0.]
      form_4952_elected_investment_income<2025, (default)> = [35000.]
        investment_income_elected_form_4952<2025, (default)> = [35000.]
        is_tax_unit_dependent<2025, (default)> = [False]
        form_4952_qualified_dividends<2025, (default)> = [30000.]
          qualified_dividend_income<2025, (default)> = [30000.]
          is_tax_unit_dependent<2025, (default)> = [False]
        form_4952_net_capital_gain<2025, (default)> = [20000.]
          form_4952_net_investment_gain<2025, (default)> = [20000.]
            long_term_capital_gains<2025, (default)> = [20000.]
            is_tax_unit_dependent<2025, (default)> = [False]
            short_term_capital_gains<2025, (default)> = [0.]
            is_tax_unit_dependent<2025, (default)> = [False]
            form_4952_capital_gain_distributions<2025, (default)> = [0.]
          long_term_capital_gains<2025, (default)> = [20000.]
          is_tax_unit_dependent<2025, (default)> = [False]
          form_4952_capital_gain_distributions<2025, (default)> = [0.]
          short_term_capital_gains<2025, (default)> = [0.]
          is_tax_unit_dependent<2025, (default)> = [False]
      form_4952_net_capital_gain<2025, (default)> = [20000.]
    dwks10<2025, (default)> = [15000.]
      dividend_income_reduced_by_investment_income<2025, (default)> = [15000.]
        form_4952_qualified_dividends<2025, (default)> = [30000.]
        long_term_capital_gains<2025, (default)> = [20000.]
        is_tax_unit_dependent<2025, (default)> = [False]
        short_term_capital_gains<2025, (default)> = [0.]
        is_tax_unit_dependent<2025, (default)> = [False]
        form_4952_capital_gain_distributions<2025, (default)> = [0.]
        form_4952_elected_investment_income<2025, (default)> = [35000.]
        form_4952_net_capital_gain<2025, (default)> = [20000.]
      dwks09<2025, (default)> = [0.]
    has_qdiv_or_ltcg<2025, (default)> = [ True]
      qualified_dividend_income<2025, (default)> = [30000.]
      is_tax_unit_dependent<2025, (default)> = [False]
      non_sch_d_capital_gains<2025, (default)> = [0.]
      long_term_capital_gains<2025, (default)> = [20000.]
      is_tax_unit_dependent<2025, (default)> = [False]
      short_term_capital_gains<2025, (default)> = [0.]
      is_tax_unit_dependent<2025, (default)> = [False]
  adjusted_net_capital_gain<2025, (default)> = [15000.]
    net_capital_gain<2025, (default)> = [15000.]
      long_term_capital_gains<2025, (default)> = [20000.]
      is_tax_unit_dependent<2025, (default)> = [False]
      form_4952_capital_gain_distributions<2025, (default)> = [0.]
      short_term_capital_gains<2025, (default)> = [0.]
      is_tax_unit_dependent<2025, (default)> = [False]
      form_4952_elected_investment_income<2025, (default)> = [35000.]
      form_4952_net_capital_gain<2025, (default)> = [20000.]
      form_4952_qualified_dividends<2025, (default)> = [30000.]
    dividend_income_reduced_by_investment_income<2025, (default)> = [15000.]
    schedule_d_unrecaptured_section_1250_gain<2025, (default)> = [5000.]
    capital_gains_28_percent_rate_gain<2025, (default)> = [0.]
.Computation log:
  taxable_income<2025, (default)> = [284250.]
    adjusted_gross_income<2025, (default)> = [300000.]
      irs_gross_income<2025, (default)> = [300000.]
        is_tax_unit_dependent<2025, (default)> = [False]
          is_tax_unit_head<2025, (default)> = [ True]
            is_child<2025, (default)> = [False]
              age<2025, (default)> = [40.]
            age<2025, (default)> = [40.]
          is_tax_unit_spouse<2025, (default)> = [False]
            is_separated<2025, (default)> = [False]
            is_child<2025, (default)> = [False]
            is_tax_unit_head<2025, (default)> = [ True]
            age<2025, (default)> = [40.]
        irs_employment_income<2025, (default)> = [0.]
          employment_income<2025, (default)> = [0.]
            employment_income_before_lsr<2025, (default)> = [0.]
            employment_income_behavioral_response<2025, (default)> = [0.]
              labor_supply_behavioral_response<2025, (default)> = [0.]
              employment_income_before_lsr<2025, (default)> = [0.]
              employment_income_before_lsr<2025, (default)> = [0.]
              self_employment_income_before_lsr<2025, (default)> = [0.]
              sstb_self_employment_income_before_lsr<2025, (default)> = [0.]
          pre_tax_contributions<2025, (default)> = [0.]
            traditional_401k_contributions<2025, (default)> = [0.]
              traditional_401k_contributions_desired<2025, (default)> = [0.]
              elective_deferral_contribution_scale<2025, (default)> = [1.]
                traditional_401k_contributions_desired<2025, (default)> = [0.]
                roth_401k_contributions_desired<2025, (default)> = [0.]
                traditional_403b_contributions_desired<2025, (default)> = [0.]
                roth_403b_contributions_desired<2025, (default)> = [0.]
                elective_deferral_limit<2025, (default)> = [23500.]
                  k401_catch_up_limit<2025, (default)> = [0.]
                    k401_catch_up_eligible<2025, (default)> = [False]
                      age<2025, (default)> = [40.]
            traditional_403b_contributions<2025, (default)> = [0.]
              traditional_403b_contributions_desired<2025, (default)> = [0.]
              elective_deferral_contribution_scale<2025, (default)> = [1.]
            pre_tax_health_insurance_premiums<2025, (default)> = [0.]
            health_savings_account_payroll_contributions<2025, (default)> = [0.]
        self_employment_income<2025, (default)> = [0.]
          self_employment_income_before_lsr<2025, (default)> = [0.]
          self_employment_income_behavioral_response<2025, (default)> = [0.]
            labor_supply_behavioral_response<2025, (default)> = [0.]
            employment_income_behavioral_response<2025, (default)> = [0.]
            self_employment_income_before_lsr<2025, (default)> = [0.]
            sstb_self_employment_income_before_lsr<2025, (default)> = [0.]
        sstb_self_employment_income<2025, (default)> = [0.]
          sstb_self_employment_income_before_lsr<2025, (default)> = [0.]
          sstb_self_employment_income_behavioral_response<2025, (default)> = [0.]
            labor_supply_behavioral_response<2025, (default)> = [0.]
            employment_income_behavioral_response<2025, (default)> = [0.]
            self_employment_income_before_lsr<2025, (default)> = [0.]
            sstb_self_employment_income_before_lsr<2025, (default)> = [0.]
        partnership_s_corp_income<2025, (default)> = [0.]
          partnership_income<2025, (default)> = [0.]
          s_corp_income<2025, (default)> = [0.]
        farm_operations_income<2025, (default)> = [0.]
        farm_rent_income<2025, (default)> = [0.]
        other_net_gain_gross_income<2025, (default)> = [0.]
          is_tax_unit_head<2025, (default)> = [ True]
          is_tax_unit_spouse<2025, (default)> = [False]
          other_net_gain<2025, (default)> = [0.]
        capital_gains<2025, (default)> = [300000.]
          short_term_capital_gains<2025, (default)> = [0.]
          long_term_capital_gains<2025, (default)> = [300000.]
        non_sch_d_capital_gains<2025, (default)> = [0.]
        taxable_interest_income<2025, (default)> = [0.]
        rental_income<2025, (default)> = [0.]
        dividend_income<2025, (default)> = [0.]
          ordinary_dividend_income<2025, (default)> = [0.]
            qualified_dividend_income<2025, (default)> = [0.]
            non_qualified_dividend_income<2025, (default)> = [0.]
        taxable_pension_income<2025, (default)> = [0.]
          taxable_public_pension_income<2025, (default)> = [0.]
          taxable_private_pension_income<2025, (default)> = [0.]
        debt_relief<2025, (default)> = [0.]
        estate_income<2025, (default)> = [0.]
        taxable_unemployment_compensation<2025, (default)> = [0.]
          tax_unit_taxable_unemployment_compensation<2025, (default)> = [0.]
            tax_unit_unemployment_compensation<2025, (default)> = [0.]
              unemployment_compensation<2025, (default)> = [0.]
            taxable_uc_agi<2025, (default)> = [300000.]
              is_tax_unit_dependent<2025, (default)> = [False]
              irs_employment_income<2025, (default)> = [0.]
              self_employment_income<2025, (default)> = [0.]
              sstb_self_employment_income<2025, (default)> = [0.]
              partnership_s_corp_income<2025, (default)> = [0.]
              farm_operations_income<2025, (default)> = [0.]
              farm_rent_income<2025, (default)> = [0.]
              other_net_gain_gross_income<2025, (default)> = [0.]
              capital_gains<2025, (default)> = [300000.]
              non_sch_d_capital_gains<2025, (default)> = [0.]
              taxable_interest_income<2025, (default)> = [0.]
              rental_income<2025, (default)> = [0.]
              dividend_income<2025, (default)> = [0.]
              taxable_pension_income<2025, (default)> = [0.]
              debt_relief<2025, (default)> = [0.]
              estate_income<2025, (default)> = [0.]
              taxable_social_security<2025, (default)> = [0.]
                tax_unit_taxable_social_security<2025, (default)> = [0.]
                  tax_unit_social_security_for_taxability<2025, (default)> = [0.]
                    tax_unit_social_security<2025, (default)> = [0.]
                      social_security<2025, (default)> = [0.]
                        social_security_dependents<2025, (default)> = [0.]
                        social_security_disability<2025, (default)> = [0.]
                        social_security_retirement<2025, (default)> = [0.]
                        social_security_survivors<2025, (default)> = [0.]
                    is_tax_unit_dependent<2025, (default)> = [False]
                    social_security<2025, (default)> = [0.]
                  tax_unit_combined_income_for_social_security_taxability<2025, (default)> = [300000.]
                    tax_unit_social_security_for_taxability<2025, (default)> = [0.]
                    taxable_ss_magi<2025, (default)> = [300000.]
                      is_tax_unit_dependent<2025, (default)> = [False]
                      irs_employment_income<2025, (default)> = [0.]
                      self_employment_income<2025, (default)> = [0.]
                      sstb_self_employment_income<2025, (default)> = [0.]
                      partnership_s_corp_income<2025, (default)> = [0.]
                      farm_operations_income<2025, (default)> = [0.]
                      farm_rent_income<2025, (default)> = [0.]
                      other_net_gain_gross_income<2025, (default)> = [0.]
                      capital_gains<2025, (default)> = [300000.]
                      non_sch_d_capital_gains<2025, (default)> = [0.]
                      taxable_interest_income<2025, (default)> = [0.]
                      rental_income<2025, (default)> = [0.]
                      dividend_income<2025, (default)> = [0.]
                      taxable_pension_income<2025, (default)> = [0.]
                      debt_relief<2025, (default)> = [0.]
                      estate_income<2025, (default)> = [0.]
                      illicit_income<2025, (default)> = [0.]
                      taxable_retirement_distributions<2025, (default)> = [0.]
                        taxable_ira_distributions<2025, (default)> = [0.]
                        taxable_401k_distributions<2025, (default)> = [0.]
                        taxable_sep_distributions<2025, (default)> = [0.]
                        taxable_403b_distributions<2025, (default)> = [0.]
                        keogh_distributions<2025, (default)> = [0.]
                      taxable_roth_conversions<2025, (default)> = [0.]
                      miscellaneous_income<2025, (default)> = [0.]
                      ak_permanent_fund_dividend<2025, (default)> = [0.]
                        AK<2025, (default)> = [False]
                          state_code_str<2025, (default)> = ['TX']
                            state_code<2025, (default)> = ['TX']
                      taxable_alimony_income<2025, (default)> = [0.]
                        alimony_income<2025, (default)> = [0.]
                        divorce_year<2025, (default)> = [2010]
                      salt_refund_income<2025, (default)> = [0.]
                      unemployment_compensation<2025, (default)> = [0.]
                      tax_exempt_interest_income<2025, (default)> = [0.]
                      loss_ald<2025, (default)> = [0.]
                        filing_status<2025, (default)> = ['SINGLE']
                          is_tax_unit_head_or_spouse<2025, (default)> = [ True]
                            is_tax_unit_head<2025, (default)> = [ True]
                            is_tax_unit_spouse<2025, (default)> = [False]
                          is_separated<2025, (default)> = [False]
                          tax_unit_married<2025, (default)> = [False]
                            is_tax_unit_spouse<2025, (default)> = [False]
                          surviving_spouse_eligible<2025, (default)> = [False]
                            is_tax_unit_head<2025, (default)> = [ True]
                            is_surviving_spouse<2025, (default)> = [False]
                            tax_unit_child_dependents<2025, (default)> = [0]
                              is_child_dependent<2025, (default)> = [False]
                                is_tax_unit_dependent<2025, (default)> = [False]
                            tax_unit_married<2025, (default)> = [False]
                          head_of_household_eligible<2025, (default)> = [False]
                            tax_unit_married<2025, (default)> = [False]
                            is_tax_unit_head_or_spouse<2025, (default)> = [ True]
                            is_separated<2025, (default)> = [False]
                            is_qualifying_child_dependent<2025, (default)> = [False]
                              is_tax_unit_dependent<2025, (default)> = [False]
                            is_permanently_and_totally_disabled<2025, (default)> = [False]
                            is_tax_unit_dependent<2025, (default)> = [False]
                            is_qualifying_relative_dependent<2025, (default)> = [False]
                              is_tax_unit_dependent<2025, (default)> = [False]
                              is_qualifying_child_dependent<2025, (default)> = [False]
                              is_permanently_and_totally_disabled<2025, (default)> = [False]
                              dependent_gross_income<2025, (default)> = [0.]
                                irs_employment_income<2025, (default)> = [0.]
                                self_employment_income<2025, (default)> = [0.]
                                sstb_self_employment_income<2025, (default)> = [0.]
                                partnership_s_corp_income<2025, (default)> = [0.]
                                farm_operations_income<2025, (default)> = [0.]
                                farm_rent_income<2025, (default)> = [0.]
                                other_net_gain_gross_income<2025, (default)> = [0.]
                                non_sch_d_capital_gains<2025, (default)> = [0.]
                                taxable_interest_income<2025, (default)> = [0.]
                                rental_income<2025, (default)> = [0.]
                                dividend_income<2025, (default)> = [0.]
                                taxable_pension_income<2025, (default)> = [0.]
                                debt_relief<2025, (default)> = [0.]
                                estate_income<2025, (default)> = [0.]
                                unemployment_compensation<2025, (default)> = [0.]
                                illicit_income<2025, (default)> = [0.]
                                taxable_retirement_distributions<2025, (default)> = [0.]
                                taxable_roth_conversions<2025, (default)> = [0.]
                                miscellaneous_income<2025, (default)> = [0.]
                                ak_permanent_fund_dividend<2025, (default)> = [0.]
                                taxable_alimony_income<2025, (default)> = [0.]
                                salt_refund_income<2025, (default)> = [0.]
                                long_term_capital_gains<2025, (default)> = [300000.]
                                short_term_capital_gains<2025, (default)> = [0.]
                                capital_gains<2025, (default)> = [300000.]
                                dependent_taxable_social_security<2025, (default)> = [0.]
                                  is_tax_unit_dependent<2025, (default)> = [False]
                                is_tax_unit_head_or_spouse<2025, (default)> = [ True]
                            is_related_to_head_or_spouse<2025, (default)> = [ True]
                            surviving_spouse_eligible<2025, (default)> = [False]
                        is_tax_unit_dependent<2025, (default)> = [False]
                        total_self_employment_income<2025, (default)> = [0.]
                          self_employment_income<2025, (default)> = [0.]
                          sstb_self_employment_income<2025, (default)> = [0.]
                        total_self_employment_income<2025, (default)> = [0.]
                        farm_operations_income<2025, (default)> = [0.]
                        farm_operations_income<2025, (default)> = [0.]
                        rental_income<2025, (default)> = [0.]
                        rental_income<2025, (default)> = [0.]
                        farm_rent_income<2025, (default)> = [0.]
                        farm_rent_income<2025, (default)> = [0.]
                        estate_income<2025, (default)> = [0.]
                        estate_income<2025, (default)> = [0.]
                        partnership_s_corp_income<2025, (default)> = [0.]
                        partnership_s_corp_income<2025, (default)> = [0.]
                        other_net_gain<2025, (default)> = [0.]
                        capital_losses_allowed_against_gains<2025, (default)> = [0.]
                          is_tax_unit_dependent<2025, (default)> = [False]
                          capital_gains<2025, (default)> = [300000.]
                          non_sch_d_capital_gains<2025, (default)> = [0.]
                          capital_losses<2025, (default)> = [0.]
                            capital_gains<2025, (default)> = [300000.]
                          is_tax_unit_dependent<2025, (default)> = [False]
                        limited_capital_loss<2025, (default)> = [0.]
                          filing_status<2025, (default)> = ['SINGLE']
                          capital_losses<2025, (default)> = [0.]
                          is_tax_unit_dependent<2025, (default)> = [False]
                          capital_losses_allowed_against_gains<2025, (default)> = [0.]
                      self_employment_tax_ald<2025, (default)> = [0.]
                        self_employment_tax_ald_person<2025, (default)> = [0.]
                          self_employment_tax<2025, (default)> = [0.]
                            self_employment_social_security_tax<2025, (default)> = [0.]
                              social_security_taxable_self_employment_income<2025, (default)> = [0.]
                                taxable_earnings_for_social_security<2025, (default)> = [0.]
                                  payroll_tax_gross_wages<2025, (default)> = [0.]
                                    employment_income<2025, (default)> = [0.]
                                    fica_pre_tax_contributions<2025, (default)> = [0.]
                                      pre_tax_health_insurance_premiums<2025, (default)> = [0.]
                                      health_savings_account_payroll_contributions<2025, (default)> = [0.]
                                taxable_self_employment_income<2025, (default)> = [0.]
                                  self_employment_income<2025, (default)> = [0.]
                                  sstb_self_employment_income<2025, (default)> = [0.]
                                  farm_operations_income<2025, (default)> = [0.]
                                  partnership_self_employment_net_earnings<2025, (default)> = [0.]
                            self_employment_medicare_tax<2025, (default)> = [0.]
                              taxable_self_employment_income<2025, (default)> = [0.]
                        is_tax_unit_dependent<2025, (default)> = [False]
                      early_withdrawal_penalty<2025, (default)> = [0.]
                      is_tax_unit_dependent<2025, (default)> = [False]
                      alimony_expense_ald<2025, (default)> = [0.]
                        alimony_expense_ald_person<2025, (default)> = [0.]
                          divorce_year<2025, (default)> = [2010]
                          alimony_expense<2025, (default)> = [0.]
                        is_tax_unit_dependent<2025, (default)> = [False]
                      educator_expense_ald<2025, (default)> = [0.]
                        educator_expense_ald_person<2025, (default)> = [0.]
                          educator_expense<2025, (default)> = [0.]
                        is_tax_unit_dependent<2025, (default)> = [False]
                      health_savings_account_ald<2025, (default)> = [0.]
                      self_employed_health_insurance_ald<2025, (default)> = [0.]
                        self_employed_health_insurance_ald_person<2025, (default)> = [0.]
                          total_self_employment_income<2025, (default)> = [0.]
                          self_employed_health_insurance_premiums<2025, (default)> = [0.]
                            is_self_employed<2025, (default)> = [False]
                        is_tax_unit_dependent<2025, (default)> = [False]
                      self_employed_pension_contribution_ald<2025, (default)> = [0.]
                        self_employed_pension_contribution_ald_person<2025, (default)> = [0.]
                          total_self_employment_income<2025, (default)> = [0.]
                          self_employed_pension_contributions<2025, (default)> = [0.]
                            self_employed_pension_contributions_desired<2025, (default)> = [0.]
                            self_employed_pension_contribution_limit<2025, (default)> = [0.]
                              total_self_employment_income<2025, (default)> = [0.]
                        is_tax_unit_dependent<2025, (default)> = [False]
                      traditional_ira_contributions<2025, (default)> = [0.]
                        traditional_ira_contributions_desired<2025, (default)> = [0.]
                        ira_contribution_scale<2025, (default)> = [1.]
                          traditional_ira_contributions_desired<2025, (default)> = [0.]
                          roth_ira_contributions_desired<2025, (default)> = [0.]
                          ira_contribution_limit<2025, (default)> = [7000.]
                            age<2025, (default)> = [40.]
                      is_tax_unit_dependent<2025, (default)> = [False]
                  filing_status<2025, (default)> = ['SINGLE']
                  cohabitating_spouses<2025, (default)> = [False]
                  tax_unit_ss_combined_income_excess<2025, (default)> = [275000.]
                    tax_unit_combined_income_for_social_security_taxability<2025, (default)> = [300000.]
                    filing_status<2025, (default)> = ['SINGLE']
                    cohabitating_spouses<2025, (default)> = [False]
                social_security<2025, (default)> = [0.]
                tax_unit_social_security_for_taxability<2025, (default)> = [0.]
                is_tax_unit_spouse<2025, (default)> = [False]
                is_tax_unit_head<2025, (default)> = [ True]
              illicit_income<2025, (default)> = [0.]
              taxable_retirement_distributions<2025, (default)> = [0.]
              taxable_roth_conversions<2025, (default)> = [0.]
              miscellaneous_income<2025, (default)> = [0.]
              ak_permanent_fund_dividend<2025, (default)> = [0.]
              taxable_alimony_income<2025, (default)> = [0.]
              salt_refund_income<2025, (default)> = [0.]
              loss_ald<2025, (default)> = [0.]
              self_employment_tax_ald<2025, (default)> = [0.]
              student_loan_interest_ald<2025, (default)> = [0.]
                student_loan_interest_ald_eligible<2025, (default)> = [ True]
                  is_tax_unit_head_or_spouse<2025, (default)> = [ True]
                  filing_status<2025, (default)> = ['SINGLE']
                student_loan_interest<2025, (default)> = [0.]
                filing_status<2025, (default)> = ['SINGLE']
                student_loan_interest_ald_eligible<2025, (default)> = [ True]
                student_loan_interest_ald_magi<2025, (default)> = [300000.]
                  student_loan_interest_ald_eligible<2025, (default)> = [ True]
                  is_tax_unit_dependent<2025, (default)> = [False]
                  irs_employment_income<2025, (default)> = [0.]
                  self_employment_income<2025, (default)> = [0.]
                  sstb_self_employment_income<2025, (default)> = [0.]
                  partnership_s_corp_income<2025, (default)> = [0.]
                  farm_operations_income<2025, (default)> = [0.]
                  farm_rent_income<2025, (default)> = [0.]
                  other_net_gain_gross_income<2025, (default)> = [0.]
                  capital_gains<2025, (default)> = [300000.]
                  non_sch_d_capital_gains<2025, (default)> = [0.]
                  taxable_interest_income<2025, (default)> = [0.]
                  rental_income<2025, (default)> = [0.]
                  dividend_income<2025, (default)> = [0.]
                  taxable_pension_income<2025, (default)> = [0.]
                  debt_relief<2025, (default)> = [0.]
                  estate_income<2025, (default)> = [0.]
                  taxable_social_security<2025, (default)> = [0.]
                  illicit_income<2025, (default)> = [0.]
                  taxable_retirement_distributions<2025, (default)> = [0.]
                  taxable_roth_conversions<2025, (default)> = [0.]
                  miscellaneous_income<2025, (default)> = [0.]
                  ak_permanent_fund_dividend<2025, (default)> = [0.]
                  taxable_alimony_income<2025, (default)> = [0.]
                  salt_refund_income<2025, (default)> = [0.]
                  self_employment_tax_ald_person<2025, (default)> = [0.]
                  self_employed_health_insurance_ald_person<2025, (default)> = [0.]
                  self_employed_pension_contribution_ald_person<2025, (default)> = [0.]
                  alimony_expense_ald<2025, (default)> = [0.]
                  early_withdrawal_penalty<2025, (default)> = [0.]
                  is_tax_unit_dependent<2025, (default)> = [False]
                  educator_expense_ald<2025, (default)> = [0.]
                  health_savings_account_ald<2025, (default)> = [0.]
                  loss_ald<2025, (default)> = [0.]
                  qualified_adoption_assistance_expense<2025, (default)> = [0.]
                  specified_possession_income<2025, (default)> = [0.]
                  traditional_ira_contributions<2025, (default)> = [0.]
                  is_tax_unit_dependent<2025, (default)> = [False]
                  us_bonds_for_higher_ed<2025, (default)> = [0.]
                  filing_status<2025, (default)> = ['SINGLE']
              is_tax_unit_dependent<2025, (default)> = [False]
              early_withdrawal_penalty<2025, (default)> = [0.]
              is_tax_unit_dependent<2025, (default)> = [False]
              alimony_expense_ald<2025, (default)> = [0.]
              educator_expense_ald<2025, (default)> = [0.]
              health_savings_account_ald<2025, (default)> = [0.]
              self_employed_health_insurance_ald<2025, (default)> = [0.]
              self_employed_pension_contribution_ald<2025, (default)> = [0.]
              traditional_ira_contributions<2025, (default)> = [0.]
              is_tax_unit_dependent<2025, (default)> = [False]
              qualified_adoption_assistance_expense<2025, (default)> = [0.]
              us_bonds_for_higher_ed<2025, (default)> = [0.]
              specified_possession_income<2025, (default)> = [0.]
              puerto_rico_income<2025, (default)> = [0.]
            filing_status<2025, (default)> = ['SINGLE']
          unemployment_compensation<2025, (default)> = [0.]
        taxable_social_security<2025, (default)> = [0.]
        illicit_income<2025, (default)> = [0.]
        taxable_retirement_distributions<2025, (default)> = [0.]
        taxable_roth_conversions<2025, (default)> = [0.]
        miscellaneous_income<2025, (default)> = [0.]
        ak_permanent_fund_dividend<2025, (default)> = [0.]
        taxable_alimony_income<2025, (default)> = [0.]
        salt_refund_income<2025, (default)> = [0.]
      above_the_line_deductions<2025, (default)> = [0.]
        loss_ald<2025, (default)> = [0.]
        self_employment_tax_ald<2025, (default)> = [0.]
        student_loan_interest_ald<2025, (default)> = [0.]
        is_tax_unit_dependent<2025, (default)> = [False]
        early_withdrawal_penalty<2025, (default)> = [0.]
        is_tax_unit_dependent<2025, (default)> = [False]
        alimony_expense_ald<2025, (default)> = [0.]
        educator_expense_ald<2025, (default)> = [0.]
        health_savings_account_ald<2025, (default)> = [0.]
        self_employed_health_insurance_ald<2025, (default)> = [0.]
        self_employed_pension_contribution_ald<2025, (default)> = [0.]
        traditional_ira_contributions<2025, (default)> = [0.]
        is_tax_unit_dependent<2025, (default)> = [False]
        qualified_adoption_assistance_expense<2025, (default)> = [0.]
        us_bonds_for_higher_ed<2025, (default)> = [0.]
        specified_possession_income<2025, (default)> = [0.]
        puerto_rico_income<2025, (default)> = [0.]
    exemptions<2025, (default)> = [0.]
      exemptions_count<2025, (default)> = [1]
        tax_unit_size<2025, (default)> = [1]
      filing_status<2025, (default)> = ['SINGLE']
      adjusted_gross_income<2025, (default)> = [300000.]
    taxable_income_deductions<2025, (default)> = [15750.]
      tax_unit_itemizes<2025, (default)> = [False]
        standard_deduction<2025, (default)> = [15750.]
          basic_standard_deduction<2025, (default)> = [15750.]
            filing_status<2025, (default)> = ['SINGLE']
            separate_filer_itemizes<2025, (default)> = [False]
            head_is_dependent_elsewhere<2025, (default)> = [False]
              claimed_as_dependent_on_another_return<2025, (default)> = [False]
              is_tax_unit_head<2025, (default)> = [ True]
            tax_unit_earned_income<2025, (default)> = [0.]
              earned_income<2025, (default)> = [0.]
                employment_income<2025, (default)> = [0.]
                self_employment_income<2025, (default)> = [0.]
                sstb_self_employment_income<2025, (default)> = [0.]
              is_tax_unit_dependent<2025, (default)> = [False]
          additional_standard_deduction<2025, (default)> = [0.]
            filing_status<2025, (default)> = ['SINGLE']
            aged_blind_count<2025, (default)> = [0]
              blind_head<2025, (default)> = [False]
                is_blind<2025, (default)> = [False]
                is_tax_unit_head<2025, (default)> = [ True]
              blind_spouse<2025, (default)> = [False]
                is_blind<2025, (default)> = [False]
                is_tax_unit_spouse<2025, (default)> = [False]
              aged_head<2025, (default)> = [False]
                age_head<2025, (default)> = [40]
                  age<2025, (default)> = [40.]
                  is_tax_unit_head<2025, (default)> = [ True]
              aged_spouse<2025, (default)> = [False]
                age_spouse<2025, (default)> = [0]
                  age<2025, (default)> = [40.]
                  is_tax_unit_spouse<2025, (default)> = [False]
          bonus_guaranteed_deduction<2025, (default)> = [0.]
            filing_status<2025, (default)> = ['SINGLE']
            adjusted_gross_income<2025, (default)> = [300000.]
        itemized_taxable_income_deductions<2025, (default)> = [1914.]
          total_itemized_taxable_income_deductions<2025, (default)> = [1914.]
            charitable_deduction<2025, (default)> = [0.]
              charitable_cash_donations<2025, (default)> = [0.]
              charitable_non_cash_donations<2025, (default)> = [0.]
              charitable_non_cash_donations_non_50_pct_orgs<2025, (default)> = [0.]
              positive_agi<2025, (default)> = [300000.]
                adjusted_gross_income<2025, (default)> = [300000.]
            interest_deduction<2025, (default)> = [0.]
              deductible_interest_expense<2025, (default)> = [0.]
                deductible_mortgage_interest<2025, (default)> = [0.]
                  deductible_mortgage_interest_tax_unit<2025, (default)> = [0.]
                    first_home_mortgage_balance<2025, (default)> = [0.]
                    second_home_mortgage_balance<2025, (default)> = [0.]
                    first_home_mortgage_origination_year<2025, (default)> = [0]
                    second_home_mortgage_origination_year<2025, (default)> = [0]
                    home_mortgage_interest_tax_unit<2025, (default)> = [0.]
                      home_mortgage_interest<2025, (default)> = [0.]
                      first_home_mortgage_interest<2025, (default)> = [0.]
                      second_home_mortgage_interest<2025, (default)> = [0.]
                    filing_status<2025, (default)> = ['SINGLE']
                  home_mortgage_interest_share<2025, (default)> = [1.]
                    is_tax_unit_head_or_spouse<2025, (default)> = [ True]
                    home_mortgage_interest<2025, (default)> = [0.]
                non_mortgage_interest<2025, (default)> = [0.]
                  investment_interest_expense<2025, (default)> = [0.]
              investment_interest_expense<2025, (default)> = [0.]
              investment_interest_expense_deduction<2025, (default)> = [0.]
                form_4952_total_investment_interest_expense<2025, (default)> = [0.]
                  investment_interest_expense<2025, (default)> = [0.]
                  is_tax_unit_dependent<2025, (default)> = [False]
                  form_4952_disallowed_investment_interest_expense_prior_year<2025, (default)> = [0.]
                form_4952_net_investment_income<2025, (default)> = [50000.]
                  form_4952_investment_income<2025, (default)> = [50000.]
                    form_4952_gross_investment_income<2025, (default)> = [0.]
                      taxable_interest_income<2025, (default)> = [0.]
                      is_tax_unit_dependent<2025, (default)> = [False]
                      ordinary_dividend_income<2025, (default)> = [0.]
                      is_tax_unit_dependent<2025, (default)> = [False]
                    form_4952_qualified_dividends<2025, (default)> = [0.]
                      qualified_dividend_income<2025, (default)> = [0.]
                      is_tax_unit_dependent<2025, (default)> = [False]
                    form_4952_net_investment_gain<2025, (default)> = [300000.]
                      long_term_capital_gains<2025, (default)> = [300000.]
                      is_tax_unit_dependent<2025, (default)> = [False]
                      short_term_capital_gains<2025, (default)> = [0.]
                      is_tax_unit_dependent<2025, (default)> = [False]
                      form_4952_capital_gain_distributions<2025, (default)> = [0.]
                        is_tax_unit_dependent<2025, (default)> = [False]
                        non_sch_d_capital_gains<2025, (default)> = [0.]
                    form_4952_net_capital_gain<2025, (default)> = [300000.]
                      form_4952_net_investment_gain<2025, (default)> = [300000.]
                      long_term_capital_gains<2025, (default)> = [300000.]
                      is_tax_unit_dependent<2025, (default)> = [False]
                      form_4952_capital_gain_distributions<2025, (default)> = [0.]
                      short_term_capital_gains<2025, (default)> = [0.]
                      is_tax_unit_dependent<2025, (default)> = [False]
                    form_4952_elected_investment_income<2025, (default)> = [50000.]
                      investment_income_elected_form_4952<2025, (default)> = [50000.]
                      is_tax_unit_dependent<2025, (default)> = [False]
                      form_4952_qualified_dividends<2025, (default)> = [0.]
                      form_4952_net_capital_gain<2025, (default)> = [300000.]
                  form_4952_investment_expenses<2025, (default)> = [0.]
            salt_deduction<2025, (default)> = [1914.]
              salt<2025, (default)> = [1914.]
                state_and_local_sales_or_income_tax<2025, (default)> = [1914.]
                  state_withheld_income_tax<2025, (default)> = [0.]
                    al_withheld_income_tax<2025, (default)> = [0.]
                      AL<2025, (default)> = [False]
                        state_code_str<2025, (default)> = ['TX']
                    ar_withheld_income_tax<2025, (default)> = [0.]
                      AR<2025, (default)> = [False]
                        state_code_str<2025, (default)> = ['TX']
                    az_withheld_income_tax<2025, (default)> = [0.]
                      AZ<2025, (default)> = [False]
                        state_code_str<2025, (default)> = ['TX']
                    ca_withheld_income_tax<2025, (default)> = [0.]
                      CA<2025, (default)> = [False]
                        state_code_str<2025, (default)> = ['TX']
                    co_withheld_income_tax<2025, (default)> = [0.]
                      CO<2025, (default)> = [False]
                        state_code_str<2025, (default)> = ['TX']
                    ct_withheld_income_tax<2025, (default)> = [0.]
                      CT<2025, (default)> = [False]
                        state_code_str<2025, (default)> = ['TX']
                    dc_withheld_income_tax<2025, (default)> = [0.]
                      DC<2025, (default)> = [False]
                        state_code_str<2025, (default)> = ['TX']
                    de_withheld_income_tax<2025, (default)> = [0.]
                      DE<2025, (default)> = [False]
                        state_code_str<2025, (default)> = ['TX']
                    ga_withheld_income_tax<2025, (default)> = [0.]
                      GA<2025, (default)> = [False]
                        state_code_str<2025, (default)> = ['TX']
                    hi_withheld_income_tax<2025, (default)> = [0.]
                      HI<2025, (default)> = [False]
                        state_code_str<2025, (default)> = ['TX']
                    ia_withheld_income_tax<2025, (default)> = [0.]
                      IA<2025, (default)> = [False]
                        state_code_str<2025, (default)> = ['TX']
                    id_withheld_income_tax<2025, (default)> = [0.]
                      ID<2025, (default)> = [False]
                        state_code_str<2025, (default)> = ['TX']
                    il_withheld_income_tax<2025, (default)> = [0.]
                      IL<2025, (default)> = [False]
                        state_code_str<2025, (default)> = ['TX']
                    in_withheld_income_tax<2025, (default)> = [0.]
                      IN<2025, (default)> = [False]
                        state_code_str<2025, (default)> = ['TX']
                    ks_withheld_income_tax<2025, (default)> = [0.]
                      KS<2025, (default)> = [False]
                        state_code_str<2025, (default)> = ['TX']
                    ky_withheld_income_tax<2025, (default)> = [0.]
                      KY<2025, (default)> = [False]
                        state_code_str<2025, (default)> = ['TX']
                    la_withheld_income_tax<2025, (default)> = [0.]
                      LA<2025, (default)> = [False]
                        state_code_str<2025, (default)> = ['TX']
                    ma_withheld_income_tax<2025, (default)> = [0.]
                      MA<2025, (default)> = [False]
                        state_code_str<2025, (default)> = ['TX']
                    md_withheld_income_tax<2025, (default)> = [0.]
                      MD<2025, (default)> = [False]
                        state_code_str<2025, (default)> = ['TX']
                    me_withheld_income_tax<2025, (default)> = [0.]
                      ME<2025, (default)> = [False]
                        state_code_str<2025, (default)> = ['TX']
                    mi_withheld_income_tax<2025, (default)> = [0.]
                      MI<2025, (default)> = [False]
                        state_code_str<2025, (default)> = ['TX']
                    mn_withheld_income_tax<2025, (default)> = [0.]
                      MN<2025, (default)> = [False]
                        state_code_str<2025, (default)> = ['TX']
                    mo_withheld_income_tax<2025, (default)> = [0.]
                      MO<2025, (default)> = [False]
                        state_code_str<2025, (default)> = ['TX']
                    ms_withheld_income_tax<2025, (default)> = [0.]
                      MS<2025, (default)> = [False]
                        state_code_str<2025, (default)> = ['TX']
                    mt_withheld_income_tax<2025, (default)> = [0.]
                      MT<2025, (default)> = [False]
                        state_code_str<2025, (default)> = ['TX']
                    nc_withheld_income_tax<2025, (default)> = [0.]
                      NC<2025, (default)> = [False]
                        state_code_str<2025, (default)> = ['TX']
                    nd_withheld_income_tax<2025, (default)> = [0.]
                      ND<2025, (default)> = [False]
                        state_code_str<2025, (default)> = ['TX']
                    ne_withheld_income_tax<2025, (default)> = [0.]
                      NE<2025, (default)> = [False]
                        state_code_str<2025, (default)> = ['TX']
                    nj_withheld_income_tax<2025, (default)> = [0.]
                      NJ<2025, (default)> = [False]
                        state_code_str<2025, (default)> = ['TX']
                    nm_withheld_income_tax<2025, (default)> = [0.]
                      NM<2025, (default)> = [False]
                        state_code_str<2025, (default)> = ['TX']
                    ny_withheld_income_tax<2025, (default)> = [0.]
                      NY<2025, (default)> = [False]
                        state_code_str<2025, (default)> = ['TX']
                    oh_withheld_income_tax<2025, (default)> = [0.]
                      OH<2025, (default)> = [False]
                        state_code_str<2025, (default)> = ['TX']
                    ok_withheld_income_tax<2025, (default)> = [0.]
                      OK<2025, (default)> = [False]
                        state_code_str<2025, (default)> = ['TX']
                    or_withheld_income_tax<2025, (default)> = [0.]
                      OR<2025, (default)> = [False]
                        state_code_str<2025, (default)> = ['TX']
                    pa_withheld_income_tax<2025, (default)> = [0.]
                      PA<2025, (default)> = [False]
                        state_code_str<2025, (default)> = ['TX']
                    ri_withheld_income_tax<2025, (default)> = [0.]
                      RI<2025, (default)> = [False]
                        state_code_str<2025, (default)> = ['TX']
                    sc_withheld_income_tax<2025, (default)> = [0.]
                      SC<2025, (default)> = [False]
                        state_code_str<2025, (default)> = ['TX']
                    ut_withheld_income_tax<2025, (default)> = [0.]
                      UT<2025, (default)> = [False]
                        state_code_str<2025, (default)> = ['TX']
                    va_withheld_income_tax<2025, (default)> = [0.]
                      VA<2025, (default)> = [False]
                        state_code_str<2025, (default)> = ['TX']
                    vt_withheld_income_tax<2025, (default)> = [0.]
                      VT<2025, (default)> = [False]
                        state_code_str<2025, (default)> = ['TX']
                    wi_withheld_income_tax<2025, (default)> = [0.]
                      WI<2025, (default)> = [False]
                        state_code_str<2025, (default)> = ['TX']
                    wv_withheld_income_tax<2025, (default)> = [0.]
                      WV<2025, (default)> = [False]
                        state_code_str<2025, (default)> = ['TX']
                  local_income_tax<2025, (default)> = [0.]
                    nyc_income_tax<2025, (default)> = [0.]
                      in_nyc<2025, (default)> = [False]
                        county_str<2025, (default)> = ['ANDERSON_COUNTY_TX']
                          county<2025, (default)> = ['ANDERSON_COUNTY_TX']
                            county_fips<2025, (default)> = ['']
                            first_county_in_state<2025, (default)> = ['ANDERSON_COUNTY_TX']
                              state_code_str<2025, (default)> = ['TX']
                    in_county_tax<2025, (default)> = [0.]
                      IN<2025, (default)> = [False]
                    pa_philadelphia_wage_tax<2025, (default)> = [0.]
                      pa_philadelphia_wage_tax_taxable_wages<2025, (default)> = [0.]
                    mo_kansas_city_earnings_tax<2025, (default)> = [0.]
                      mo_kansas_city_earnings_tax_taxable_earnings<2025, (default)> = [0.]
                    mo_st_louis_earnings_tax<2025, (default)> = [0.]
                      mo_st_louis_earnings_tax_taxable_earnings<2025, (default)> = [0.]
                      mo_st_louis_earnings_tax_credit<2025, (default)> = [0.]
                    de_wilmington_earned_income_tax<2025, (default)> = [0.]
                      DE<2025, (default)> = [False]
                  state_sales_tax<2025, (default)> = [1595.]
                    tax_unit_size<2025, (default)> = [1]
                    state_sales_tax_income_bracket<2025, (default)> = [19]
                      adjusted_gross_income<2025, (default)> = [300000.]
                      tax_exempt_interest_income<2025, (default)> = [0.]
                      veterans_benefits<2025, (default)> = [0.]
                      workers_compensation<2025, (default)> = [0.]
                      tax_exempt_social_security<2025, (default)> = [0.]
                        tax_unit_social_security<2025, (default)> = [0.]
                        tax_unit_taxable_social_security<2025, (default)> = [0.]
                      tax_exempt_pension_income<2025, (default)> = [0.]
                        tax_exempt_public_pension_income<2025, (default)> = [0.]
                        tax_exempt_private_pension_income<2025, (default)> = [0.]
                      tax_exempt_retirement_distributions<2025, (default)> = [0.]
                        tax_exempt_ira_distributions<2025, (default)> = [0.]
                        tax_exempt_401k_distributions<2025, (default)> = [0.]
                        tax_exempt_sep_distributions<2025, (default)> = [0.]
                        tax_exempt_403b_distributions<2025, (default)> = [0.]
                      tanf<2025, (default)> = [0.]
                        takes_up_tanf_if_eligible<2025, (default)> = [ True]
                        tanf_if_takes_up<2025, (default)> = [0.]
                          al_tanf<2025, (default)> = [0.]
                            al_tanf<2025-01, (default)> = [0.]
                              al_tanf_eligible<2025-01, (default)> = [False]
                                AL<2025-01, (default)> = [False]
                            al_tanf<2025-02, (default)> = [0.]
                              al_tanf_eligible<2025-02, (default)> = [False]
                                AL<2025-02, (default)> = [False]
                            al_tanf<2025-03, (default)> = [0.]
                              al_tanf_eligible<2025-03, (default)> = [False]
                                AL<2025-03, (default)> = [False]
                            al_tanf<2025-04, (default)> = [0.]
                              al_tanf_eligible<2025-04, (default)> = [False]
                                AL<2025-04, (default)> = [False]
                            al_tanf<2025-05, (default)> = [0.]
                              al_tanf_eligible<2025-05, (default)> = [False]
                                AL<2025-05, (default)> = [False]
                            al_tanf<2025-06, (default)> = [0.]
                              al_tanf_eligible<2025-06, (default)> = [False]
                                AL<2025-06, (default)> = [False]
                            al_tanf<2025-07, (default)> = [0.]
                              al_tanf_eligible<2025-07, (default)> = [False]
                                AL<2025-07, (default)> = [False]
                            al_tanf<2025-08, (default)> = [0.]
                              al_tanf_eligible<2025-08, (default)> = [False]
                                AL<2025-08, (default)> = [False]
                            al_tanf<2025-09, (default)> = [0.]
                              al_tanf_eligible<2025-09, (default)> = [False]
                                AL<2025-09, (default)> = [False]
                            al_tanf<2025-10, (default)> = [0.]
                              al_tanf_eligible<2025-10, (default)> = [False]
                                AL<2025-10, (default)> = [False]
                            al_tanf<2025-11, (default)> = [0.]
                              al_tanf_eligible<2025-11, (default)> = [False]
                                AL<2025-11, (default)> = [False]
                            al_tanf<2025-12, (default)> = [0.]
                              al_tanf_eligible<2025-12, (default)> = [False]
                                AL<2025-12, (default)> = [False]
                          az_tanf<2025, (default)> = [0.]
                            az_tanf<2025-01, (default)> = [0.]
                              az_tanf_eligible<2025-01, (default)> = [False]
                                AZ<2025-01, (default)> = [False]
                            az_tanf<2025-02, (default)> = [0.]
                              az_tanf_eligible<2025-02, (default)> = [False]
                                AZ<2025-02, (default)> = [False]
                            az_tanf<2025-03, (default)> = [0.]
                              az_tanf_eligible<2025-03, (default)> = [False]
                                AZ<2025-03, (default)> = [False]
                            az_tanf<2025-04, (default)> = [0.]
                              az_tanf_eligible<2025-04, (default)> = [False]
                                AZ<2025-04, (default)> = [False]
                            az_tanf<2025-05, (default)> = [0.]
                              az_tanf_eligible<2025-05, (default)> = [False]
                                AZ<2025-05, (default)> = [False]
                            az_tanf<2025-06, (default)> = [0.]
                              az_tanf_eligible<2025-06, (default)> = [False]
                                AZ<2025-06, (default)> = [False]
                            az_tanf<2025-07, (default)> = [0.]
                              az_tanf_eligible<2025-07, (default)> = [False]
                                AZ<2025-07, (default)> = [False]
                            az_tanf<2025-08, (default)> = [0.]
                              az_tanf_eligible<2025-08, (default)> = [False]
                                AZ<2025-08, (default)> = [False]
                            az_tanf<2025-09, (default)> = [0.]
                              az_tanf_eligible<2025-09, (default)> = [False]
                                AZ<2025-09, (default)> = [False]
                            az_tanf<2025-10, (default)> = [0.]
                              az_tanf_eligible<2025-10, (default)> = [False]
                                AZ<2025-10, (default)> = [False]
                            az_tanf<2025-11, (default)> = [0.]
                              az_tanf_eligible<2025-11, (default)> = [False]
                                AZ<2025-11, (default)> = [False]
                            az_tanf<2025-12, (default)> = [0.]
                              az_tanf_eligible<2025-12, (default)> = [False]
                                AZ<2025-12, (default)> = [False]
                          ca_tanf<2025, (default)> = [0.]
                            ca_tanf_eligible<2025, (default)> = [False]
                              CA<2025, (default)> = [False]
                          co_tanf<2025, (default)> = [0.]
                            co_tanf_eligible<2025, (default)> = [False]
                              CO<2025, (default)> = [False]
                          dc_tanf<2025, (default)> = [0.]
                            dc_tanf<2025-01, (default)> = [0.]
                              dc_tanf_eligible<2025-01, (default)> = [False]
                                DC<2025-01, (default)> = [False]
                            dc_tanf<2025-02, (default)> = [0.]
                              dc_tanf_eligible<2025-02, (default)> = [False]
                                DC<2025-02, (default)> = [False]
                            dc_tanf<2025-03, (default)> = [0.]
                              dc_tanf_eligible<2025-03, (default)> = [False]
                                DC<2025-03, (default)> = [False]
                            dc_tanf<2025-04, (default)> = [0.]
                              dc_tanf_eligible<2025-04, (default)> = [False]
                                DC<2025-04, (default)> = [False]
                            dc_tanf<2025-05, (default)> = [0.]
                              dc_tanf_eligible<2025-05, (default)> = [False]
                                DC<2025-05, (default)> = [False]
                            dc_tanf<2025-06, (default)> = [0.]
                              dc_tanf_eligible<2025-06, (default)> = [False]
                                DC<2025-06, (default)> = [False]
                            dc_tanf<2025-07, (default)> = [0.]
                              dc_tanf_eligible<2025-07, (default)> = [False]
                                DC<2025-07, (default)> = [False]
                            dc_tanf<2025-08, (default)> = [0.]
                              dc_tanf_eligible<2025-08, (default)> = [False]
                                DC<2025-08, (default)> = [False]
                            dc_tanf<2025-09, (default)> = [0.]
                              dc_tanf_eligible<2025-09, (default)> = [False]
                                DC<2025-09, (default)> = [False]
                            dc_tanf<2025-10, (default)> = [0.]
                              dc_tanf_eligible<2025-10, (default)> = [False]
                                DC<2025-10, (default)> = [False]
                            dc_tanf<2025-11, (default)> = [0.]
                              dc_tanf_eligible<2025-11, (default)> = [False]
                                DC<2025-11, (default)> = [False]
                            dc_tanf<2025-12, (default)> = [0.]
                              dc_tanf_eligible<2025-12, (default)> = [False]
                                DC<2025-12, (default)> = [False]
                          de_tanf<2025, (default)> = [0.]
                            de_tanf<2025-01, (default)> = [0.]
                              de_tanf_eligible<2025-01, (default)> = [False]
                                DE<2025-01, (default)> = [False]
                            de_tanf<2025-02, (default)> = [0.]
                              de_tanf_eligible<2025-02, (default)> = [False]
                                DE<2025-02, (default)> = [False]
                            de_tanf<2025-03, (default)> = [0.]
                              de_tanf_eligible<2025-03, (default)> = [False]
                                DE<2025-03, (default)> = [False]
                            de_tanf<2025-04, (default)> = [0.]
                              de_tanf_eligible<2025-04, (default)> = [False]
                                DE<2025-04, (default)> = [False]
                            de_tanf<2025-05, (default)> = [0.]
                              de_tanf_eligible<2025-05, (default)> = [False]
                                DE<2025-05, (default)> = [False]
                            de_tanf<2025-06, (default)> = [0.]
                              de_tanf_eligible<2025-06, (default)> = [False]
                                DE<2025-06, (default)> = [False]
                            de_tanf<2025-07, (default)> = [0.]
                              de_tanf_eligible<2025-07, (default)> = [False]
                                DE<2025-07, (default)> = [False]
                            de_tanf<2025-08, (default)> = [0.]
                              de_tanf_eligible<2025-08, (default)> = [False]
                                DE<2025-08, (default)> = [False]
                            de_tanf<2025-09, (default)> = [0.]
                              de_tanf_eligible<2025-09, (default)> = [False]
                                DE<2025-09, (default)> = [False]
                            de_tanf<2025-10, (default)> = [0.]
                              de_tanf_eligible<2025-10, (default)> = [False]
                                DE<2025-10, (default)> = [False]
                            de_tanf<2025-11, (default)> = [0.]
                              de_tanf_eligible<2025-11, (default)> = [False]
                                DE<2025-11, (default)> = [False]
                            de_tanf<2025-12, (default)> = [0.]
                              de_tanf_eligible<2025-12, (default)> = [False]
                                DE<2025-12, (default)> = [False]
                          ga_tanf<2025, (default)> = [0.]
                            ga_tanf<2025-01, (default)> = [0.]
                              ga_tanf_eligible<2025-01, (default)> = [False]
                                GA<2025-01, (default)> = [False]
                            ga_tanf<2025-02, (default)> = [0.]
                              ga_tanf_eligible<2025-02, (default)> = [False]
                                GA<2025-02, (default)> = [False]
                            ga_tanf<2025-03, (default)> = [0.]
                              ga_tanf_eligible<2025-03, (default)> = [False]
                                GA<2025-03, (default)> = [False]
                            ga_tanf<2025-04, (default)> = [0.]
                              ga_tanf_eligible<2025-04, (default)> = [False]
                                GA<2025-04, (default)> = [False]
                            ga_tanf<2025-05, (default)> = [0.]
                              ga_tanf_eligible<2025-05, (default)> = [False]
                                GA<2025-05, (default)> = [False]
                            ga_tanf<2025-06, (default)> = [0.]
                              ga_tanf_eligible<2025-06, (default)> = [False]
                                GA<2025-06, (default)> = [False]
                            ga_tanf<2025-07, (default)> = [0.]
                              ga_tanf_eligible<2025-07, (default)> = [False]
                                GA<2025-07, (default)> = [False]
                            ga_tanf<2025-08, (default)> = [0.]
                              ga_tanf_eligible<2025-08, (default)> = [False]
                                GA<2025-08, (default)> = [False]
                            ga_tanf<2025-09, (default)> = [0.]
                              ga_tanf_eligible<2025-09, (default)> = [False]
                                GA<2025-09, (default)> = [False]
                            ga_tanf<2025-10, (default)> = [0.]
                              ga_tanf_eligible<2025-10, (default)> = [False]
                                GA<2025-10, (default)> = [False]
                            ga_tanf<2025-11, (default)> = [0.]
                              ga_tanf_eligible<2025-11, (default)> = [False]
                                GA<2025-11, (default)> = [False]
                            ga_tanf<2025-12, (default)> = [0.]
                              ga_tanf_eligible<2025-12, (default)> = [False]
                                GA<2025-12, (default)> = [False]
                          hi_tanf<2025, (default)> = [0.]
                            hi_tanf<2025-01, (default)> = [0.]
                              hi_tanf_eligible<2025-01, (default)> = [False]
                                HI<2025-01, (default)> = [False]
                            hi_tanf<2025-02, (default)> = [0.]
                              hi_tanf_eligible<2025-02, (default)> = [False]
                                HI<2025-02, (default)> = [False]
                            hi_tanf<2025-03, (default)> = [0.]
                              hi_tanf_eligible<2025-03, (default)> = [False]
                                HI<2025-03, (default)> = [False]
                            hi_tanf<2025-04, (default)> = [0.]
                              hi_tanf_eligible<2025-04, (default)> = [False]
                                HI<2025-04, (default)> = [False]
                            hi_tanf<2025-05, (default)> = [0.]
                              hi_tanf_eligible<2025-05, (default)> = [False]
                                HI<2025-05, (default)> = [False]
                            hi_tanf<2025-06, (default)> = [0.]
                              hi_tanf_eligible<2025-06, (default)> = [False]
                                HI<2025-06, (default)> = [False]
                            hi_tanf<2025-07, (default)> = [0.]
                              hi_tanf_eligible<2025-07, (default)> = [False]
                                HI<2025-07, (default)> = [False]
                            hi_tanf<2025-08, (default)> = [0.]
                              hi_tanf_eligible<2025-08, (default)> = [False]
                                HI<2025-08, (default)> = [False]
                            hi_tanf<2025-09, (default)> = [0.]
                              hi_tanf_eligible<2025-09, (default)> = [False]
                                HI<2025-09, (default)> = [False]
                            hi_tanf<2025-10, (default)> = [0.]
                              hi_tanf_eligible<2025-10, (default)> = [False]
                                HI<2025-10, (default)> = [False]
                            hi_tanf<2025-11, (default)> = [0.]
                              hi_tanf_eligible<2025-11, (default)> = [False]
                                HI<2025-11, (default)> = [False]
                            hi_tanf<2025-12, (default)> = [0.]
                              hi_tanf_eligible<2025-12, (default)> = [False]
                                HI<2025-12, (default)> = [False]
                          il_tanf<2025, (default)> = [0.]
                            il_tanf<2025-01, (default)> = [0.]
                              il_tanf_eligible<2025-01, (default)> = [False]
                                IL<2025-01, (default)> = [False]
                            il_tanf<2025-02, (default)> = [0.]
                              il_tanf_eligible<2025-02, (default)> = [False]
                                IL<2025-02, (default)> = [False]
                            il_tanf<2025-03, (default)> = [0.]
                              il_tanf_eligible<2025-03, (default)> = [False]
                                IL<2025-03, (default)> = [False]
                            il_tanf<2025-04, (default)> = [0.]
                              il_tanf_eligible<2025-04, (default)> = [False]
                                IL<2025-04, (default)> = [False]
                            il_tanf<2025-05, (default)> = [0.]
                              il_tanf_eligible<2025-05, (default)> = [False]
                                IL<2025-05, (default)> = [False]
                            il_tanf<2025-06, (default)> = [0.]
                              il_tanf_eligible<2025-06, (default)> = [False]
                                IL<2025-06, (default)> = [False]
                            il_tanf<2025-07, (default)> = [0.]
                              il_tanf_eligible<2025-07, (default)> = [False]
                                IL<2025-07, (default)> = [False]
                            il_tanf<2025-08, (default)> = [0.]
                              il_tanf_eligible<2025-08, (default)> = [False]
                                IL<2025-08, (default)> = [False]
                            il_tanf<2025-09, (default)> = [0.]
                              il_tanf_eligible<2025-09, (default)> = [False]
                                IL<2025-09, (default)> = [False]
                            il_tanf<2025-10, (default)> = [0.]
                              il_tanf_eligible<2025-10, (default)> = [False]
                                IL<2025-10, (default)> = [False]
                            il_tanf<2025-11, (default)> = [0.]
                              il_tanf_eligible<2025-11, (default)> = [False]
                                IL<2025-11, (default)> = [False]
                            il_tanf<2025-12, (default)> = [0.]
                              il_tanf_eligible<2025-12, (default)> = [False]
                                IL<2025-12, (default)> = [False]
                          in_tanf<2025, (default)> = [0.]
                            in_tanf<2025-01, (default)> = [0.]
                              in_tanf_eligible<2025-01, (default)> = [False]
                                IN<2025-01, (default)> = [False]
                            in_tanf<2025-02, (default)> = [0.]
                              in_tanf_eligible<2025-02, (default)> = [False]
                                IN<2025-02, (default)> = [False]
                            in_tanf<2025-03, (default)> = [0.]
                              in_tanf_eligible<2025-03, (default)> = [False]
                                IN<2025-03, (default)> = [False]
                            in_tanf<2025-04, (default)> = [0.]
                              in_tanf_eligible<2025-04, (default)> = [False]
                                IN<2025-04, (default)> = [False]
                            in_tanf<2025-05, (default)> = [0.]
                              in_tanf_eligible<2025-05, (default)> = [False]
                                IN<2025-05, (default)> = [False]
                            in_tanf<2025-06, (default)> = [0.]
                              in_tanf_eligible<2025-06, (default)> = [False]
                                IN<2025-06, (default)> = [False]
                            in_tanf<2025-07, (default)> = [0.]
                              in_tanf_eligible<2025-07, (default)> = [False]
                                IN<2025-07, (default)> = [False]
                            in_tanf<2025-08, (default)> = [0.]
                              in_tanf_eligible<2025-08, (default)> = [False]
                                IN<2025-08, (default)> = [False]
                            in_tanf<2025-09, (default)> = [0.]
                              in_tanf_eligible<2025-09, (default)> = [False]
                                IN<2025-09, (default)> = [False]
                            in_tanf<2025-10, (default)> = [0.]
                              in_tanf_eligible<2025-10, (default)> = [False]
                                IN<2025-10, (default)> = [False]
                            in_tanf<2025-11, (default)> = [0.]
                              in_tanf_eligible<2025-11, (default)> = [False]
                                IN<2025-11, (default)> = [False]
                            in_tanf<2025-12, (default)> = [0.]
                              in_tanf_eligible<2025-12, (default)> = [False]
                                IN<2025-12, (default)> = [False]
                          ks_tanf<2025, (default)> = [0.]
                            ks_tanf<2025-01, (default)> = [0.]
                              ks_tanf_eligible<2025-01, (default)> = [False]
                                KS<2025-01, (default)> = [False]
                            ks_tanf<2025-02, (default)> = [0.]
                              ks_tanf_eligible<2025-02, (default)> = [False]
                                KS<2025-02, (default)> = [False]
                            ks_tanf<2025-03, (default)> = [0.]
                              ks_tanf_eligible<2025-03, (default)> = [False]
                                KS<2025-03, (default)> = [False]
                            ks_tanf<2025-04, (default)> = [0.]
                              ks_tanf_eligible<2025-04, (default)> = [False]
                                KS<2025-04, (default)> = [False]
                            ks_tanf<2025-05, (default)> = [0.]
                              ks_tanf_eligible<2025-05, (default)> = [False]
                                KS<2025-05, (default)> = [False]
                            ks_tanf<2025-06, (default)> = [0.]
                              ks_tanf_eligible<2025-06, (default)> = [False]
                                KS<2025-06, (default)> = [False]
                            ks_tanf<2025-07, (default)> = [0.]
                              ks_tanf_eligible<2025-07, (default)> = [False]
                                KS<2025-07, (default)> = [False]
                            ks_tanf<2025-08, (default)> = [0.]
                              ks_tanf_eligible<2025-08, (default)> = [False]
                                KS<2025-08, (default)> = [False]
                            ks_tanf<2025-09, (default)> = [0.]
                              ks_tanf_eligible<2025-09, (default)> = [False]
                                KS<2025-09, (default)> = [False]
                            ks_tanf<2025-10, (default)> = [0.]
                              ks_tanf_eligible<2025-10, (default)> = [False]
                                KS<2025-10, (default)> = [False]
                            ks_tanf<2025-11, (default)> = [0.]
                              ks_tanf_eligible<2025-11, (default)> = [False]
                                KS<2025-11, (default)> = [False]
                            ks_tanf<2025-12, (default)> = [0.]
                              ks_tanf_eligible<2025-12, (default)> = [False]
                                KS<2025-12, (default)> = [False]
                          me_tanf<2025, (default)> = [0.]
                            me_tanf<2025-01, (default)> = [0.]
                              me_tanf_eligible<2025-01, (default)> = [False]
                                ME<2025-01, (default)> = [False]
                            me_tanf<2025-02, (default)> = [0.]
                              me_tanf_eligible<2025-02, (default)> = [False]
                                ME<2025-02, (default)> = [False]
                            me_tanf<2025-03, (default)> = [0.]
                              me_tanf_eligible<2025-03, (default)> = [False]
                                ME<2025-03, (default)> = [False]
                            me_tanf<2025-04, (default)> = [0.]
                              me_tanf_eligible<2025-04, (default)> = [False]
                                ME<2025-04, (default)> = [False]
                            me_tanf<2025-05, (default)> = [0.]
                              me_tanf_eligible<2025-05, (default)> = [False]
                                ME<2025-05, (default)> = [False]
                            me_tanf<2025-06, (default)> = [0.]
                              me_tanf_eligible<2025-06, (default)> = [False]
                                ME<2025-06, (default)> = [False]
                            me_tanf<2025-07, (default)> = [0.]
                              me_tanf_eligible<2025-07, (default)> = [False]
                                ME<2025-07, (default)> = [False]
                            me_tanf<2025-08, (default)> = [0.]
                              me_tanf_eligible<2025-08, (default)> = [False]
                                ME<2025-08, (default)> = [False]
                            me_tanf<2025-09, (default)> = [0.]
                              me_tanf_eligible<2025-09, (default)> = [False]
                                ME<2025-09, (default)> = [False]
                            me_tanf<2025-10, (default)> = [0.]
                              me_tanf_eligible<2025-10, (default)> = [False]
                                ME<2025-10, (default)> = [False]
                            me_tanf<2025-11, (default)> = [0.]
                              me_tanf_eligible<2025-11, (default)> = [False]
                                ME<2025-11, (default)> = [False]
                            me_tanf<2025-12, (default)> = [0.]
                              me_tanf_eligible<2025-12, (default)> = [False]
                                ME<2025-12, (default)> = [False]
                          mo_tanf<2025, (default)> = [0.]
                            mo_tanf<2025-01, (default)> = [0.]
                              mo_tanf_eligible<2025-01, (default)> = [False]
                                MO<2025-01, (default)> = [False]
                            mo_tanf<2025-02, (default)> = [0.]
                              mo_tanf_eligible<2025-02, (default)> = [False]
                                MO<2025-02, (default)> = [False]
                            mo_tanf<2025-03, (default)> = [0.]
                              mo_tanf_eligible<2025-03, (default)> = [False]
                                MO<2025-03, (default)> = [False]
                            mo_tanf<2025-04, (default)> = [0.]
                              mo_tanf_eligible<2025-04, (default)> = [False]
                                MO<2025-04, (default)> = [False]
                            mo_tanf<2025-05, (default)> = [0.]
                              mo_tanf_eligible<2025-05, (default)> = [False]
                                MO<2025-05, (default)> = [False]
                            mo_tanf<2025-06, (default)> = [0.]
                              mo_tanf_eligible<2025-06, (default)> = [False]
                                MO<2025-06, (default)> = [False]
                            mo_tanf<2025-07, (default)> = [0.]
                              mo_tanf_eligible<2025-07, (default)> = [False]
                                MO<2025-07, (default)> = [False]
                            mo_tanf<2025-08, (default)> = [0.]
                              mo_tanf_eligible<2025-08, (default)> = [False]
                                MO<2025-08, (default)> = [False]
                            mo_tanf<2025-09, (default)> = [0.]
                              mo_tanf_eligible<2025-09, (default)> = [False]
                                MO<2025-09, (default)> = [False]
                            mo_tanf<2025-10, (default)> = [0.]
                              mo_tanf_eligible<2025-10, (default)> = [False]
                                MO<2025-10, (default)> = [False]
                            mo_tanf<2025-11, (default)> = [0.]
                              mo_tanf_eligible<2025-11, (default)> = [False]
                                MO<2025-11, (default)> = [False]
                            mo_tanf<2025-12, (default)> = [0.]
                              mo_tanf_eligible<2025-12, (default)> = [False]
                                MO<2025-12, (default)> = [False]
                          ms_tanf<2025, (default)> = [0.]
                            ms_tanf<2025-01, (default)> = [0.]
                              ms_tanf_eligible<2025-01, (default)> = [False]
                                MS<2025-01, (default)> = [False]
                            ms_tanf<2025-02, (default)> = [0.]
                              ms_tanf_eligible<2025-02, (default)> = [False]
                                MS<2025-02, (default)> = [False]
                            ms_tanf<2025-03, (default)> = [0.]
                              ms_tanf_eligible<2025-03, (default)> = [False]
                                MS<2025-03, (default)> = [False]
                            ms_tanf<2025-04, (default)> = [0.]
                              ms_tanf_eligible<2025-04, (default)> = [False]
                                MS<2025-04, (default)> = [False]
                            ms_tanf<2025-05, (default)> = [0.]
                              ms_tanf_eligible<2025-05, (default)> = [False]
                                MS<2025-05, (default)> = [False]
                            ms_tanf<2025-06, (default)> = [0.]
                              ms_tanf_eligible<2025-06, (default)> = [False]
                                MS<2025-06, (default)> = [False]
                            ms_tanf<2025-07, (default)> = [0.]
                              ms_tanf_eligible<2025-07, (default)> = [False]
                                MS<2025-07, (default)> = [False]
                            ms_tanf<2025-08, (default)> = [0.]
                              ms_tanf_eligible<2025-08, (default)> = [False]
                                MS<2025-08, (default)> = [False]
                            ms_tanf<2025-09, (default)> = [0.]
                              ms_tanf_eligible<2025-09, (default)> = [False]
                                MS<2025-09, (default)> = [False]
                            ms_tanf<2025-10, (default)> = [0.]
                              ms_tanf_eligible<2025-10, (default)> = [False]
                                MS<2025-10, (default)> = [False]
                            ms_tanf<2025-11, (default)> = [0.]
                              ms_tanf_eligible<2025-11, (default)> = [False]
                                MS<2025-11, (default)> = [False]
                            ms_tanf<2025-12, (default)> = [0.]
                              ms_tanf_eligible<2025-12, (default)> = [False]
                                MS<2025-12, (default)> = [False]
                          mt_tanf<2025, (default)> = [0.]
                            mt_tanf<2025-01, (default)> = [0.]
                              mt_tanf_eligible<2025-01, (default)> = [False]
                                MT<2025-01, (default)> = [False]
                            mt_tanf<2025-02, (default)> = [0.]
                              mt_tanf_eligible<2025-02, (default)> = [False]
                                MT<2025-02, (default)> = [False]
                            mt_tanf<2025-03, (default)> = [0.]
                              mt_tanf_eligible<2025-03, (default)> = [False]
                                MT<2025-03, (default)> = [False]
                            mt_tanf<2025-04, (default)> = [0.]
                              mt_tanf_eligible<2025-04, (default)> = [False]
                                MT<2025-04, (default)> = [False]
                            mt_tanf<2025-05, (default)> = [0.]
                              mt_tanf_eligible<2025-05, (default)> = [False]
                                MT<2025-05, (default)> = [False]
                            mt_tanf<2025-06, (default)> = [0.]
                              mt_tanf_eligible<2025-06, (default)> = [False]
                                MT<2025-06, (default)> = [False]
                            mt_tanf<2025-07, (default)> = [0.]
                              mt_tanf_eligible<2025-07, (default)> = [False]
                                MT<2025-07, (default)> = [False]
                            mt_tanf<2025-08, (default)> = [0.]
                              mt_tanf_eligible<2025-08, (default)> = [False]
                                MT<2025-08, (default)> = [False]
                            mt_tanf<2025-09, (default)> = [0.]
                              mt_tanf_eligible<2025-09, (default)> = [False]
                                MT<2025-09, (default)> = [False]
                            mt_tanf<2025-10, (default)> = [0.]
                              mt_tanf_eligible<2025-10, (default)> = [False]
                                MT<2025-10, (default)> = [False]
                            mt_tanf<2025-11, (default)> = [0.]
                              mt_tanf_eligible<2025-11, (default)> = [False]
                                MT<2025-11, (default)> = [False]
                            mt_tanf<2025-12, (default)> = [0.]
                              mt_tanf_eligible<2025-12, (default)> = [False]
                                MT<2025-12, (default)> = [False]
                          nc_tanf<2025, (default)> = [0.]
                            nc_tanf_eligible<2025, (default)> = [False]
                              NC<2025, (default)> = [False]
                          nd_tanf<2025, (default)> = [0.]
                            nd_tanf<2025-01, (default)> = [0.]
                              nd_tanf_eligible<2025-01, (default)> = [False]
                                ND<2025-01, (default)> = [False]
                            nd_tanf<2025-02, (default)> = [0.]
                              nd_tanf_eligible<2025-02, (default)> = [False]
                                ND<2025-02, (default)> = [False]
                            nd_tanf<2025-03, (default)> = [0.]
                              nd_tanf_eligible<2025-03, (default)> = [False]
                                ND<2025-03, (default)> = [False]
                            nd_tanf<2025-04, (default)> = [0.]
                              nd_tanf_eligible<2025-04, (default)> = [False]
                                ND<2025-04, (default)> = [False]
                            nd_tanf<2025-05, (default)> = [0.]
                              nd_tanf_eligible<2025-05, (default)> = [False]
                                ND<2025-05, (default)> = [False]
                            nd_tanf<2025-06, (default)> = [0.]
                              nd_tanf_eligible<2025-06, (default)> = [False]
                                ND<2025-06, (default)> = [False]
                            nd_tanf<2025-07, (default)> = [0.]
                              nd_tanf_eligible<2025-07, (default)> = [False]
                                ND<2025-07, (default)> = [False]
                            nd_tanf<2025-08, (default)> = [0.]
                              nd_tanf_eligible<2025-08, (default)> = [False]
                                ND<2025-08, (default)> = [False]
                            nd_tanf<2025-09, (default)> = [0.]
                              nd_tanf_eligible<2025-09, (default)> = [False]
                                ND<2025-09, (default)> = [False]
                            nd_tanf<2025-10, (default)> = [0.]
                              nd_tanf_eligible<2025-10, (default)> = [False]
                                ND<2025-10, (default)> = [False]
                            nd_tanf<2025-11, (default)> = [0.]
                              nd_tanf_eligible<2025-11, (default)> = [False]
                                ND<2025-11, (default)> = [False]
                            nd_tanf<2025-12, (default)> = [0.]
                              nd_tanf_eligible<2025-12, (default)> = [False]
                                ND<2025-12, (default)> = [False]
                          nv_tanf<2025, (default)> = [0.]
                            nv_tanf<2025-01, (default)> = [0.]
                              nv_tanf_eligible<2025-01, (default)> = [False]
                                NV<2025-01, (default)> = [False]
                                  state_code_str<2025, (default)> = ['TX']
                            nv_tanf<2025-02, (default)> = [0.]
                              nv_tanf_eligible<2025-02, (default)> = [False]
                                NV<2025-02, (default)> = [False]
                            nv_tanf<2025-03, (default)> = [0.]
                              nv_tanf_eligible<2025-03, (default)> = [False]
                                NV<2025-03, (default)> = [False]
                            nv_tanf<2025-04, (default)> = [0.]
                              nv_tanf_eligible<2025-04, (default)> = [False]
                                NV<2025-04, (default)> = [False]
                            nv_tanf<2025-05, (default)> = [0.]
                              nv_tanf_eligible<2025-05, (default)> = [False]
                                NV<2025-05, (default)> = [False]
                            nv_tanf<2025-06, (default)> = [0.]
                              nv_tanf_eligible<2025-06, (default)> = [False]
                                NV<2025-06, (default)> = [False]
                            nv_tanf<2025-07, (default)> = [0.]
                              nv_tanf_eligible<2025-07, (default)> = [False]
                                NV<2025-07, (default)> = [False]
                            nv_tanf<2025-08, (default)> = [0.]
                              nv_tanf_eligible<2025-08, (default)> = [False]
                                NV<2025-08, (default)> = [False]
                            nv_tanf<2025-09, (default)> = [0.]
                              nv_tanf_eligible<2025-09, (default)> = [False]
                                NV<2025-09, (default)> = [False]
                            nv_tanf<2025-10, (default)> = [0.]
                              nv_tanf_eligible<2025-10, (default)> = [False]
                                NV<2025-10, (default)> = [False]
                            nv_tanf<2025-11, (default)> = [0.]
                              nv_tanf_eligible<2025-11, (default)> = [False]
                                NV<2025-11, (default)> = [False]
                            nv_tanf<2025-12, (default)> = [0.]
                              nv_tanf_eligible<2025-12, (default)> = [False]
                                NV<2025-12, (default)> = [False]
                          ny_tanf<2025, (default)> = [0.]
                            ny_tanf<2025-01, (default)> = [0.]
                              ny_tanf_eligible<2025-01, (default)> = [False]
                                NY<2025-01, (default)> = [False]
                            ny_tanf<2025-02, (default)> = [0.]
                              ny_tanf_eligible<2025-02, (default)> = [False]
                                NY<2025-02, (default)> = [False]
                            ny_tanf<2025-03, (default)> = [0.]
                              ny_tanf_eligible<2025-03, (default)> = [False]
                                NY<2025-03, (default)> = [False]
                            ny_tanf<2025-04, (default)> = [0.]
                              ny_tanf_eligible<2025-04, (default)> = [False]
                                NY<2025-04, (default)> = [False]
                            ny_tanf<2025-05, (default)> = [0.]
                              ny_tanf_eligible<2025-05, (default)> = [False]
                                NY<2025-05, (default)> = [False]
                            ny_tanf<2025-06, (default)> = [0.]
                              ny_tanf_eligible<2025-06, (default)> = [False]
                                NY<2025-06, (default)> = [False]
                            ny_tanf<2025-07, (default)> = [0.]
                              ny_tanf_eligible<2025-07, (default)> = [False]
                                NY<2025-07, (default)> = [False]
                            ny_tanf<2025-08, (default)> = [0.]
                              ny_tanf_eligible<2025-08, (default)> = [False]
                                NY<2025-08, (default)> = [False]
                            ny_tanf<2025-09, (default)> = [0.]
                              ny_tanf_eligible<2025-09, (default)> = [False]
                                NY<2025-09, (default)> = [False]
                            ny_tanf<2025-10, (default)> = [0.]
                              ny_tanf_eligible<2025-10, (default)> = [False]
                                NY<2025-10, (default)> = [False]
                            ny_tanf<2025-11, (default)> = [0.]
                              ny_tanf_eligible<2025-11, (default)> = [False]
                                NY<2025-11, (default)> = [False]
                            ny_tanf<2025-12, (default)> = [0.]
                              ny_tanf_eligible<2025-12, (default)> = [False]
                                NY<2025-12, (default)> = [False]
                          ok_tanf<2025, (default)> = [0.]
                            ok_tanf<2025-01, (default)> = [0.]
                              ok_tanf_eligible<2025-01, (default)> = [False]
                                OK<2025-01, (default)> = [False]
                            ok_tanf<2025-02, (default)> = [0.]
                              ok_tanf_eligible<2025-02, (default)> = [False]
                                OK<2025-02, (default)> = [False]
                            ok_tanf<2025-03, (default)> = [0.]
                              ok_tanf_eligible<2025-03, (default)> = [False]
                                OK<2025-03, (default)> = [False]
                            ok_tanf<2025-04, (default)> = [0.]
                              ok_tanf_eligible<2025-04, (default)> = [False]
                                OK<2025-04, (default)> = [False]
                            ok_tanf<2025-05, (default)> = [0.]
                              ok_tanf_eligible<2025-05, (default)> = [False]
                                OK<2025-05, (default)> = [False]
                            ok_tanf<2025-06, (default)> = [0.]
                              ok_tanf_eligible<2025-06, (default)> = [False]
                                OK<2025-06, (default)> = [False]
                            ok_tanf<2025-07, (default)> = [0.]
                              ok_tanf_eligible<2025-07, (default)> = [False]
                                OK<2025-07, (default)> = [False]
                            ok_tanf<2025-08, (default)> = [0.]
                              ok_tanf_eligible<2025-08, (default)> = [False]
                                OK<2025-08, (default)> = [False]
                            ok_tanf<2025-09, (default)> = [0.]
                              ok_tanf_eligible<2025-09, (default)> = [False]
                                OK<2025-09, (default)> = [False]
                            ok_tanf<2025-10, (default)> = [0.]
                              ok_tanf_eligible<2025-10, (default)> = [False]
                                OK<2025-10, (default)> = [False]
                            ok_tanf<2025-11, (default)> = [0.]
                              ok_tanf_eligible<2025-11, (default)> = [False]
                                OK<2025-11, (default)> = [False]
                            ok_tanf<2025-12, (default)> = [0.]
                              ok_tanf_eligible<2025-12, (default)> = [False]
                                OK<2025-12, (default)> = [False]
                          or_tanf<2025, (default)> = [0.]
                            or_tanf<2025-01, (default)> = [0.]
                              or_tanf_eligible<2025-01, (default)> = [False]
                                OR<2025-01, (default)> = [False]
                            or_tanf<2025-02, (default)> = [0.]
                              or_tanf_eligible<2025-02, (default)> = [False]
                                OR<2025-02, (default)> = [False]
                            or_tanf<2025-03, (default)> = [0.]
                              or_tanf_eligible<2025-03, (default)> = [False]
                                OR<2025-03, (default)> = [False]
                            or_tanf<2025-04, (default)> = [0.]
                              or_tanf_eligible<2025-04, (default)> = [False]
                                OR<2025-04, (default)> = [False]
                            or_tanf<2025-05, (default)> = [0.]
                              or_tanf_eligible<2025-05, (default)> = [False]
                                OR<2025-05, (default)> = [False]
                            or_tanf<2025-06, (default)> = [0.]
                              or_tanf_eligible<2025-06, (default)> = [False]
                                OR<2025-06, (default)> = [False]
                            or_tanf<2025-07, (default)> = [0.]
                              or_tanf_eligible<2025-07, (default)> = [False]
                                OR<2025-07, (default)> = [False]
                            or_tanf<2025-08, (default)> = [0.]
                              or_tanf_eligible<2025-08, (default)> = [False]
                                OR<2025-08, (default)> = [False]
                            or_tanf<2025-09, (default)> = [0.]
                              or_tanf_eligible<2025-09, (default)> = [False]
                                OR<2025-09, (default)> = [False]
                            or_tanf<2025-10, (default)> = [0.]
                              or_tanf_eligible<2025-10, (default)> = [False]
                                OR<2025-10, (default)> = [False]
                            or_tanf<2025-11, (default)> = [0.]
                              or_tanf_eligible<2025-11, (default)> = [False]
                                OR<2025-11, (default)> = [False]
                            or_tanf<2025-12, (default)> = [0.]
                              or_tanf_eligible<2025-12, (default)> = [False]
                                OR<2025-12, (default)> = [False]
                          pa_tanf<2025, (default)> = [0.]
                            pa_tanf<2025-01, (default)> = [0.]
                              pa_tanf_eligible<2025-01, (default)> = [False]
                                PA<2025-01, (default)> = [False]
                            pa_tanf<2025-02, (default)> = [0.]
                              pa_tanf_eligible<2025-02, (default)> = [False]
                                PA<2025-02, (default)> = [False]
                            pa_tanf<2025-03, (default)> = [0.]
                              pa_tanf_eligible<2025-03, (default)> = [False]
                                PA<2025-03, (default)> = [False]
                            pa_tanf<2025-04, (default)> = [0.]
                              pa_tanf_eligible<2025-04, (default)> = [False]
                                PA<2025-04, (default)> = [False]
                            pa_tanf<2025-05, (default)> = [0.]
                              pa_tanf_eligible<2025-05, (default)> = [False]
                                PA<2025-05, (default)> = [False]
                            pa_tanf<2025-06, (default)> = [0.]
                              pa_tanf_eligible<2025-06, (default)> = [False]
                                PA<2025-06, (default)> = [False]
                            pa_tanf<2025-07, (default)> = [0.]
                              pa_tanf_eligible<2025-07, (default)> = [False]
                                PA<2025-07, (default)> = [False]
                            pa_tanf<2025-08, (default)> = [0.]
                              pa_tanf_eligible<2025-08, (default)> = [False]
                                PA<2025-08, (default)> = [False]
                            pa_tanf<2025-09, (default)> = [0.]
                              pa_tanf_eligible<2025-09, (default)> = [False]
                                PA<2025-09, (default)> = [False]
                            pa_tanf<2025-10, (default)> = [0.]
                              pa_tanf_eligible<2025-10, (default)> = [False]
                                PA<2025-10, (default)> = [False]
                            pa_tanf<2025-11, (default)> = [0.]
                              pa_tanf_eligible<2025-11, (default)> = [False]
                                PA<2025-11, (default)> = [False]
                            pa_tanf<2025-12, (default)> = [0.]
                              pa_tanf_eligible<2025-12, (default)> = [False]
                                PA<2025-12, (default)> = [False]
                          sc_tanf<2025, (default)> = [0.]
                            sc_tanf<2025-01, (default)> = [0.]
                              sc_tanf_eligible<2025-01, (default)> = [False]
                                SC<2025-01, (default)> = [False]
                            sc_tanf<2025-02, (default)> = [0.]
                              sc_tanf_eligible<2025-02, (default)> = [False]
                                SC<2025-02, (default)> = [False]
                            sc_tanf<2025-03, (default)> = [0.]
                              sc_tanf_eligible<2025-03, (default)> = [False]
                                SC<2025-03, (default)> = [False]
                            sc_tanf<2025-04, (default)> = [0.]
                              sc_tanf_eligible<2025-04, (default)> = [False]
                                SC<2025-04, (default)> = [False]
                            sc_tanf<2025-05, (default)> = [0.]
                              sc_tanf_eligible<2025-05, (default)> = [False]
                                SC<2025-05, (default)> = [False]
                            sc_tanf<2025-06, (default)> = [0.]
                              sc_tanf_eligible<2025-06, (default)> = [False]
                                SC<2025-06, (default)> = [False]
                            sc_tanf<2025-07, (default)> = [0.]
                              sc_tanf_eligible<2025-07, (default)> = [False]
                                SC<2025-07, (default)> = [False]
                            sc_tanf<2025-08, (default)> = [0.]
                              sc_tanf_eligible<2025-08, (default)> = [False]
                                SC<2025-08, (default)> = [False]
                            sc_tanf<2025-09, (default)> = [0.]
                              sc_tanf_eligible<2025-09, (default)> = [False]
                                SC<2025-09, (default)> = [False]
                            sc_tanf<2025-10, (default)> = [0.]
                              sc_tanf_eligible<2025-10, (default)> = [False]
                                SC<2025-10, (default)> = [False]
                            sc_tanf<2025-11, (default)> = [0.]
                              sc_tanf_eligible<2025-11, (default)> = [False]
                                SC<2025-11, (default)> = [False]
                            sc_tanf<2025-12, (default)> = [0.]
                              sc_tanf_eligible<2025-12, (default)> = [False]
                                SC<2025-12, (default)> = [False]
                          sd_tanf<2025, (default)> = [0.]
                            sd_tanf<2025-01, (default)> = [0.]
                              sd_tanf_eligible<2025-01, (default)> = [False]
                                SD<2025-01, (default)> = [False]
                                  state_code_str<2025, (default)> = ['TX']
                            sd_tanf<2025-02, (default)> = [0.]
                              sd_tanf_eligible<2025-02, (default)> = [False]
                                SD<2025-02, (default)> = [False]
                            sd_tanf<2025-03, (default)> = [0.]
                              sd_tanf_eligible<2025-03, (default)> = [False]
                                SD<2025-03, (default)> = [False]
                            sd_tanf<2025-04, (default)> = [0.]
                              sd_tanf_eligible<2025-04, (default)> = [False]
                                SD<2025-04, (default)> = [False]
                            sd_tanf<2025-05, (default)> = [0.]
                              sd_tanf_eligible<2025-05, (default)> = [False]
                                SD<2025-05, (default)> = [False]
                            sd_tanf<2025-06, (default)> = [0.]
                              sd_tanf_eligible<2025-06, (default)> = [False]
                                SD<2025-06, (default)> = [False]
                            sd_tanf<2025-07, (default)> = [0.]
                              sd_tanf_eligible<2025-07, (default)> = [False]
                                SD<2025-07, (default)> = [False]
                            sd_tanf<2025-08, (default)> = [0.]
                              sd_tanf_eligible<2025-08, (default)> = [False]
                                SD<2025-08, (default)> = [False]
                            sd_tanf<2025-09, (default)> = [0.]
                              sd_tanf_eligible<2025-09, (default)> = [False]
                                SD<2025-09, (default)> = [False]
                            sd_tanf<2025-10, (default)> = [0.]
                              sd_tanf_eligible<2025-10, (default)> = [False]
                                SD<2025-10, (default)> = [False]
                            sd_tanf<2025-11, (default)> = [0.]
                              sd_tanf_eligible<2025-11, (default)> = [False]
                                SD<2025-11, (default)> = [False]
                            sd_tanf<2025-12, (default)> = [0.]
                              sd_tanf_eligible<2025-12, (default)> = [False]
                                SD<2025-12, (default)> = [False]
                          tx_tanf<2025, (default)> = [0.]
                            tx_tanf<2025-01, (default)> = [0.]
                              TX<2025-01, (default)> = [ True]
                                state_code_str<2025, (default)> = ['TX']
                              tx_regular_tanf<2025-01, (default)> = [0.]
                                tx_tanf_eligible<2025-01, (default)> = [False]
                                  TX<2025-01, (default)> = [ True]
                                  tx_tanf_eligible_child<2025-01, (default)> = [False]
                                    TX<2025-01, (default)> = [ True]
                                    tx_tanf_age_eligible_child<2025-01, (default)> = [False]
                                      TX<2025-01, (default)> = [ True]
                                      monthly_age<2025-01, (default)> = [40.]
                                        age<2025-01, (default)> = [3.3333333]
                                          age<2025, (default)> = [40.]
                                      is_tax_unit_dependent<2025-01, (default)> = [False]
                                      is_full_time_student<2025-01, (default)> = [False]
                                        is_full_time_college_student<2025, (default)> = [False]
                                        is_in_k12_school<2025, (default)> = [False]
                                          age<2025, (default)> = [40.]
                                    tx_tanf_categorically_eligible_person<2025-01, (default)> = [ True]
                                      TX<2025-01, (default)> = [ True]
                                      is_citizen_or_legal_immigrant<2025, (default)> = [ True]
                                        immigration_status<2025, (default)> = ['CITIZEN']
                                          immigration_status_str<2025, (default)> = ['CITIZEN']
                                      ssi<2025-01, (default)> = [0.]
                                        takes_up_ssi_if_eligible<2025-01, (default)> = [ True]
                                        ssi_if_takes_up<2025-01, (default)> = [0.]
                                          uncapped_ssi<2025-01, (default)> = [0.]
                                            is_ssi_eligible<2025-01, (default)> = [False]
                                              is_ssi_aged_blind_disabled<2025-01, (default)> = [False]
                                                is_ssi_aged<2025, (default)> = [False]
                                                  age<2025, (default)> = [40.]
                                                is_blind<2025, (default)> = [False]
                                                is_ssi_disabled<2025, (default)> = [False]
                                                  meets_ssi_disability_criteria<2025, (default)> = [False]
                                                  ssi_engaged_in_sga<2025, (default)> = [False]
                                                    ssi_earned_income<2025, (default)> = [0.]
                                                      employment_income<2025, (default)> = [0.]
                                                      self_employment_income<2025, (default)> = [0.]
                                                      sstb_self_employment_income<2025, (default)> = [0.]
                                                    is_blind<2025, (default)> = [False]
                                              meets_ssi_resource_test<2025-01, (default)> = [ True]
                                                ssi_claim_is_joint<2025-01, (default)> = [False]
                                                  is_ssi_aged_blind_disabled<2025, (default)> = [False]
                                                  is_tax_unit_head_or_spouse<2025, (default)> = [ True]
                                                ssi_countable_resources<2025-01, (default)> = [0.]
                                                  bank_account_assets<2025, (default)> = [0.]
                                                  stock_assets<2025, (default)> = [0.]
                                                  bond_assets<2025, (default)> = [0.]
                                              is_ssi_qualified_noncitizen<2025-01, (default)> = [False]
                                                ssi_qualifying_quarters_earnings<2025, (default)> = [40]
                                                immigration_status<2025, (default)> = ['CITIZEN']
                                              immigration_status<2025-01, (default)> = ['CITIZEN']
                                          is_ssi_spousal_deeming_applies<2025, (default)> = [False]
                                            is_ssi_eligible_individual<2025, (default)> = [False]
                                              is_ssi_aged_blind_disabled<2025, (default)> = [False]
                                              is_ssi_eligible_spouse<2025, (default)> = [False]
                                                ssi_marital_both_eligible<2025, (default)> = [False]
                                                  is_ssi_aged_blind_disabled<2025, (default)> = [False]
                                                is_tax_unit_spouse<2025, (default)> = [False]
                                              is_ssi_qualified_noncitizen<2025, (default)> = [False]
                                              immigration_status<2025, (default)> = ['CITIZEN']
                                      receives_ssi<2025-01, (default)> = [False]
                                  tx_tanf_income_eligible<2025-01, (default)> = [ True]
                                    TX<2025-01, (default)> = [ True]
                                    is_tanf_enrolled<2025-01, (default)> = [False]
                                      receives_tanf<2025-01, (default)> = [False]
                                    tx_tanf_budgetary_needs_test<2025-01, (default)> = [ True]
                                      TX<2025-01, (default)> = [ True]
                                      tx_tanf_budgetary_needs<2025-01, (default)> = [256.]
                                        TX<2025-01, (default)> = [ True]
                                        tx_tanf_assistance_unit_size<2025-01, (default)> = [1]
                                          TX<2025-01, (default)> = [ True]
                                          tx_tanf_eligible_child<2025-01, (default)> = [False]
                                          tx_tanf_eligible_parent<2025-01, (default)> = [ True]
                                            TX<2025-01, (default)> = [ True]
                                            is_tax_unit_head_or_spouse<2025-01, (default)> = [ True]
                                            tx_tanf_categorically_eligible_person<2025-01, (default)> = [ True]
                                        tx_tanf_caretaker_type<2025-01, (default)> = ['NON_CARETAKER']
                                          TX<2025-01, (default)> = [ True]
                                          tx_tanf_eligible_parent<2025-01, (default)> = [ True]
                                          tx_tanf_eligible_child<2025-01, (default)> = [False]
                                      tx_tanf_income_for_budgetary_needs_test<2025-01, (default)> = [0.]
                                        TX<2025-01, (default)> = [ True]
                                        tx_tanf_gross_earned_income<2025-01, (default)> = [0.]
                                          TX<2025-01, (default)> = [ True]
                                          employment_income<2025-01, (default)> = [0.]
                                            employment_income<2025, (default)> = [0.]
                                          self_employment_income<2025-01, (default)> = [0.]
                                            self_employment_income<2025, (default)> = [0.]
                                          sstb_self_employment_income<2025-01, (default)> = [0.]
                                            sstb_self_employment_income<2025, (default)> = [0.]
                                        tx_tanf_dependent_care_deduction<2025-01, (default)> = [0.]
                                          TX<2025-01, (default)> = [ True]
                                          childcare_expenses<2025-01, (default)> = [0.]
                                            childcare_expenses<2025, (default)> = [0.]
                                              pre_subsidy_childcare_expenses<2025, (default)> = [0.]
                                                spm_unit_pre_subsidy_childcare_expenses<2025, (default)> = [0.]
                                                is_child<2025, (default)> = [False]
                                                is_child<2025, (default)> = [False]
                                              child_care_subsidies<2025, (default)> = [0.]
                                                ak_child_care_subsidies<2025, (default)> = [0.]
                                                  AK<2025, (default)> = [False]
                                                ar_child_care_subsidies<2025, (default)> = [0.]
                                                  AR<2025, (default)> = [False]
                                                al_child_care_subsidies<2025, (default)> = [0.]
                                                  AL<2025, (default)> = [False]
                                                az_child_care_subsidies<2025, (default)> = [0.]
                                                  AZ<2025, (default)> = [False]
                                                ca_child_care_subsidies<2025, (default)> = [0.]
                                                  ca_child_care_subsidies<2025-01, (default)> = [0.]
                                                    CA<2025-01, (default)> = [False]
                                                  ca_child_care_subsidies<2025-02, (default)> = [0.]
                                                    CA<2025-02, (default)> = [False]
                                                  ca_child_care_subsidies<2025-03, (default)> = [0.]
                                                    CA<2025-03, (default)> = [False]
                                                  ca_child_care_subsidies<2025-04, (default)> = [0.]
                                                    CA<2025-04, (default)> = [False]
                                                  ca_child_care_subsidies<2025-05, (default)> = [0.]
                                                    CA<2025-05, (default)> = [False]
                                                  ca_child_care_subsidies<2025-06, (default)> = [0.]
                                                    CA<2025-06, (default)> = [False]
                                                  ca_child_care_subsidies<2025-07, (default)> = [0.]
                                                    CA<2025-07, (default)> = [False]
                                                  ca_child_care_subsidies<2025-08, (default)> = [0.]
                                                    CA<2025-08, (default)> = [False]
                                                  ca_child_care_subsidies<2025-09, (default)> = [0.]
                                                    CA<2025-09, (default)> = [False]
                                                  ca_child_care_subsidies<2025-10, (default)> = [0.]
                                                    CA<2025-10, (default)> = [False]
                                                  ca_child_care_subsidies<2025-11, (default)> = [0.]
                                                    CA<2025-11, (default)> = [False]
                                                  ca_child_care_subsidies<2025-12, (default)> = [0.]
                                                    CA<2025-12, (default)> = [False]
                                                co_child_care_subsidies<2025, (default)> = [0.]
                                                  CO<2025, (default)> = [False]
                                                ct_child_care_subsidies<2025, (default)> = [0.]
                                                  CT<2025, (default)> = [False]
                                                de_child_care_subsidies<2025, (default)> = [0.]
                                                  DE<2025, (default)> = [False]
                                                fl_child_care_subsidies<2025, (default)> = [0.]
                                                  FL<2025, (default)> = [False]
                                                    state_code_str<2025, (default)> = ['TX']
                                                ga_child_care_subsidies<2025, (default)> = [0.]
                                                  GA<2025, (default)> = [False]
                                                hi_child_care_subsidies<2025, (default)> = [0.]
                                                  HI<2025, (default)> = [False]
                                                ia_child_care_subsidies<2025, (default)> = [0.]
                                                  IA<2025, (default)> = [False]
                                                id_child_care_subsidies<2025, (default)> = [0.]
                                                  ID<2025, (default)> = [False]
                                                il_child_care_subsidies<2025, (default)> = [0.]
                                                  IL<2025, (default)> = [False]
                                                in_child_care_subsidies<2025, (default)> = [0.]
                                                  IN<2025, (default)> = [False]
                                                ks_child_care_subsidies<2025, (default)> = [0.]
                                                  KS<2025, (default)> = [False]
                                                ky_child_care_subsidies<2025, (default)> = [0.]
                                                  KY<2025, (default)> = [False]
                                                la_child_care_subsidies<2025, (default)> = [0.]
                                                  LA<2025, (default)> = [False]
                                                ma_child_care_subsidies<2025, (default)> = [0.]
                                                  MA<2025, (default)> = [False]
                                                md_child_care_subsidies<2025, (default)> = [0.]
                                                  MD<2025, (default)> = [False]
                                                me_child_care_subsidies<2025, (default)> = [0.]
                                                  ME<2025, (default)> = [False]
                                                mi_child_care_subsidies<2025, (default)> = [0.]
                                                  MI<2025, (default)> = [False]
                                                mn_child_care_subsidies<2025, (default)> = [0.]
                                                  MN<2025, (default)> = [False]
                                                mo_child_care_subsidies<2025, (default)> = [0.]
                                                  MO<2025, (default)> = [False]
                                                ms_child_care_subsidies<2025, (default)> = [0.]
                                                  MS<2025, (default)> = [False]
                                                mt_child_care_subsidies<2025, (default)> = [0.]
                                                  MT<2025, (default)> = [False]
                                                ne_child_care_subsidies<2025, (default)> = [0.]
                                                  NE<2025, (default)> = [False]
                                                nm_child_care_subsidies<2025, (default)> = [0.]
                                                  NM<2025, (default)> = [False]
                                                vt_child_care_subsidies<2025, (default)> = [0.]
                                                  VT<2025, (default)> = [False]
                                                nh_child_care_subsidies<2025, (default)> = [0.]
                                                  NH<2025, (default)> = [False]
                                                    state_code_str<2025, (default)> = ['TX']
                                                pa_child_care_subsidies<2025, (default)> = [0.]
                                                  PA<2025, (default)> = [False]
                                                nj_child_care_subsidies<2025, (default)> = [0.]
                                                  NJ<2025, (default)> = [False]
                                                oh_child_care_subsidies<2025, (default)> = [0.]
                                                  OH<2025, (default)> = [False]
                                                nv_child_care_subsidies<2025, (default)> = [0.]
                                                  NV<2025, (default)> = [False]
                                                or_child_care_subsidies<2025, (default)> = [0.]
                                                  OR<2025, (default)> = [False]
                                                ri_child_care_subsidies<2025, (default)> = [0.]
                                                  RI<2025, (default)> = [False]
                                                sc_child_care_subsidies<2025, (default)> = [0.]
                                                  SC<2025, (default)> = [False]
                                                ut_child_care_subsidies<2025, (default)> = [0.]
                                                  UT<2025, (default)> = [False]
                                                va_child_care_subsidies<2025, (default)> = [0.]
                                                  VA<2025, (default)> = [False]
                                                wa_child_care_subsidies<2025, (default)> = [0.]
                                                  WA<2025, (default)> = [False]
                                                    state_code_str<2025, (default)> = ['TX']
                                                wi_child_care_subsidies<2025, (default)> = [0.]
                                                  WI<2025, (default)> = [False]
                                                wv_child_care_subsidies<2025, (default)> = [0.]
                                                  WV<2025, (default)> = [False]
                                                nd_child_care_subsidies<2025, (default)> = [0.]
                                                  ND<2025, (default)> = [False]
                                                ok_child_care_subsidies<2025, (default)> = [0.]
                                                  OK<2025, (default)> = [False]
                                                sd_child_care_subsidies<2025, (default)> = [0.]
                                                  SD<2025, (default)> = [False]
                                                nc_child_care_subsidies<2025, (default)> = [0.]
                                                  NC<2025, (default)> = [False]
                                                dc_child_care_subsidies<2025, (default)> = [0.]
                                                  DC<2025, (default)> = [False]
                                                tn_child_care_subsidies<2025, (default)> = [0.]
                                                  TN<2025, (default)> = [False]
                                                    state_code_str<2025, (default)> = ['TX']
                                                wy_child_care_subsidies<2025, (default)> = [0.]
                                                  WY<2025, (default)> = [False]
                                                    state_code_str<2025, (default)> = ['TX']
                                                tx_child_care_subsidies<2025, (default)> = [0.]
                                                  TX<2025, (default)> = [ True]
                                                  tx_ccs<2025, (default)> = [0.]
                                                    tx_ccs<2025-01, (default)> = [0.]
                                                      tx_ccs_eligible<2025-01, (default)> = [False]
                                                        TX<2025-01, (default)> = [ True]
                                                        tx_ccs_income_eligible<2025-01, (default)> = [ True]
                                                          TX<2025-01, (default)> = [ True]
                                                          tx_ccs_countable_income<2025-01, (default)> = [0.]
                                                            TX<2025-01, (default)> = [ True]
                                                            employment_income<2025-01, (default)> = [0.]
                                                            self_employment_income<2025-01, (default)> = [0.]
                                                            sstb_self_employment_income<2025-01, (default)> = [0.]
                                                            dividend_income<2025-01, (default)> = [0.]
                                                              dividend_income<2025, (default)> = [0.]
                                                            interest_income<2025-01, (default)> = [0.]
                                                              interest_income<2025, (default)> = [0.]
                                                                tax_exempt_interest_income<2025, (default)> = [0.]
                                                                taxable_interest_income<2025, (default)> = [0.]
                                                            rental_income<2025-01, (default)> = [0.]
                                                              rental_income<2025, (default)> = [0.]
                                                            pension_income<2025-01, (default)> = [0.]
                                                              pension_income<2025, (default)> = [0.]
                                                                tax_exempt_pension_income<2025, (default)> = [0.]
                                                                taxable_pension_income<2025, (default)> = [0.]
                                                            alimony_income<2025-01, (default)> = [0.]
                                                              alimony_income<2025, (default)> = [0.]
                                                          hhs_smi<2025-01, (default)> = [4472.5635]
                                                            hhs_smi<2025, (default)> = [53670.76]
                                                              spm_unit_size<2025, (default)> = [1]
                                                              state_code_str<2025, (default)> = ['TX']
                                                        tx_ccs_asset_eligible<2025-01, (default)> = [ True]
                                                          TX<2025-01, (default)> = [ True]
                                                          spm_unit_assets<2025, (default)> = [0.]
                                                        tx_ccs_work_requirement_eligible<2025-01, (default)> = [False]
                                                          TX<2025-01, (default)> = [ True]
                                                          is_tax_unit_head_or_spouse<2025-01, (default)> = [ True]
                                                          tx_ccs_work_exempt<2025-01, (default)> = [False]
                                                            TX<2025, (default)> = [ True]
                                                            is_full_time_student<2025, (default)> = [False]
                                                            is_disabled<2025, (default)> = [False]
                                                          weekly_hours_worked<2025, (default)> = [0.]
                                                            weekly_hours_worked_before_lsr<2025, (default)> = [0.]
                                                            weekly_hours_worked_behavioural_response<2025, (default)> = [0.]
                                                              weekly_hours_worked_behavioural_response_income_elasticity<2025, (default)> = [0.]
                                                                weekly_hours_worked_before_lsr<2025, (default)> = [0.]
                                                                labor_supply_behavioral_response<2025, (default)> = [0.]
                                                                employment_income_before_lsr<2025, (default)> = [0.]
                                                                self_employment_income_before_lsr<2025, (default)> = [0.]
                                                                sstb_self_employment_income_before_lsr<2025, (default)> = [0.]
                                                              weekly_hours_worked_behavioural_response_substitution_elasticity<2025, (default)> = [0.]
                                                                weekly_hours_worked_before_lsr<2025, (default)> = [0.]
                                                                labor_supply_behavioral_response<2025, (default)> = [0.]
                                                                employment_income_before_lsr<2025, (default)> = [0.]
                                                                self_employment_income_before_lsr<2025, (default)> = [0.]
                                                                sstb_self_employment_income_before_lsr<2025, (default)> = [0.]
                                                        tx_ccs_eligible_child<2025-01, (default)> = [False]
                                                          TX<2025-01, (default)> = [ True]
                                                          age<2025, (default)> = [40.]
                                                          is_disabled<2025-01, (default)> = [False]
                                                          is_tax_unit_dependent<2025-01, (default)> = [False]
                                                          is_citizen_or_legal_immigrant<2025, (default)> = [ True]
                                                    tx_ccs<2025-02, (default)> = [0.]
                                                      tx_ccs_eligible<2025-02, (default)> = [False]
                                                        TX<2025-02, (default)> = [ True]
                                                        tx_ccs_income_eligible<2025-02, (default)> = [ True]
                                                          TX<2025-02, (default)> = [ True]
                                                          tx_ccs_countable_income<2025-02, (default)> = [0.]
                                                            TX<2025-02, (default)> = [ True]
                                                            employment_income<2025-02, (default)> = [0.]
                                                              employment_income<2025, (default)> = [0.]
                                                            self_employment_income<2025-02, (default)> = [0.]
                                                              self_employment_income<2025, (default)> = [0.]
                                                            sstb_self_employment_income<2025-02, (default)> = [0.]
                                                              sstb_self_employment_income<2025, (default)> = [0.]
                                                            dividend_income<2025-02, (default)> = [0.]
                                                              dividend_income<2025, (default)> = [0.]
                                                            interest_income<2025-02, (default)> = [0.]
                                                              interest_income<2025, (default)> = [0.]
                                                            rental_income<2025-02, (default)> = [0.]
                                                              rental_income<2025, (default)> = [0.]
                                                            pension_income<2025-02, (default)> = [0.]
                                                              pension_income<2025, (default)> = [0.]
                                                            alimony_income<2025-02, (default)> = [0.]
                                                              alimony_income<2025, (default)> = [0.]
                                                          hhs_smi<2025-02, (default)> = [4472.5635]
                                                            hhs_smi<2025, (default)> = [53670.76]
                                                        tx_ccs_asset_eligible<2025-02, (default)> = [ True]
                                                          TX<2025-02, (default)> = [ True]
                                                          spm_unit_assets<2025, (default)> = [0.]
                                                        tx_ccs_work_requirement_eligible<2025-02, (default)> = [False]
                                                          TX<2025-02, (default)> = [ True]
                                                          is_tax_unit_head_or_spouse<2025-02, (default)> = [ True]
                                                          tx_ccs_work_exempt<2025-02, (default)> = [False]
                                                          weekly_hours_worked<2025, (default)> = [0.]
                                                        tx_ccs_eligible_child<2025-02, (default)> = [False]
                                                          TX<2025-02, (default)> = [ True]
                                                          age<2025, (default)> = [40.]
                                                          is_disabled<2025-02, (default)> = [False]
                                                          is_tax_unit_dependent<2025-02, (default)> = [False]
                                                          is_citizen_or_legal_immigrant<2025, (default)> = [ True]
                                                    tx_ccs<2025-03, (default)> = [0.]
                                                      tx_ccs_eligible<2025-03, (default)> = [False]
                                                        TX<2025-03, (default)> = [ True]
                                                        tx_ccs_income_eligible<2025-03, (default)> = [ True]
                                                          TX<2025-03, (default)> = [ True]
                                                          tx_ccs_countable_income<2025-03, (default)> = [0.]
                                                            TX<2025-03, (default)> = [ True]
                                                            employment_income<2025-03, (default)> = [0.]
                                                              employment_income<2025, (default)> = [0.]
                                                            self_employment_income<2025-03, (default)> = [0.]
                                                              self_employment_income<2025, (default)> = [0.]
                                                            sstb_self_employment_income<2025-03, (default)> = [0.]
                                                              sstb_self_employment_income<2025, (default)> = [0.]
                                                            dividend_income<2025-03, (default)> = [0.]
                                                              dividend_income<2025, (default)> = [0.]
                                                            interest_income<2025-03, (default)> = [0.]
                                                              interest_income<2025, (default)> = [0.]
                                                            rental_income<2025-03, (default)> = [0.]
                                                              rental_income<2025, (default)> = [0.]
                                                            pension_income<2025-03, (default)> = [0.]
                                                              pension_income<2025, (default)> = [0.]
                                                            alimony_income<2025-03, (default)> = [0.]
                                                              alimony_income<2025, (default)> = [0.]
                                                          hhs_smi<2025-03, (default)> = [4472.5635]
                                                            hhs_smi<2025, (default)> = [53670.76]
                                                        tx_ccs_asset_eligible<2025-03, (default)> = [ True]
                                                          TX<2025-03, (default)> = [ True]
                                                          spm_unit_assets<2025, (default)> = [0.]
                                                        tx_ccs_work_requirement_eligible<2025-03, (default)> = [False]
                                                          TX<2025-03, (default)> = [ True]
                                                          is_tax_unit_head_or_spouse<2025-03, (default)> = [ True]
                                                          tx_ccs_work_exempt<2025-03, (default)> = [False]
                                                          weekly_hours_worked<2025, (default)> = [0.]
                                                        tx_ccs_eligible_child<2025-03, (default)> = [False]
                                                          TX<2025-03, (default)> = [ True]
                                                          age<2025, (default)> = [40.]
                                                          is_disabled<2025-03, (default)> = [False]
                                                          is_tax_unit_dependent<2025-03, (default)> = [False]
                                                          is_citizen_or_legal_immigrant<2025, (default)> = [ True]
                                                    tx_ccs<2025-04, (default)> = [0.]
                                                      tx_ccs_eligible<2025-04, (default)> = [False]
                                                        TX<2025-04, (default)> = [ True]
                                                        tx_ccs_income_eligible<2025-04, (default)> = [ True]
                                                          TX<2025-04, (default)> = [ True]
                                                          tx_ccs_countable_income<2025-04, (default)> = [0.]
                                                            TX<2025-04, (default)> = [ True]
                                                            employment_income<2025-04, (default)> = [0.]
                                                              employment_income<2025, (default)> = [0.]
                                                            self_employment_income<2025-04, (default)> = [0.]
                                                              self_employment_income<2025, (default)> = [0.]
                                                            sstb_self_employment_income<2025-04, (default)> = [0.]
                                                              sstb_self_employment_income<2025, (default)> = [0.]
                                                            dividend_income<2025-04, (default)> = [0.]
                                                              dividend_income<2025, (default)> = [0.]
                                                            interest_income<2025-04, (default)> = [0.]
                                                              interest_income<2025, (default)> = [0.]
                                                            rental_income<2025-04, (default)> = [0.]
                                                              rental_income<2025, (default)> = [0.]
                                                            pension_income<2025-04, (default)> = [0.]
                                                              pension_income<2025, (default)> = [0.]
                                                            alimony_income<2025-04, (default)> = [0.]
                                                              alimony_income<2025, (default)> = [0.]
                                                          hhs_smi<2025-04, (default)> = [4472.5635]
                                                            hhs_smi<2025, (default)> = [53670.76]
                                                        tx_ccs_asset_eligible<2025-04, (default)> = [ True]
                                                          TX<2025-04, (default)> = [ True]
                                                          spm_unit_assets<2025, (default)> = [0.]
                                                        tx_ccs_work_requirement_eligible<2025-04, (default)> = [False]
                                                          TX<2025-04, (default)> = [ True]
                                                          is_tax_unit_head_or_spouse<2025-04, (default)> = [ True]
                                                          tx_ccs_work_exempt<2025-04, (default)> = [False]
                                                          weekly_hours_worked<2025, (default)> = [0.]
                                                        tx_ccs_eligible_child<2025-04, (default)> = [False]
                                                          TX<2025-04, (default)> = [ True]
                                                          age<2025, (default)> = [40.]
                                                          is_disabled<2025-04, (default)> = [False]
                                                          is_tax_unit_dependent<2025-04, (default)> = [False]
                                                          is_citizen_or_legal_immigrant<2025, (default)> = [ True]
                                                    tx_ccs<2025-05, (default)> = [0.]
                                                      tx_ccs_eligible<2025-05, (default)> = [False]
                                                        TX<2025-05, (default)> = [ True]
                                                        tx_ccs_income_eligible<2025-05, (default)> = [ True]
                                                          TX<2025-05, (default)> = [ True]
                                                          tx_ccs_countable_income<2025-05, (default)> = [0.]
                                                            TX<2025-05, (default)> = [ True]
                                                            employment_income<2025-05, (default)> = [0.]
                                                              employment_income<2025, (default)> = [0.]
                                                            self_employment_income<2025-05, (default)> = [0.]
                                                              self_employment_income<2025, (default)> = [0.]
                                                            sstb_self_employment_income<2025-05, (default)> = [0.]
                                                              sstb_self_employment_income<2025, (default)> = [0.]
                                                            dividend_income<2025-05, (default)> = [0.]
                                                              dividend_income<2025, (default)> = [0.]
                                                            interest_income<2025-05, (default)> = [0.]
                                                              interest_income<2025, (default)> = [0.]
                                                            rental_income<2025-05, (default)> = [0.]
                                                              rental_income<2025, (default)> = [0.]
                                                            pension_income<2025-05, (default)> = [0.]
                                                              pension_income<2025, (default)> = [0.]
                                                            alimony_income<2025-05, (default)> = [0.]
                                                              alimony_income<2025, (default)> = [0.]
                                                          hhs_smi<2025-05, (default)> = [4472.5635]
                                                            hhs_smi<2025, (default)> = [53670.76]
                                                        tx_ccs_asset_eligible<2025-05, (default)> = [ True]
                                                          TX<2025-05, (default)> = [ True]
                                                          spm_unit_assets<2025, (default)> = [0.]
                                                        tx_ccs_work_requirement_eligible<2025-05, (default)> = [False]
                                                          TX<2025-05, (default)> = [ True]
                                                          is_tax_unit_head_or_spouse<2025-05, (default)> = [ True]
                                                          tx_ccs_work_exempt<2025-05, (default)> = [False]
                                                          weekly_hours_worked<2025, (default)> = [0.]
                                                        tx_ccs_eligible_child<2025-05, (default)> = [False]
                                                          TX<2025-05, (default)> = [ True]
                                                          age<2025, (default)> = [40.]
                                                          is_disabled<2025-05, (default)> = [False]
                                                          is_tax_unit_dependent<2025-05, (default)> = [False]
                                                          is_citizen_or_legal_immigrant<2025, (default)> = [ True]
                                                    tx_ccs<2025-06, (default)> = [0.]
                                                      tx_ccs_eligible<2025-06, (default)> = [False]
                                                        TX<2025-06, (default)> = [ True]
                                                        tx_ccs_income_eligible<2025-06, (default)> = [ True]
                                                          TX<2025-06, (default)> = [ True]
                                                          tx_ccs_countable_income<2025-06, (default)> = [0.]
                                                            TX<2025-06, (default)> = [ True]
                                                            employment_income<2025-06, (default)> = [0.]
                                                              employment_income<2025, (default)> = [0.]
                                                            self_employment_income<2025-06, (default)> = [0.]
                                                              self_employment_income<2025, (default)> = [0.]
                                                            sstb_self_employment_income<2025-06, (default)> = [0.]
                                                              sstb_self_employment_income<2025, (default)> = [0.]
                                                            dividend_income<2025-06, (default)> = [0.]
                                                              dividend_income<2025, (default)> = [0.]
                                                            interest_income<2025-06, (default)> = [0.]
                                                              interest_income<2025, (default)> = [0.]
                                                            rental_income<2025-06, (default)> = [0.]
                                                              rental_income<2025, (default)> = [0.]
                                                            pension_income<2025-06, (default)> = [0.]
                                                              pension_income<2025, (default)> = [0.]
                                                            alimony_income<2025-06, (default)> = [0.]
                                                              alimony_income<2025, (default)> = [0.]
                                                          hhs_smi<2025-06, (default)> = [4472.5635]
                                                            hhs_smi<2025, (default)> = [53670.76]
                                                        tx_ccs_asset_eligible<2025-06, (default)> = [ True]
                                                          TX<2025-06, (default)> = [ True]
                                                          spm_unit_assets<2025, (default)> = [0.]
                                                        tx_ccs_work_requirement_eligible<2025-06, (default)> = [False]
                                                          TX<2025-06, (default)> = [ True]
                                                          is_tax_unit_head_or_spouse<2025-06, (default)> = [ True]
                                                          tx_ccs_work_exempt<2025-06, (default)> = [False]
                                                          weekly_hours_worked<2025, (default)> = [0.]
                                                        tx_ccs_eligible_child<2025-06, (default)> = [False]
                                                          TX<2025-06, (default)> = [ True]
                                                          age<2025, (default)> = [40.]
                                                          is_disabled<2025-06, (default)> = [False]
                                                          is_tax_unit_dependent<2025-06, (default)> = [False]
                                                          is_citizen_or_legal_immigrant<2025, (default)> = [ True]
                                                    tx_ccs<2025-07, (default)> = [0.]
                                                      tx_ccs_eligible<2025-07, (default)> = [False]
                                                        TX<2025-07, (default)> = [ True]
                                                        tx_ccs_income_eligible<2025-07, (default)> = [ True]
                                                          TX<2025-07, (default)> = [ True]
                                                          tx_ccs_countable_income<2025-07, (default)> = [0.]
                                                            TX<2025-07, (default)> = [ True]
                                                            employment_income<2025-07, (default)> = [0.]
                                                              employment_income<2025, (default)> = [0.]
                                                            self_employment_income<2025-07, (default)> = [0.]
                                                              self_employment_income<2025, (default)> = [0.]
                                                            sstb_self_employment_income<2025-07, (default)> = [0.]
                                                              sstb_self_employment_income<2025, (default)> = [0.]
                                                            dividend_income<2025-07, (default)> = [0.]
                                                              dividend_income<2025, (default)> = [0.]
                                                            interest_income<2025-07, (default)> = [0.]
                                                              interest_income<2025, (default)> = [0.]
                                                            rental_income<2025-07, (default)> = [0.]
                                                              rental_income<2025, (default)> = [0.]
                                                            pension_income<2025-07, (default)> = [0.]
                                                              pension_income<2025, (default)> = [0.]
                                                            alimony_income<2025-07, (default)> = [0.]
                                                              alimony_income<2025, (default)> = [0.]
                                                          hhs_smi<2025-07, (default)> = [4472.5635]
                                                            hhs_smi<2025, (default)> = [53670.76]
                                                        tx_ccs_asset_eligible<2025-07, (default)> = [ True]
                                                          TX<2025-07, (default)> = [ True]
                                                          spm_unit_assets<2025, (default)> = [0.]
                                                        tx_ccs_work_requirement_eligible<2025-07, (default)> = [False]
                                                          TX<2025-07, (default)> = [ True]
                                                          is_tax_unit_head_or_spouse<2025-07, (default)> = [ True]
                                                          tx_ccs_work_exempt<2025-07, (default)> = [False]
                                                          weekly_hours_worked<2025, (default)> = [0.]
                                                        tx_ccs_eligible_child<2025-07, (default)> = [False]
                                                          TX<2025-07, (default)> = [ True]
                                                          age<2025, (default)> = [40.]
                                                          is_disabled<2025-07, (default)> = [False]
                                                          is_tax_unit_dependent<2025-07, (default)> = [False]
                                                          is_citizen_or_legal_immigrant<2025, (default)> = [ True]
                                                    tx_ccs<2025-08, (default)> = [0.]
                                                      tx_ccs_eligible<2025-08, (default)> = [False]
                                                        TX<2025-08, (default)> = [ True]
                                                        tx_ccs_income_eligible<2025-08, (default)> = [ True]
                                                          TX<2025-08, (default)> = [ True]
                                                          tx_ccs_countable_income<2025-08, (default)> = [0.]
                                                            TX<2025-08, (default)> = [ True]
                                                            employment_income<2025-08, (default)> = [0.]
                                                              employment_income<2025, (default)> = [0.]
                                                            self_employment_income<2025-08, (default)> = [0.]
                                                              self_employment_income<2025, (default)> = [0.]
                                                            sstb_self_employment_income<2025-08, (default)> = [0.]
                                                              sstb_self_employment_income<2025, (default)> = [0.]
                                                            dividend_income<2025-08, (default)> = [0.]
                                                              dividend_income<2025, (default)> = [0.]
                                                            interest_income<2025-08, (default)> = [0.]
                                                              interest_income<2025, (default)> = [0.]
                                                            rental_income<2025-08, (default)> = [0.]
                                                              rental_income<2025, (default)> = [0.]
                                                            pension_income<2025-08, (default)> = [0.]
                                                              pension_income<2025, (default)> = [0.]
                                                            alimony_income<2025-08, (default)> = [0.]
                                                              alimony_income<2025, (default)> = [0.]
                                                          hhs_smi<2025-08, (default)> = [4472.5635]
                                                            hhs_smi<2025, (default)> = [53670.76]
                                                        tx_ccs_asset_eligible<2025-08, (default)> = [ True]
                                                          TX<2025-08, (default)> = [ True]
                                                          spm_unit_assets<2025, (default)> = [0.]
                                                        tx_ccs_work_requirement_eligible<2025-08, (default)> = [False]
                                                          TX<2025-08, (default)> = [ True]
                                                          is_tax_unit_head_or_spouse<2025-08, (default)> = [ True]
                                                          tx_ccs_work_exempt<2025-08, (default)> = [False]
                                                          weekly_hours_worked<2025, (default)> = [0.]
                                                        tx_ccs_eligible_child<2025-08, (default)> = [False]
                                                          TX<2025-08, (default)> = [ True]
                                                          age<2025, (default)> = [40.]
                                                          is_disabled<2025-08, (default)> = [False]
                                                          is_tax_unit_dependent<2025-08, (default)> = [False]
                                                          is_citizen_or_legal_immigrant<2025, (default)> = [ True]
                                                    tx_ccs<2025-09, (default)> = [0.]
                                                      tx_ccs_eligible<2025-09, (default)> = [False]
                                                        TX<2025-09, (default)> = [ True]
                                                        tx_ccs_income_eligible<2025-09, (default)> = [ True]
                                                          TX<2025-09, (default)> = [ True]
                                                          tx_ccs_countable_income<2025-09, (default)> = [0.]
                                                            TX<2025-09, (default)> = [ True]
                                                            employment_income<2025-09, (default)> = [0.]
                                                              employment_income<2025, (default)> = [0.]
                                                            self_employment_income<2025-09, (default)> = [0.]
                                                              self_employment_income<2025, (default)> = [0.]
                                                            sstb_self_employment_income<2025-09, (default)> = [0.]
                                                              sstb_self_employment_income<2025, (default)> = [0.]
                                                            dividend_income<2025-09, (default)> = [0.]
                                                              dividend_income<2025, (default)> = [0.]
                                                            interest_income<2025-09, (default)> = [0.]
                                                              interest_income<2025, (default)> = [0.]
                                                            rental_income<2025-09, (default)> = [0.]
                                                              rental_income<2025, (default)> = [0.]
                                                            pension_income<2025-09, (default)> = [0.]
                                                              pension_income<2025, (default)> = [0.]
                                                            alimony_income<2025-09, (default)> = [0.]
                                                              alimony_income<2025, (default)> = [0.]
                                                          hhs_smi<2025-09, (default)> = [4472.5635]
                                                            hhs_smi<2025, (default)> = [53670.76]
                                                        tx_ccs_asset_eligible<2025-09, (default)> = [ True]
                                                          TX<2025-09, (default)> = [ True]
                                                          spm_unit_assets<2025, (default)> = [0.]
                                                        tx_ccs_work_requirement_eligible<2025-09, (default)> = [False]
                                                          TX<2025-09, (default)> = [ True]
                                                          is_tax_unit_head_or_spouse<2025-09, (default)> = [ True]
                                                          tx_ccs_work_exempt<2025-09, (default)> = [False]
                                                          weekly_hours_worked<2025, (default)> = [0.]
                                                        tx_ccs_eligible_child<2025-09, (default)> = [False]
                                                          TX<2025-09, (default)> = [ True]
                                                          age<2025, (default)> = [40.]
                                                          is_disabled<2025-09, (default)> = [False]
                                                          is_tax_unit_dependent<2025-09, (default)> = [False]
                                                          is_citizen_or_legal_immigrant<2025, (default)> = [ True]
                                                    tx_ccs<2025-10, (default)> = [0.]
                                                      tx_ccs_eligible<2025-10, (default)> = [False]
                                                        TX<2025-10, (default)> = [ True]
                                                        tx_ccs_income_eligible<2025-10, (default)> = [ True]
                                                          TX<2025-10, (default)> = [ True]
                                                          tx_ccs_countable_income<2025-10, (default)> = [0.]
                                                            TX<2025-10, (default)> = [ True]
                                                            employment_income<2025-10, (default)> = [0.]
                                                              employment_income<2025, (default)> = [0.]
                                                            self_employment_income<2025-10, (default)> = [0.]
                                                              self_employment_income<2025, (default)> = [0.]
                                                            sstb_self_employment_income<2025-10, (default)> = [0.]
                                                              sstb_self_employment_income<2025, (default)> = [0.]
                                                            dividend_income<2025-10, (default)> = [0.]
                                                              dividend_income<2025, (default)> = [0.]
                                                            interest_income<2025-10, (default)> = [0.]
                                                              interest_income<2025, (default)> = [0.]
                                                            rental_income<2025-10, (default)> = [0.]
                                                              rental_income<2025, (default)> = [0.]
                                                            pension_income<2025-10, (default)> = [0.]
                                                              pension_income<2025, (default)> = [0.]
                                                            alimony_income<2025-10, (default)> = [0.]
                                                              alimony_income<2025, (default)> = [0.]
                                                          hhs_smi<2025-10, (default)> = [4472.5635]
                                                            hhs_smi<2025, (default)> = [53670.76]
                                                        tx_ccs_asset_eligible<2025-10, (default)> = [ True]
                                                          TX<2025-10, (default)> = [ True]
                                                          spm_unit_assets<2025, (default)> = [0.]
                                                        tx_ccs_work_requirement_eligible<2025-10, (default)> = [False]
                                                          TX<2025-10, (default)> = [ True]
                                                          is_tax_unit_head_or_spouse<2025-10, (default)> = [ True]
                                                          tx_ccs_work_exempt<2025-10, (default)> = [False]
                                                          weekly_hours_worked<2025, (default)> = [0.]
                                                        tx_ccs_eligible_child<2025-10, (default)> = [False]
                                                          TX<2025-10, (default)> = [ True]
                                                          age<2025, (default)> = [40.]
                                                          is_disabled<2025-10, (default)> = [False]
                                                          is_tax_unit_dependent<2025-10, (default)> = [False]
                                                          is_citizen_or_legal_immigrant<2025, (default)> = [ True]
                                                    tx_ccs<2025-11, (default)> = [0.]
                                                      tx_ccs_eligible<2025-11, (default)> = [False]
                                                        TX<2025-11, (default)> = [ True]
                                                        tx_ccs_income_eligible<2025-11, (default)> = [ True]
                                                          TX<2025-11, (default)> = [ True]
                                                          tx_ccs_countable_income<2025-11, (default)> = [0.]
                                                            TX<2025-11, (default)> = [ True]
                                                            employment_income<2025-11, (default)> = [0.]
                                                              employment_income<2025, (default)> = [0.]
                                                            self_employment_income<2025-11, (default)> = [0.]
                                                              self_employment_income<2025, (default)> = [0.]
                                                            sstb_self_employment_income<2025-11, (default)> = [0.]
                                                              sstb_self_employment_income<2025, (default)> = [0.]
                                                            dividend_income<2025-11, (default)> = [0.]
                                                              dividend_income<2025, (default)> = [0.]
                                                            interest_income<2025-11, (default)> = [0.]
                                                              interest_income<2025, (default)> = [0.]
                                                            rental_income<2025-11, (default)> = [0.]
                                                              rental_income<2025, (default)> = [0.]
                                                            pension_income<2025-11, (default)> = [0.]
                                                              pension_income<2025, (default)> = [0.]
                                                            alimony_income<2025-11, (default)> = [0.]
                                                              alimony_income<2025, (default)> = [0.]
                                                          hhs_smi<2025-11, (default)> = [4472.5635]
                                                            hhs_smi<2025, (default)> = [53670.76]
                                                        tx_ccs_asset_eligible<2025-11, (default)> = [ True]
                                                          TX<2025-11, (default)> = [ True]
                                                          spm_unit_assets<2025, (default)> = [0.]
                                                        tx_ccs_work_requirement_eligible<2025-11, (default)> = [False]
                                                          TX<2025-11, (default)> = [ True]
                                                          is_tax_unit_head_or_spouse<2025-11, (default)> = [ True]
                                                          tx_ccs_work_exempt<2025-11, (default)> = [False]
                                                          weekly_hours_worked<2025, (default)> = [0.]
                                                        tx_ccs_eligible_child<2025-11, (default)> = [False]
                                                          TX<2025-11, (default)> = [ True]
                                                          age<2025, (default)> = [40.]
                                                          is_disabled<2025-11, (default)> = [False]
                                                          is_tax_unit_dependent<2025-11, (default)> = [False]
                                                          is_citizen_or_legal_immigrant<2025, (default)> = [ True]
                                                    tx_ccs<2025-12, (default)> = [0.]
                                                      tx_ccs_eligible<2025-12, (default)> = [False]
                                                        TX<2025-12, (default)> = [ True]
                                                        tx_ccs_income_eligible<2025-12, (default)> = [ True]
                                                          TX<2025-12, (default)> = [ True]
                                                          tx_ccs_countable_income<2025-12, (default)> = [0.]
                                                            TX<2025-12, (default)> = [ True]
                                                            employment_income<2025-12, (default)> = [0.]
                                                              employment_income<2025, (default)> = [0.]
                                                            self_employment_income<2025-12, (default)> = [0.]
                                                              self_employment_income<2025, (default)> = [0.]
                                                            sstb_self_employment_income<2025-12, (default)> = [0.]
                                                              sstb_self_employment_income<2025, (default)> = [0.]
                                                            dividend_income<2025-12, (default)> = [0.]
                                                              dividend_income<2025, (default)> = [0.]
                                                            interest_income<2025-12, (default)> = [0.]
                                                              interest_income<2025, (default)> = [0.]
                                                            rental_income<2025-12, (default)> = [0.]
                                                              rental_income<2025, (default)> = [0.]
                                                            pension_income<2025-12, (default)> = [0.]
                                                              pension_income<2025, (default)> = [0.]
                                                            alimony_income<2025-12, (default)> = [0.]
                                                              alimony_income<2025, (default)> = [0.]
                                                          hhs_smi<2025-12, (default)> = [4472.5635]
                                                            hhs_smi<2025, (default)> = [53670.76]
                                                        tx_ccs_asset_eligible<2025-12, (default)> = [ True]
                                                          TX<2025-12, (default)> = [ True]
                                                          spm_unit_assets<2025, (default)> = [0.]
                                                        tx_ccs_work_requirement_eligible<2025-12, (default)> = [False]
                                                          TX<2025-12, (default)> = [ True]
                                                          is_tax_unit_head_or_spouse<2025-12, (default)> = [ True]
                                                          tx_ccs_work_exempt<2025-12, (default)> = [False]
                                                          weekly_hours_worked<2025, (default)> = [0.]
                                                        tx_ccs_eligible_child<2025-12, (default)> = [False]
                                                          TX<2025-12, (default)> = [ True]
                                                          age<2025, (default)> = [40.]
                                                          is_disabled<2025-12, (default)> = [False]
                                                          is_tax_unit_dependent<2025-12, (default)> = [False]
                                                          is_citizen_or_legal_immigrant<2025, (default)> = [ True]
                                                ny_child_care_subsidies<2025, (default)> = [0.]
                                                  NY<2025, (default)> = [False]
                                          care_expenses<2025-01, (default)> = [0.]
                                            care_expenses<2025, (default)> = [0.]
                                              pre_subsidy_care_expenses<2025, (default)> = [0.]
                                          is_tax_unit_dependent<2025-01, (default)> = [False]
                                          is_incapable_of_self_care<2025-01, (default)> = [False]
                                          monthly_age<2025-01, (default)> = [40.]
                                        tx_tanf_countable_unearned_income<2025-01, (default)> = [0.]
                                          TX<2025-01, (default)> = [ True]
                                          tx_tanf_gross_unearned_income<2025-01, (default)> = [0.]
                                            TX<2025-01, (default)> = [ True]
                                            social_security<2025-01, (default)> = [0.]
                                              social_security<2025, (default)> = [0.]
                                            survivor_benefits<2025-01, (default)> = [0.]
                                              survivor_benefits<2025, (default)> = [0.]
                                            disability_benefits<2025-01, (default)> = [0.]
                                              disability_benefits<2025, (default)> = [0.]
                                            workers_compensation<2025-01, (default)> = [0.]
                                              workers_compensation<2025, (default)> = [0.]
                                            unemployment_compensation<2025-01, (default)> = [0.]
                                              unemployment_compensation<2025, (default)> = [0.]
                                            veterans_benefits<2025-01, (default)> = [0.]
                                              veterans_benefits<2025, (default)> = [0.]
                                            pension_income<2025-01, (default)> = [0.]
                                            military_retirement_pay<2025-01, (default)> = [0.]
                                              military_retirement_pay<2025, (default)> = [0.]
                                            retirement_distributions<2025-01, (default)> = [0.]
                                              retirement_distributions<2025, (default)> = [0.]
                                                taxable_retirement_distributions<2025, (default)> = [0.]
                                                tax_exempt_retirement_distributions<2025, (default)> = [0.]
                                            railroad_benefits<2025-01, (default)> = [0.]
                                              railroad_benefits<2025, (default)> = [0.]
                                            alimony_income<2025-01, (default)> = [0.]
                                            dividend_income<2025-01, (default)> = [0.]
                                            interest_income<2025-01, (default)> = [0.]
                                            rental_income<2025-01, (default)> = [0.]
                                            farm_rent_income<2025-01, (default)> = [0.]
                                              farm_rent_income<2025, (default)> = [0.]
                                            estate_income<2025-01, (default)> = [0.]
                                              estate_income<2025, (default)> = [0.]
                                            gambling_winnings<2025-01, (default)> = [0.]
                                              gambling_winnings<2025, (default)> = [0.]
                                            strike_benefits<2025-01, (default)> = [0.]
                                              strike_benefits<2025, (default)> = [0.]
                                            miscellaneous_income<2025-01, (default)> = [0.]
                                              miscellaneous_income<2025, (default)> = [0.]
                                            financial_assistance<2025-01, (default)> = [0.]
                                              financial_assistance<2025, (default)> = [0.]
                                            gi_cash_assistance<2025-01, (default)> = [0.]
                                              gi_cash_assistance<2025, (default)> = [0.]
                                            general_assistance<2025-01, (default)> = [0.]
                                              general_assistance<2025, (default)> = [0.]
                                            child_support_received<2025-01, (default)> = [0.]
                                              child_support_received<2025, (default)> = [0.]
                                          tx_tanf_child_support_deduction<2025-01, (default)> = [0.]
                                            TX<2025-01, (default)> = [ True]
                                            child_support_received<2025-01, (default)> = [0.]
                                    tx_tanf_recognizable_needs_test<2025-01, (default)> = [ True]
                                      TX<2025-01, (default)> = [ True]
                                      tx_tanf_budgetary_needs<2025-01, (default)> = [256.]
                                      tx_tanf_countable_income<2025-01, (default)> = [0.]
                                        TX<2025-01, (default)> = [ True]
                                        tx_tanf_countable_earned_income<2025-01, (default)> = [0.]
                                          TX<2025-01, (default)> = [ True]
                                          tx_tanf_earned_income_after_disregard_person<2025-01, (default)> = [0.]
                                            TX<2025-01, (default)> = [ True]
                                            tx_tanf_gross_earned_income<2025-01, (default)> = [0.]
                                            is_tanf_enrolled<2025-01, (default)> = [False]
                                          tx_tanf_dependent_care_deduction<2025-01, (default)> = [0.]
                                        tx_tanf_countable_unearned_income<2025-01, (default)> = [0.]
                                  tx_tanf_resources_eligible<2025-01, (default)> = [ True]
                                    TX<2025-01, (default)> = [ True]
                                    tx_tanf_countable_resources<2025-01, (default)> = [0.]
                                      TX<2025-01, (default)> = [ True]
                                      spm_unit_cash_assets<2025, (default)> = [0.]
                                        bank_account_assets<2025, (default)> = [0.]
                                        stock_assets<2025, (default)> = [0.]
                                        bond_assets<2025, (default)> = [0.]
                                      household_vehicles_value<2025, (default)> = [0.]
                              tx_ottanf<2025-01, (default)> = [0.]
                                tx_ottanf_eligible<2025-01, (default)> = [False]
                                  TX<2025-01, (default)> = [ True]
                                  tx_tanf_eligible<2025-01, (default)> = [False]
                                  tx_tanf_payment_standard<2025-01, (default)> = [126.]
                                    TX<2025-01, (default)> = [ True]
                                    tx_tanf_assistance_unit_size<2025-01, (default)> = [1]
                                    tx_tanf_caretaker_type<2025-01, (default)> = ['NON_CARETAKER']
                                  tx_tanf_countable_income<2025-01, (default)> = [0.]
                                  tx_ottanf_crisis_criteria<2025-01, (default)> = [False]
                                    TX<2025-01, (default)> = [ True]
                            tx_tanf<2025-02, (default)> = [0.]
                              TX<2025-02, (default)> = [ True]
                              tx_regular_tanf<2025-02, (default)> = [0.]
                                tx_tanf_eligible<2025-02, (default)> = [False]
                                  TX<2025-02, (default)> = [ True]
                                  tx_tanf_eligible_child<2025-02, (default)> = [False]
                                    TX<2025-02, (default)> = [ True]
                                    tx_tanf_age_eligible_child<2025-02, (default)> = [False]
                                      TX<2025-02, (default)> = [ True]
                                      monthly_age<2025-02, (default)> = [40.]
                                        age<2025-02, (default)> = [3.3333333]
                                          age<2025, (default)> = [40.]
                                      is_tax_unit_dependent<2025-02, (default)> = [False]
                                      is_full_time_student<2025-02, (default)> = [False]
                                    tx_tanf_categorically_eligible_person<2025-02, (default)> = [ True]
                                      TX<2025-02, (default)> = [ True]
                                      is_citizen_or_legal_immigrant<2025, (default)> = [ True]
                                      ssi<2025-02, (default)> = [0.]
                                        takes_up_ssi_if_eligible<2025-02, (default)> = [ True]
                                        ssi_if_takes_up<2025-02, (default)> = [0.]
                                          uncapped_ssi<2025-02, (default)> = [0.]
                                            is_ssi_eligible<2025-02, (default)> = [False]
                                              is_ssi_aged_blind_disabled<2025-02, (default)> = [False]
                                              meets_ssi_resource_test<2025-02, (default)> = [ True]
                                                ssi_claim_is_joint<2025-02, (default)> = [False]
                                                ssi_countable_resources<2025-02, (default)> = [0.]
                                              is_ssi_qualified_noncitizen<2025-02, (default)> = [False]
                                              immigration_status<2025-02, (default)> = ['CITIZEN']
                                          is_ssi_spousal_deeming_applies<2025, (default)> = [False]
                                      receives_ssi<2025-02, (default)> = [False]
                                  tx_tanf_income_eligible<2025-02, (default)> = [ True]
                                    TX<2025-02, (default)> = [ True]
                                    is_tanf_enrolled<2025-02, (default)> = [False]
                                      receives_tanf<2025-02, (default)> = [False]
                                    tx_tanf_budgetary_needs_test<2025-02, (default)> = [ True]
                                      TX<2025-02, (default)> = [ True]
                                      tx_tanf_budgetary_needs<2025-02, (default)> = [256.]
                                        TX<2025-02, (default)> = [ True]
                                        tx_tanf_assistance_unit_size<2025-02, (default)> = [1]
                                          TX<2025-02, (default)> = [ True]
                                          tx_tanf_eligible_child<2025-02, (default)> = [False]
                                          tx_tanf_eligible_parent<2025-02, (default)> = [ True]
                                            TX<2025-02, (default)> = [ True]
                                            is_tax_unit_head_or_spouse<2025-02, (default)> = [ True]
                                            tx_tanf_categorically_eligible_person<2025-02, (default)> = [ True]
                                        tx_tanf_caretaker_type<2025-02, (default)> = ['NON_CARETAKER']
                                          TX<2025-02, (default)> = [ True]
                                          tx_tanf_eligible_parent<2025-02, (default)> = [ True]
                                          tx_tanf_eligible_child<2025-02, (default)> = [False]
                                      tx_tanf_income_for_budgetary_needs_test<2025-02, (default)> = [0.]
                                        TX<2025-02, (default)> = [ True]
                                        tx_tanf_gross_earned_income<2025-02, (default)> = [0.]
                                          TX<2025-02, (default)> = [ True]
                                          employment_income<2025-02, (default)> = [0.]
                                          self_employment_income<2025-02, (default)> = [0.]
                                          sstb_self_employment_income<2025-02, (default)> = [0.]
                                        tx_tanf_dependent_care_deduction<2025-02, (default)> = [0.]
                                          TX<2025-02, (default)> = [ True]
                                          childcare_expenses<2025-02, (default)> = [0.]
                                            childcare_expenses<2025, (default)> = [0.]
                                          care_expenses<2025-02, (default)> = [0.]
                                            care_expenses<2025, (default)> = [0.]
                                          is_tax_unit_dependent<2025-02, (default)> = [False]
                                          is_incapable_of_self_care<2025-02, (default)> = [False]
                                          monthly_age<2025-02, (default)> = [40.]
                                        tx_tanf_countable_unearned_income<2025-02, (default)> = [0.]
                                          TX<2025-02, (default)> = [ True]
                                          tx_tanf_gross_unearned_income<2025-02, (default)> = [0.]
                                            TX<2025-02, (default)> = [ True]
                                            social_security<2025-02, (default)> = [0.]
                                              social_security<2025, (default)> = [0.]
                                            survivor_benefits<2025-02, (default)> = [0.]
                                              survivor_benefits<2025, (default)> = [0.]
                                            disability_benefits<2025-02, (default)> = [0.]
                                              disability_benefits<2025, (default)> = [0.]
                                            workers_compensation<2025-02, (default)> = [0.]
                                              workers_compensation<2025, (default)> = [0.]
                                            unemployment_compensation<2025-02, (default)> = [0.]
                                              unemployment_compensation<2025, (default)> = [0.]
                                            veterans_benefits<2025-02, (default)> = [0.]
                                              veterans_benefits<2025, (default)> = [0.]
                                            pension_income<2025-02, (default)> = [0.]
                                            military_retirement_pay<2025-02, (default)> = [0.]
                                              military_retirement_pay<2025, (default)> = [0.]
                                            retirement_distributions<2025-02, (default)> = [0.]
                                              retirement_distributions<2025, (default)> = [0.]
                                            railroad_benefits<2025-02, (default)> = [0.]
                                              railroad_benefits<2025, (default)> = [0.]
                                            alimony_income<2025-02, (default)> = [0.]
                                            dividend_income<2025-02, (default)> = [0.]
                                            interest_income<2025-02, (default)> = [0.]
                                            rental_income<2025-02, (default)> = [0.]
                                            farm_rent_income<2025-02, (default)> = [0.]
                                              farm_rent_income<2025, (default)> = [0.]
                                            estate_income<2025-02, (default)> = [0.]
                                              estate_income<2025, (default)> = [0.]
                                            gambling_winnings<2025-02, (default)> = [0.]
                                              gambling_winnings<2025, (default)> = [0.]
                                            strike_benefits<2025-02, (default)> = [0.]
                                              strike_benefits<2025, (default)> = [0.]
                                            miscellaneous_income<2025-02, (default)> = [0.]
                                              miscellaneous_income<2025, (default)> = [0.]
                                            financial_assistance<2025-02, (default)> = [0.]
                                              financial_assistance<2025, (default)> = [0.]
                                            gi_cash_assistance<2025-02, (default)> = [0.]
                                              gi_cash_assistance<2025, (default)> = [0.]
                                            general_assistance<2025-02, (default)> = [0.]
                                              general_assistance<2025, (default)> = [0.]
                                            child_support_received<2025-02, (default)> = [0.]
                                              child_support_received<2025, (default)> = [0.]
                                          tx_tanf_child_support_deduction<2025-02, (default)> = [0.]
                                            TX<2025-02, (default)> = [ True]
                                            child_support_received<2025-02, (default)> = [0.]
                                    tx_tanf_recognizable_needs_test<2025-02, (default)> = [ True]
                                      TX<2025-02, (default)> = [ True]
                                      tx_tanf_budgetary_needs<2025-02, (default)> = [256.]
                                      tx_tanf_countable_income<2025-02, (default)> = [0.]
                                        TX<2025-02, (default)> = [ True]
                                        tx_tanf_countable_earned_income<2025-02, (default)> = [0.]
                                          TX<2025-02, (default)> = [ True]
                                          tx_tanf_earned_income_after_disregard_person<2025-02, (default)> = [0.]
                                            TX<2025-02, (default)> = [ True]
                                            tx_tanf_gross_earned_income<2025-02, (default)> = [0.]
                                            is_tanf_enrolled<2025-02, (default)> = [False]
                                          tx_tanf_dependent_care_deduction<2025-02, (default)> = [0.]
                                        tx_tanf_countable_unearned_income<2025-02, (default)> = [0.]
                                  tx_tanf_resources_eligible<2025-02, (default)> = [ True]
                                    TX<2025-02, (default)> = [ True]
                                    tx_tanf_countable_resources<2025-02, (default)> = [0.]
                                      TX<2025-02, (default)> = [ True]
                                      spm_unit_cash_assets<2025, (default)> = [0.]
                                      household_vehicles_value<2025, (default)> = [0.]
                              tx_ottanf<2025-02, (default)> = [0.]
                                tx_ottanf_eligible<2025-02, (default)> = [False]
                                  TX<2025-02, (default)> = [ True]
                                  tx_tanf_eligible<2025-02, (default)> = [False]
                                  tx_tanf_payment_standard<2025-02, (default)> = [126.]
                                    TX<2025-02, (default)> = [ True]
                                    tx_tanf_assistance_unit_size<2025-02, (default)> = [1]
                                    tx_tanf_caretaker_type<2025-02, (default)> = ['NON_CARETAKER']
                                  tx_tanf_countable_income<2025-02, (default)> = [0.]
                                  tx_ottanf_crisis_criteria<2025-02, (default)> = [False]
                                    TX<2025-02, (default)> = [ True]
                            tx_tanf<2025-03, (default)> = [0.]
                              TX<2025-03, (default)> = [ True]
                              tx_regular_tanf<2025-03, (default)> = [0.]
                                tx_tanf_eligible<2025-03, (default)> = [False]
                                  TX<2025-03, (default)> = [ True]
                                  tx_tanf_eligible_child<2025-03, (default)> = [False]
                                    TX<2025-03, (default)> = [ True]
                                    tx_tanf_age_eligible_child<2025-03, (default)> = [False]
                                      TX<2025-03, (default)> = [ True]
                                      monthly_age<2025-03, (default)> = [40.]
                                        age<2025-03, (default)> = [3.3333333]
                                          age<2025, (default)> = [40.]
                                      is_tax_unit_dependent<2025-03, (default)> = [False]
                                      is_full_time_student<2025-03, (default)> = [False]
                                    tx_tanf_categorically_eligible_person<2025-03, (default)> = [ True]
                                      TX<2025-03, (default)> = [ True]
                                      is_citizen_or_legal_immigrant<2025, (default)> = [ True]
                                      ssi<2025-03, (default)> = [0.]
                                        takes_up_ssi_if_eligible<2025-03, (default)> = [ True]
                                        ssi_if_takes_up<2025-03, (default)> = [0.]
                                          uncapped_ssi<2025-03, (default)> = [0.]
                                            is_ssi_eligible<2025-03, (default)> = [False]
                                              is_ssi_aged_blind_disabled<2025-03, (default)> = [False]
                                              meets_ssi_resource_test<2025-03, (default)> = [ True]
                                                ssi_claim_is_joint<2025-03, (default)> = [False]
                                                ssi_countable_resources<2025-03, (default)> = [0.]
                                              is_ssi_qualified_noncitizen<2025-03, (default)> = [False]
                                              immigration_status<2025-03, (default)> = ['CITIZEN']
                                          is_ssi_spousal_deeming_applies<2025, (default)> = [False]
                                      receives_ssi<2025-03, (default)> = [False]
                                  tx_tanf_income_eligible<2025-03, (default)> = [ True]
                                    TX<2025-03, (default)> = [ True]
                                    is_tanf_enrolled<2025-03, (default)> = [False]
                                      receives_tanf<2025-03, (default)> = [False]
                                    tx_tanf_budgetary_needs_test<2025-03, (default)> = [ True]
                                      TX<2025-03, (default)> = [ True]
                                      tx_tanf_budgetary_needs<2025-03, (default)> = [256.]
                                        TX<2025-03, (default)> = [ True]
                                        tx_tanf_assistance_unit_size<2025-03, (default)> = [1]
                                          TX<2025-03, (default)> = [ True]
                                          tx_tanf_eligible_child<2025-03, (default)> = [False]
                                          tx_tanf_eligible_parent<2025-03, (default)> = [ True]
                                            TX<2025-03, (default)> = [ True]
                                            is_tax_unit_head_or_spouse<2025-03, (default)> = [ True]
                                            tx_tanf_categorically_eligible_person<2025-03, (default)> = [ True]
                                        tx_tanf_caretaker_type<2025-03, (default)> = ['NON_CARETAKER']
                                          TX<2025-03, (default)> = [ True]
                                          tx_tanf_eligible_parent<2025-03, (default)> = [ True]
                                          tx_tanf_eligible_child<2025-03, (default)> = [False]
                                      tx_tanf_income_for_budgetary_needs_test<2025-03, (default)> = [0.]
                                        TX<2025-03, (default)> = [ True]
                                        tx_tanf_gross_earned_income<2025-03, (default)> = [0.]
                                          TX<2025-03, (default)> = [ True]
                                          employment_income<2025-03, (default)> = [0.]
                                          self_employment_income<2025-03, (default)> = [0.]
                                          sstb_self_employment_income<2025-03, (default)> = [0.]
                                        tx_tanf_dependent_care_deduction<2025-03, (default)> = [0.]
                                          TX<2025-03, (default)> = [ True]
                                          childcare_expenses<2025-03, (default)> = [0.]
                                            childcare_expenses<2025, (default)> = [0.]
                                          care_expenses<2025-03, (default)> = [0.]
                                            care_expenses<2025, (default)> = [0.]
                                          is_tax_unit_dependent<2025-03, (default)> = [False]
                                          is_incapable_of_self_care<2025-03, (default)> = [False]
                                          monthly_age<2025-03, (default)> = [40.]
                                        tx_tanf_countable_unearned_income<2025-03, (default)> = [0.]
                                          TX<2025-03, (default)> = [ True]
                                          tx_tanf_gross_unearned_income<2025-03, (default)> = [0.]
                                            TX<2025-03, (default)> = [ True]
                                            social_security<2025-03, (default)> = [0.]
                                              social_security<2025, (default)> = [0.]
                                            survivor_benefits<2025-03, (default)> = [0.]
                                              survivor_benefits<2025, (default)> = [0.]
                                            disability_benefits<2025-03, (default)> = [0.]
                                              disability_benefits<2025, (default)> = [0.]
                                            workers_compensation<2025-03, (default)> = [0.]
                                              workers_compensation<2025, (default)> = [0.]
                                            unemployment_compensation<2025-03, (default)> = [0.]
                                              unemployment_compensation<2025, (default)> = [0.]
                                            veterans_benefits<2025-03, (default)> = [0.]
                                              veterans_benefits<2025, (default)> = [0.]
                                            pension_income<2025-03, (default)> = [0.]
                                            military_retirement_pay<2025-03, (default)> = [0.]
                                              military_retirement_pay<2025, (default)> = [0.]
                                            retirement_distributions<2025-03, (default)> = [0.]
                                              retirement_distributions<2025, (default)> = [0.]
                                            railroad_benefits<2025-03, (default)> = [0.]
                                              railroad_benefits<2025, (default)> = [0.]
                                            alimony_income<2025-03, (default)> = [0.]
                                            dividend_income<2025-03, (default)> = [0.]
                                            interest_income<2025-03, (default)> = [0.]
                                            rental_income<2025-03, (default)> = [0.]
                                            farm_rent_income<2025-03, (default)> = [0.]
                                              farm_rent_income<2025, (default)> = [0.]
                                            estate_income<2025-03, (default)> = [0.]
                                              estate_income<2025, (default)> = [0.]
                                            gambling_winnings<2025-03, (default)> = [0.]
                                              gambling_winnings<2025, (default)> = [0.]
                                            strike_benefits<2025-03, (default)> = [0.]
                                              strike_benefits<2025, (default)> = [0.]
                                            miscellaneous_income<2025-03, (default)> = [0.]
                                              miscellaneous_income<2025, (default)> = [0.]
                                            financial_assistance<2025-03, (default)> = [0.]
                                              financial_assistance<2025, (default)> = [0.]
                                            gi_cash_assistance<2025-03, (default)> = [0.]
                                              gi_cash_assistance<2025, (default)> = [0.]
                                            general_assistance<2025-03, (default)> = [0.]
                                              general_assistance<2025, (default)> = [0.]
                                            child_support_received<2025-03, (default)> = [0.]
                                              child_support_received<2025, (default)> = [0.]
                                          tx_tanf_child_support_deduction<2025-03, (default)> = [0.]
                                            TX<2025-03, (default)> = [ True]
                                            child_support_received<2025-03, (default)> = [0.]
                                    tx_tanf_recognizable_needs_test<2025-03, (default)> = [ True]
                                      TX<2025-03, (default)> = [ True]
                                      tx_tanf_budgetary_needs<2025-03, (default)> = [256.]
                                      tx_tanf_countable_income<2025-03, (default)> = [0.]
                                        TX<2025-03, (default)> = [ True]
                                        tx_tanf_countable_earned_income<2025-03, (default)> = [0.]
                                          TX<2025-03, (default)> = [ True]
                                          tx_tanf_earned_income_after_disregard_person<2025-03, (default)> = [0.]
                                            TX<2025-03, (default)> = [ True]
                                            tx_tanf_gross_earned_income<2025-03, (default)> = [0.]
                                            is_tanf_enrolled<2025-03, (default)> = [False]
                                          tx_tanf_dependent_care_deduction<2025-03, (default)> = [0.]
                                        tx_tanf_countable_unearned_income<2025-03, (default)> = [0.]
                                  tx_tanf_resources_eligible<2025-03, (default)> = [ True]
                                    TX<2025-03, (default)> = [ True]
                                    tx_tanf_countable_resources<2025-03, (default)> = [0.]
                                      TX<2025-03, (default)> = [ True]
                                      spm_unit_cash_assets<2025, (default)> = [0.]
                                      household_vehicles_value<2025, (default)> = [0.]
                              tx_ottanf<2025-03, (default)> = [0.]
                                tx_ottanf_eligible<2025-03, (default)> = [False]
                                  TX<2025-03, (default)> = [ True]
                                  tx_tanf_eligible<2025-03, (default)> = [False]
                                  tx_tanf_payment_standard<2025-03, (default)> = [126.]
                                    TX<2025-03, (default)> = [ True]
                                    tx_tanf_assistance_unit_size<2025-03, (default)> = [1]
                                    tx_tanf_caretaker_type<2025-03, (default)> = ['NON_CARETAKER']
                                  tx_tanf_countable_income<2025-03, (default)> = [0.]
                                  tx_ottanf_crisis_criteria<2025-03, (default)> = [False]
                                    TX<2025-03, (default)> = [ True]
                            tx_tanf<2025-04, (default)> = [0.]
                              TX<2025-04, (default)> = [ True]
                              tx_regular_tanf<2025-04, (default)> = [0.]
                                tx_tanf_eligible<2025-04, (default)> = [False]
                                  TX<2025-04, (default)> = [ True]
                                  tx_tanf_eligible_child<2025-04, (default)> = [False]
                                    TX<2025-04, (default)> = [ True]
                                    tx_tanf_age_eligible_child<2025-04, (default)> = [False]
                                      TX<2025-04, (default)> = [ True]
                                      monthly_age<2025-04, (default)> = [40.]
                                        age<2025-04, (default)> = [3.3333333]
                                          age<2025, (default)> = [40.]
                                      is_tax_unit_dependent<2025-04, (default)> = [False]
                                      is_full_time_student<2025-04, (default)> = [False]
                                    tx_tanf_categorically_eligible_person<2025-04, (default)> = [ True]
                                      TX<2025-04, (default)> = [ True]
                                      is_citizen_or_legal_immigrant<2025, (default)> = [ True]
                                      ssi<2025-04, (default)> = [0.]
                                        takes_up_ssi_if_eligible<2025-04, (default)> = [ True]
                                        ssi_if_takes_up<2025-04, (default)> = [0.]
                                          uncapped_ssi<2025-04, (default)> = [0.]
                                            is_ssi_eligible<2025-04, (default)> = [False]
                                              is_ssi_aged_blind_disabled<2025-04, (default)> = [False]
                                              meets_ssi_resource_test<2025-04, (default)> = [ True]
                                                ssi_claim_is_joint<2025-04, (default)> = [False]
                                                ssi_countable_resources<2025-04, (default)> = [0.]
                                              is_ssi_qualified_noncitizen<2025-04, (default)> = [False]
                                              immigration_status<2025-04, (default)> = ['CITIZEN']
                                          is_ssi_spousal_deeming_applies<2025, (default)> = [False]
                                      receives_ssi<2025-04, (default)> = [False]
                                  tx_tanf_income_eligible<2025-04, (default)> = [ True]
                                    TX<2025-04, (default)> = [ True]
                                    is_tanf_enrolled<2025-04, (default)> = [False]
                                      receives_tanf<2025-04, (default)> = [False]
                                    tx_tanf_budgetary_needs_test<2025-04, (default)> = [ True]
                                      TX<2025-04, (default)> = [ True]
                                      tx_tanf_budgetary_needs<2025-04, (default)> = [256.]
                                        TX<2025-04, (default)> = [ True]
                                        tx_tanf_assistance_unit_size<2025-04, (default)> = [1]
                                          TX<2025-04, (default)> = [ True]
                                          tx_tanf_eligible_child<2025-04, (default)> = [False]
                                          tx_tanf_eligible_parent<2025-04, (default)> = [ True]
                                            TX<2025-04, (default)> = [ True]
                                            is_tax_unit_head_or_spouse<2025-04, (default)> = [ True]
                                            tx_tanf_categorically_eligible_person<2025-04, (default)> = [ True]
                                        tx_tanf_caretaker_type<2025-04, (default)> = ['NON_CARETAKER']
                                          TX<2025-04, (default)> = [ True]
                                          tx_tanf_eligible_parent<2025-04, (default)> = [ True]
                                          tx_tanf_eligible_child<2025-04, (default)> = [False]
                                      tx_tanf_income_for_budgetary_needs_test<2025-04, (default)> = [0.]
                                        TX<2025-04, (default)> = [ True]
                                        tx_tanf_gross_earned_income<2025-04, (default)> = [0.]
                                          TX<2025-04, (default)> = [ True]
                                          employment_income<2025-04, (default)> = [0.]
                                          self_employment_income<2025-04, (default)> = [0.]
                                          sstb_self_employment_income<2025-04, (default)> = [0.]
                                        tx_tanf_dependent_care_deduction<2025-04, (default)> = [0.]
                                          TX<2025-04, (default)> = [ True]
                                          childcare_expenses<2025-04, (default)> = [0.]
                                            childcare_expenses<2025, (default)> = [0.]
                                          care_expenses<2025-04, (default)> = [0.]
                                            care_expenses<2025, (default)> = [0.]
                                          is_tax_unit_dependent<2025-04, (default)> = [False]
                                          is_incapable_of_self_care<2025-04, (default)> = [False]
                                          monthly_age<2025-04, (default)> = [40.]
                                        tx_tanf_countable_unearned_income<2025-04, (default)> = [0.]
                                          TX<2025-04, (default)> = [ True]
                                          tx_tanf_gross_unearned_income<2025-04, (default)> = [0.]
                                            TX<2025-04, (default)> = [ True]
                                            social_security<2025-04, (default)> = [0.]
                                              social_security<2025, (default)> = [0.]
                                            survivor_benefits<2025-04, (default)> = [0.]
                                              survivor_benefits<2025, (default)> = [0.]
                                            disability_benefits<2025-04, (default)> = [0.]
                                              disability_benefits<2025, (default)> = [0.]
                                            workers_compensation<2025-04, (default)> = [0.]
                                              workers_compensation<2025, (default)> = [0.]
                                            unemployment_compensation<2025-04, (default)> = [0.]
                                              unemployment_compensation<2025, (default)> = [0.]
                                            veterans_benefits<2025-04, (default)> = [0.]
                                              veterans_benefits<2025, (default)> = [0.]
                                            pension_income<2025-04, (default)> = [0.]
                                            military_retirement_pay<2025-04, (default)> = [0.]
                                              military_retirement_pay<2025, (default)> = [0.]
                                            retirement_distributions<2025-04, (default)> = [0.]
                                              retirement_distributions<2025, (default)> = [0.]
                                            railroad_benefits<2025-04, (default)> = [0.]
                                              railroad_benefits<2025, (default)> = [0.]
                                            alimony_income<2025-04, (default)> = [0.]
                                            dividend_income<2025-04, (default)> = [0.]
                                            interest_income<2025-04, (default)> = [0.]
                                            rental_income<2025-04, (default)> = [0.]
                                            farm_rent_income<2025-04, (default)> = [0.]
                                              farm_rent_income<2025, (default)> = [0.]
                                            estate_income<2025-04, (default)> = [0.]
                                              estate_income<2025, (default)> = [0.]
                                            gambling_winnings<2025-04, (default)> = [0.]
                                              gambling_winnings<2025, (default)> = [0.]
                                            strike_benefits<2025-04, (default)> = [0.]
                                              strike_benefits<2025, (default)> = [0.]
                                            miscellaneous_income<2025-04, (default)> = [0.]
                                              miscellaneous_income<2025, (default)> = [0.]
                                            financial_assistance<2025-04, (default)> = [0.]
                                              financial_assistance<2025, (default)> = [0.]
                                            gi_cash_assistance<2025-04, (default)> = [0.]
                                              gi_cash_assistance<2025, (default)> = [0.]
                                            general_assistance<2025-04, (default)> = [0.]
                                              general_assistance<2025, (default)> = [0.]
                                            child_support_received<2025-04, (default)> = [0.]
                                              child_support_received<2025, (default)> = [0.]
                                          tx_tanf_child_support_deduction<2025-04, (default)> = [0.]
                                            TX<2025-04, (default)> = [ True]
                                            child_support_received<2025-04, (default)> = [0.]
                                    tx_tanf_recognizable_needs_test<2025-04, (default)> = [ True]
                                      TX<2025-04, (default)> = [ True]
                                      tx_tanf_budgetary_needs<2025-04, (default)> = [256.]
                                      tx_tanf_countable_income<2025-04, (default)> = [0.]
                                        TX<2025-04, (default)> = [ True]
                                        tx_tanf_countable_earned_income<2025-04, (default)> = [0.]
                                          TX<2025-04, (default)> = [ True]
                                          tx_tanf_earned_income_after_disregard_person<2025-04, (default)> = [0.]
                                            TX<2025-04, (default)> = [ True]
                                            tx_tanf_gross_earned_income<2025-04, (default)> = [0.]
                                            is_tanf_enrolled<2025-04, (default)> = [False]
                                          tx_tanf_dependent_care_deduction<2025-04, (default)> = [0.]
                                        tx_tanf_countable_unearned_income<2025-04, (default)> = [0.]
                                  tx_tanf_resources_eligible<2025-04, (default)> = [ True]
                                    TX<2025-04, (default)> = [ True]
                                    tx_tanf_countable_resources<2025-04, (default)> = [0.]
                                      TX<2025-04, (default)> = [ True]
                                      spm_unit_cash_assets<2025, (default)> = [0.]
                                      household_vehicles_value<2025, (default)> = [0.]
                              tx_ottanf<2025-04, (default)> = [0.]
                                tx_ottanf_eligible<2025-04, (default)> = [False]
                                  TX<2025-04, (default)> = [ True]
                                  tx_tanf_eligible<2025-04, (default)> = [False]
                                  tx_tanf_payment_standard<2025-04, (default)> = [126.]
                                    TX<2025-04, (default)> = [ True]
                                    tx_tanf_assistance_unit_size<2025-04, (default)> = [1]
                                    tx_tanf_caretaker_type<2025-04, (default)> = ['NON_CARETAKER']
                                  tx_tanf_countable_income<2025-04, (default)> = [0.]
                                  tx_ottanf_crisis_criteria<2025-04, (default)> = [False]
                                    TX<2025-04, (default)> = [ True]
                            tx_tanf<2025-05, (default)> = [0.]
                              TX<2025-05, (default)> = [ True]
                              tx_regular_tanf<2025-05, (default)> = [0.]
                                tx_tanf_eligible<2025-05, (default)> = [False]
                                  TX<2025-05, (default)> = [ True]
                                  tx_tanf_eligible_child<2025-05, (default)> = [False]
                                    TX<2025-05, (default)> = [ True]
                                    tx_tanf_age_eligible_child<2025-05, (default)> = [False]
                                      TX<2025-05, (default)> = [ True]
                                      monthly_age<2025-05, (default)> = [40.]
                                        age<2025-05, (default)> = [3.3333333]
                                          age<2025, (default)> = [40.]
                                      is_tax_unit_dependent<2025-05, (default)> = [False]
                                      is_full_time_student<2025-05, (default)> = [False]
                                    tx_tanf_categorically_eligible_person<2025-05, (default)> = [ True]
                                      TX<2025-05, (default)> = [ True]
                                      is_citizen_or_legal_immigrant<2025, (default)> = [ True]
                                      ssi<2025-05, (default)> = [0.]
                                        takes_up_ssi_if_eligible<2025-05, (default)> = [ True]
                                        ssi_if_takes_up<2025-05, (default)> = [0.]
                                          uncapped_ssi<2025-05, (default)> = [0.]
                                            is_ssi_eligible<2025-05, (default)> = [False]
                                              is_ssi_aged_blind_disabled<2025-05, (default)> = [False]
                                              meets_ssi_resource_test<2025-05, (default)> = [ True]
                                                ssi_claim_is_joint<2025-05, (default)> = [False]
                                                ssi_countable_resources<2025-05, (default)> = [0.]
                                              is_ssi_qualified_noncitizen<2025-05, (default)> = [False]
                                              immigration_status<2025-05, (default)> = ['CITIZEN']
                                          is_ssi_spousal_deeming_applies<2025, (default)> = [False]
                                      receives_ssi<2025-05, (default)> = [False]
                                  tx_tanf_income_eligible<2025-05, (default)> = [ True]
                                    TX<2025-05, (default)> = [ True]
                                    is_tanf_enrolled<2025-05, (default)> = [False]
                                      receives_tanf<2025-05, (default)> = [False]
                                    tx_tanf_budgetary_needs_test<2025-05, (default)> = [ True]
                                      TX<2025-05, (default)> = [ True]
                                      tx_tanf_budgetary_needs<2025-05, (default)> = [256.]
                                        TX<2025-05, (default)> = [ True]
                                        tx_tanf_assistance_unit_size<2025-05, (default)> = [1]
                                          TX<2025-05, (default)> = [ True]
                                          tx_tanf_eligible_child<2025-05, (default)> = [False]
                                          tx_tanf_eligible_parent<2025-05, (default)> = [ True]
                                            TX<2025-05, (default)> = [ True]
                                            is_tax_unit_head_or_spouse<2025-05, (default)> = [ True]
                                            tx_tanf_categorically_eligible_person<2025-05, (default)> = [ True]
                                        tx_tanf_caretaker_type<2025-05, (default)> = ['NON_CARETAKER']
                                          TX<2025-05, (default)> = [ True]
                                          tx_tanf_eligible_parent<2025-05, (default)> = [ True]
                                          tx_tanf_eligible_child<2025-05, (default)> = [False]
                                      tx_tanf_income_for_budgetary_needs_test<2025-05, (default)> = [0.]
                                        TX<2025-05, (default)> = [ True]
                                        tx_tanf_gross_earned_income<2025-05, (default)> = [0.]
                                          TX<2025-05, (default)> = [ True]
                                          employment_income<2025-05, (default)> = [0.]
                                          self_employment_income<2025-05, (default)> = [0.]
                                          sstb_self_employment_income<2025-05, (default)> = [0.]
                                        tx_tanf_dependent_care_deduction<2025-05, (default)> = [0.]
                                          TX<2025-05, (default)> = [ True]
                                          childcare_expenses<2025-05, (default)> = [0.]
                                            childcare_expenses<2025, (default)> = [0.]
                                          care_expenses<2025-05, (default)> = [0.]
                                            care_expenses<2025, (default)> = [0.]
                                          is_tax_unit_dependent<2025-05, (default)> = [False]
                                          is_incapable_of_self_care<2025-05, (default)> = [False]
                                          monthly_age<2025-05, (default)> = [40.]
                                        tx_tanf_countable_unearned_income<2025-05, (default)> = [0.]
                                          TX<2025-05, (default)> = [ True]
                                          tx_tanf_gross_unearned_income<2025-05, (default)> = [0.]
                                            TX<2025-05, (default)> = [ True]
                                            social_security<2025-05, (default)> = [0.]
                                              social_security<2025, (default)> = [0.]
                                            survivor_benefits<2025-05, (default)> = [0.]
                                              survivor_benefits<2025, (default)> = [0.]
                                            disability_benefits<2025-05, (default)> = [0.]
                                              disability_benefits<2025, (default)> = [0.]
                                            workers_compensation<2025-05, (default)> = [0.]
                                              workers_compensation<2025, (default)> = [0.]
                                            unemployment_compensation<2025-05, (default)> = [0.]
                                              unemployment_compensation<2025, (default)> = [0.]
                                            veterans_benefits<2025-05, (default)> = [0.]
                                              veterans_benefits<2025, (default)> = [0.]
                                            pension_income<2025-05, (default)> = [0.]
                                            military_retirement_pay<2025-05, (default)> = [0.]
                                              military_retirement_pay<2025, (default)> = [0.]
                                            retirement_distributions<2025-05, (default)> = [0.]
                                              retirement_distributions<2025, (default)> = [0.]
                                            railroad_benefits<2025-05, (default)> = [0.]
                                              railroad_benefits<2025, (default)> = [0.]
                                            alimony_income<2025-05, (default)> = [0.]
                                            dividend_income<2025-05, (default)> = [0.]
                                            interest_income<2025-05, (default)> = [0.]
                                            rental_income<2025-05, (default)> = [0.]
                                            farm_rent_income<2025-05, (default)> = [0.]
                                              farm_rent_income<2025, (default)> = [0.]
                                            estate_income<2025-05, (default)> = [0.]
                                              estate_income<2025, (default)> = [0.]
                                            gambling_winnings<2025-05, (default)> = [0.]
                                              gambling_winnings<2025, (default)> = [0.]
                                            strike_benefits<2025-05, (default)> = [0.]
                                              strike_benefits<2025, (default)> = [0.]
                                            miscellaneous_income<2025-05, (default)> = [0.]
                                              miscellaneous_income<2025, (default)> = [0.]
                                            financial_assistance<2025-05, (default)> = [0.]
                                              financial_assistance<2025, (default)> = [0.]
                                            gi_cash_assistance<2025-05, (default)> = [0.]
                                              gi_cash_assistance<2025, (default)> = [0.]
                                            general_assistance<2025-05, (default)> = [0.]
                                              general_assistance<2025, (default)> = [0.]
                                            child_support_received<2025-05, (default)> = [0.]
                                              child_support_received<2025, (default)> = [0.]
                                          tx_tanf_child_support_deduction<2025-05, (default)> = [0.]
                                            TX<2025-05, (default)> = [ True]
                                            child_support_received<2025-05, (default)> = [0.]
                                    tx_tanf_recognizable_needs_test<2025-05, (default)> = [ True]
                                      TX<2025-05, (default)> = [ True]
                                      tx_tanf_budgetary_needs<2025-05, (default)> = [256.]
                                      tx_tanf_countable_income<2025-05, (default)> = [0.]
                                        TX<2025-05, (default)> = [ True]
                                        tx_tanf_countable_earned_income<2025-05, (default)> = [0.]
                                          TX<2025-05, (default)> = [ True]
                                          tx_tanf_earned_income_after_disregard_person<2025-05, (default)> = [0.]
                                            TX<2025-05, (default)> = [ True]
                                            tx_tanf_gross_earned_income<2025-05, (default)> = [0.]
                                            is_tanf_enrolled<2025-05, (default)> = [False]
                                          tx_tanf_dependent_care_deduction<2025-05, (default)> = [0.]
                                        tx_tanf_countable_unearned_income<2025-05, (default)> = [0.]
                                  tx_tanf_resources_eligible<2025-05, (default)> = [ True]
                                    TX<2025-05, (default)> = [ True]
                                    tx_tanf_countable_resources<2025-05, (default)> = [0.]
                                      TX<2025-05, (default)> = [ True]
                                      spm_unit_cash_assets<2025, (default)> = [0.]
                                      household_vehicles_value<2025, (default)> = [0.]
                              tx_ottanf<2025-05, (default)> = [0.]
                                tx_ottanf_eligible<2025-05, (default)> = [False]
                                  TX<2025-05, (default)> = [ True]
                                  tx_tanf_eligible<2025-05, (default)> = [False]
                                  tx_tanf_payment_standard<2025-05, (default)> = [126.]
                                    TX<2025-05, (default)> = [ True]
                                    tx_tanf_assistance_unit_size<2025-05, (default)> = [1]
                                    tx_tanf_caretaker_type<2025-05, (default)> = ['NON_CARETAKER']
                                  tx_tanf_countable_income<2025-05, (default)> = [0.]
                                  tx_ottanf_crisis_criteria<2025-05, (default)> = [False]
                                    TX<2025-05, (default)> = [ True]
                            tx_tanf<2025-06, (default)> = [0.]
                              TX<2025-06, (default)> = [ True]
                              tx_regular_tanf<2025-06, (default)> = [0.]
                                tx_tanf_eligible<2025-06, (default)> = [False]
                                  TX<2025-06, (default)> = [ True]
                                  tx_tanf_eligible_child<2025-06, (default)> = [False]
                                    TX<2025-06, (default)> = [ True]
                                    tx_tanf_age_eligible_child<2025-06, (default)> = [False]
                                      TX<2025-06, (default)> = [ True]
                                      monthly_age<2025-06, (default)> = [40.]
                                        age<2025-06, (default)> = [3.3333333]
                                          age<2025, (default)> = [40.]
                                      is_tax_unit_dependent<2025-06, (default)> = [False]
                                      is_full_time_student<2025-06, (default)> = [False]
                                    tx_tanf_categorically_eligible_person<2025-06, (default)> = [ True]
                                      TX<2025-06, (default)> = [ True]
                                      is_citizen_or_legal_immigrant<2025, (default)> = [ True]
                                      ssi<2025-06, (default)> = [0.]
                                        takes_up_ssi_if_eligible<2025-06, (default)> = [ True]
                                        ssi_if_takes_up<2025-06, (default)> = [0.]
                                          uncapped_ssi<2025-06, (default)> = [0.]
                                            is_ssi_eligible<2025-06, (default)> = [False]
                                              is_ssi_aged_blind_disabled<2025-06, (default)> = [False]
                                              meets_ssi_resource_test<2025-06, (default)> = [ True]
                                                ssi_claim_is_joint<2025-06, (default)> = [False]
                                                ssi_countable_resources<2025-06, (default)> = [0.]
                                              is_ssi_qualified_noncitizen<2025-06, (default)> = [False]
                                              immigration_status<2025-06, (default)> = ['CITIZEN']
                                          is_ssi_spousal_deeming_applies<2025, (default)> = [False]
                                      receives_ssi<2025-06, (default)> = [False]
                                  tx_tanf_income_eligible<2025-06, (default)> = [ True]
                                    TX<2025-06, (default)> = [ True]
                                    is_tanf_enrolled<2025-06, (default)> = [False]
                                      receives_tanf<2025-06, (default)> = [False]
                                    tx_tanf_budgetary_needs_test<2025-06, (default)> = [ True]
                                      TX<2025-06, (default)> = [ True]
                                      tx_tanf_budgetary_needs<2025-06, (default)> = [256.]
                                        TX<2025-06, (default)> = [ True]
                                        tx_tanf_assistance_unit_size<2025-06, (default)> = [1]
                                          TX<2025-06, (default)> = [ True]
                                          tx_tanf_eligible_child<2025-06, (default)> = [False]
                                          tx_tanf_eligible_parent<2025-06, (default)> = [ True]
                                            TX<2025-06, (default)> = [ True]
                                            is_tax_unit_head_or_spouse<2025-06, (default)> = [ True]
                                            tx_tanf_categorically_eligible_person<2025-06, (default)> = [ True]
                                        tx_tanf_caretaker_type<2025-06, (default)> = ['NON_CARETAKER']
                                          TX<2025-06, (default)> = [ True]
                                          tx_tanf_eligible_parent<2025-06, (default)> = [ True]
                                          tx_tanf_eligible_child<2025-06, (default)> = [False]
                                      tx_tanf_income_for_budgetary_needs_test<2025-06, (default)> = [0.]
                                        TX<2025-06, (default)> = [ True]
                                        tx_tanf_gross_earned_income<2025-06, (default)> = [0.]
                                          TX<2025-06, (default)> = [ True]
                                          employment_income<2025-06, (default)> = [0.]
                                          self_employment_income<2025-06, (default)> = [0.]
                                          sstb_self_employment_income<2025-06, (default)> = [0.]
                                        tx_tanf_dependent_care_deduction<2025-06, (default)> = [0.]
                                          TX<2025-06, (default)> = [ True]
                                          childcare_expenses<2025-06, (default)> = [0.]
                                            childcare_expenses<2025, (default)> = [0.]
                                          care_expenses<2025-06, (default)> = [0.]
                                            care_expenses<2025, (default)> = [0.]
                                          is_tax_unit_dependent<2025-06, (default)> = [False]
                                          is_incapable_of_self_care<2025-06, (default)> = [False]
                                          monthly_age<2025-06, (default)> = [40.]
                                        tx_tanf_countable_unearned_income<2025-06, (default)> = [0.]
                                          TX<2025-06, (default)> = [ True]
                                          tx_tanf_gross_unearned_income<2025-06, (default)> = [0.]
                                            TX<2025-06, (default)> = [ True]
                                            social_security<2025-06, (default)> = [0.]
                                              social_security<2025, (default)> = [0.]
                                            survivor_benefits<2025-06, (default)> = [0.]
                                              survivor_benefits<2025, (default)> = [0.]
                                            disability_benefits<2025-06, (default)> = [0.]
                                              disability_benefits<2025, (default)> = [0.]
                                            workers_compensation<2025-06, (default)> = [0.]
                                              workers_compensation<2025, (default)> = [0.]
                                            unemployment_compensation<2025-06, (default)> = [0.]
                                              unemployment_compensation<2025, (default)> = [0.]
                                            veterans_benefits<2025-06, (default)> = [0.]
                                              veterans_benefits<2025, (default)> = [0.]
                                            pension_income<2025-06, (default)> = [0.]
                                            military_retirement_pay<2025-06, (default)> = [0.]
                                              military_retirement_pay<2025, (default)> = [0.]
                                            retirement_distributions<2025-06, (default)> = [0.]
                                              retirement_distributions<2025, (default)> = [0.]
                                            railroad_benefits<2025-06, (default)> = [0.]
                                              railroad_benefits<2025, (default)> = [0.]
                                            alimony_income<2025-06, (default)> = [0.]
                                            dividend_income<2025-06, (default)> = [0.]
                                            interest_income<2025-06, (default)> = [0.]
                                            rental_income<2025-06, (default)> = [0.]
                                            farm_rent_income<2025-06, (default)> = [0.]
                                              farm_rent_income<2025, (default)> = [0.]
                                            estate_income<2025-06, (default)> = [0.]
                                              estate_income<2025, (default)> = [0.]
                                            gambling_winnings<2025-06, (default)> = [0.]
                                              gambling_winnings<2025, (default)> = [0.]
                                            strike_benefits<2025-06, (default)> = [0.]
                                              strike_benefits<2025, (default)> = [0.]
                                            miscellaneous_income<2025-06, (default)> = [0.]
                                              miscellaneous_income<2025, (default)> = [0.]
                                            financial_assistance<2025-06, (default)> = [0.]
                                              financial_assistance<2025, (default)> = [0.]
                                            gi_cash_assistance<2025-06, (default)> = [0.]
                                              gi_cash_assistance<2025, (default)> = [0.]
                                            general_assistance<2025-06, (default)> = [0.]
                                              general_assistance<2025, (default)> = [0.]
                                            child_support_received<2025-06, (default)> = [0.]
                                              child_support_received<2025, (default)> = [0.]
                                          tx_tanf_child_support_deduction<2025-06, (default)> = [0.]
                                            TX<2025-06, (default)> = [ True]
                                            child_support_received<2025-06, (default)> = [0.]
                                    tx_tanf_recognizable_needs_test<2025-06, (default)> = [ True]
                                      TX<2025-06, (default)> = [ True]
                                      tx_tanf_budgetary_needs<2025-06, (default)> = [256.]
                                      tx_tanf_countable_income<2025-06, (default)> = [0.]
                                        TX<2025-06, (default)> = [ True]
                                        tx_tanf_countable_earned_income<2025-06, (default)> = [0.]
                                          TX<2025-06, (default)> = [ True]
                                          tx_tanf_earned_income_after_disregard_person<2025-06, (default)> = [0.]
                                            TX<2025-06, (default)> = [ True]
                                            tx_tanf_gross_earned_income<2025-06, (default)> = [0.]
                                            is_tanf_enrolled<2025-06, (default)> = [False]
                                          tx_tanf_dependent_care_deduction<2025-06, (default)> = [0.]
                                        tx_tanf_countable_unearned_income<2025-06, (default)> = [0.]
                                  tx_tanf_resources_eligible<2025-06, (default)> = [ True]
                                    TX<2025-06, (default)> = [ True]
                                    tx_tanf_countable_resources<2025-06, (default)> = [0.]
                                      TX<2025-06, (default)> = [ True]
                                      spm_unit_cash_assets<2025, (default)> = [0.]
                                      household_vehicles_value<2025, (default)> = [0.]
                              tx_ottanf<2025-06, (default)> = [0.]
                                tx_ottanf_eligible<2025-06, (default)> = [False]
                                  TX<2025-06, (default)> = [ True]
                                  tx_tanf_eligible<2025-06, (default)> = [False]
                                  tx_tanf_payment_standard<2025-06, (default)> = [126.]
                                    TX<2025-06, (default)> = [ True]
                                    tx_tanf_assistance_unit_size<2025-06, (default)> = [1]
                                    tx_tanf_caretaker_type<2025-06, (default)> = ['NON_CARETAKER']
                                  tx_tanf_countable_income<2025-06, (default)> = [0.]
                                  tx_ottanf_crisis_criteria<2025-06, (default)> = [False]
                                    TX<2025-06, (default)> = [ True]
                            tx_tanf<2025-07, (default)> = [0.]
                              TX<2025-07, (default)> = [ True]
                              tx_regular_tanf<2025-07, (default)> = [0.]
                                tx_tanf_eligible<2025-07, (default)> = [False]
                                  TX<2025-07, (default)> = [ True]
                                  tx_tanf_eligible_child<2025-07, (default)> = [False]
                                    TX<2025-07, (default)> = [ True]
                                    tx_tanf_age_eligible_child<2025-07, (default)> = [False]
                                      TX<2025-07, (default)> = [ True]
                                      monthly_age<2025-07, (default)> = [40.]
                                        age<2025-07, (default)> = [3.3333333]
                                          age<2025, (default)> = [40.]
                                      is_tax_unit_dependent<2025-07, (default)> = [False]
                                      is_full_time_student<2025-07, (default)> = [False]
                                    tx_tanf_categorically_eligible_person<2025-07, (default)> = [ True]
                                      TX<2025-07, (default)> = [ True]
                                      is_citizen_or_legal_immigrant<2025, (default)> = [ True]
                                      ssi<2025-07, (default)> = [0.]
                                        takes_up_ssi_if_eligible<2025-07, (default)> = [ True]
                                        ssi_if_takes_up<2025-07, (default)> = [0.]
                                          uncapped_ssi<2025-07, (default)> = [0.]
                                            is_ssi_eligible<2025-07, (default)> = [False]
                                              is_ssi_aged_blind_disabled<2025-07, (default)> = [False]
                                              meets_ssi_resource_test<2025-07, (default)> = [ True]
                                                ssi_claim_is_joint<2025-07, (default)> = [False]
                                                ssi_countable_resources<2025-07, (default)> = [0.]
                                              is_ssi_qualified_noncitizen<2025-07, (default)> = [False]
                                              immigration_status<2025-07, (default)> = ['CITIZEN']
                                          is_ssi_spousal_deeming_applies<2025, (default)> = [False]
                                      receives_ssi<2025-07, (default)> = [False]
                                  tx_tanf_income_eligible<2025-07, (default)> = [ True]
                                    TX<2025-07, (default)> = [ True]
                                    is_tanf_enrolled<2025-07, (default)> = [False]
                                      receives_tanf<2025-07, (default)> = [False]
                                    tx_tanf_budgetary_needs_test<2025-07, (default)> = [ True]
                                      TX<2025-07, (default)> = [ True]
                                      tx_tanf_budgetary_needs<2025-07, (default)> = [256.]
                                        TX<2025-07, (default)> = [ True]
                                        tx_tanf_assistance_unit_size<2025-07, (default)> = [1]
                                          TX<2025-07, (default)> = [ True]
                                          tx_tanf_eligible_child<2025-07, (default)> = [False]
                                          tx_tanf_eligible_parent<2025-07, (default)> = [ True]
                                            TX<2025-07, (default)> = [ True]
                                            is_tax_unit_head_or_spouse<2025-07, (default)> = [ True]
                                            tx_tanf_categorically_eligible_person<2025-07, (default)> = [ True]
                                        tx_tanf_caretaker_type<2025-07, (default)> = ['NON_CARETAKER']
                                          TX<2025-07, (default)> = [ True]
                                          tx_tanf_eligible_parent<2025-07, (default)> = [ True]
                                          tx_tanf_eligible_child<2025-07, (default)> = [False]
                                      tx_tanf_income_for_budgetary_needs_test<2025-07, (default)> = [0.]
                                        TX<2025-07, (default)> = [ True]
                                        tx_tanf_gross_earned_income<2025-07, (default)> = [0.]
                                          TX<2025-07, (default)> = [ True]
                                          employment_income<2025-07, (default)> = [0.]
                                          self_employment_income<2025-07, (default)> = [0.]
                                          sstb_self_employment_income<2025-07, (default)> = [0.]
                                        tx_tanf_dependent_care_deduction<2025-07, (default)> = [0.]
                                          TX<2025-07, (default)> = [ True]
                                          childcare_expenses<2025-07, (default)> = [0.]
                                            childcare_expenses<2025, (default)> = [0.]
                                          care_expenses<2025-07, (default)> = [0.]
                                            care_expenses<2025, (default)> = [0.]
                                          is_tax_unit_dependent<2025-07, (default)> = [False]
                                          is_incapable_of_self_care<2025-07, (default)> = [False]
                                          monthly_age<2025-07, (default)> = [40.]
                                        tx_tanf_countable_unearned_income<2025-07, (default)> = [0.]
                                          TX<2025-07, (default)> = [ True]
                                          tx_tanf_gross_unearned_income<2025-07, (default)> = [0.]
                                            TX<2025-07, (default)> = [ True]
                                            social_security<2025-07, (default)> = [0.]
                                              social_security<2025, (default)> = [0.]
                                            survivor_benefits<2025-07, (default)> = [0.]
                                              survivor_benefits<2025, (default)> = [0.]
                                            disability_benefits<2025-07, (default)> = [0.]
                                              disability_benefits<2025, (default)> = [0.]
                                            workers_compensation<2025-07, (default)> = [0.]
                                              workers_compensation<2025, (default)> = [0.]
                                            unemployment_compensation<2025-07, (default)> = [0.]
                                              unemployment_compensation<2025, (default)> = [0.]
                                            veterans_benefits<2025-07, (default)> = [0.]
                                              veterans_benefits<2025, (default)> = [0.]
                                            pension_income<2025-07, (default)> = [0.]
                                            military_retirement_pay<2025-07, (default)> = [0.]
                                              military_retirement_pay<2025, (default)> = [0.]
                                            retirement_distributions<2025-07, (default)> = [0.]
                                              retirement_distributions<2025, (default)> = [0.]
                                            railroad_benefits<2025-07, (default)> = [0.]
                                              railroad_benefits<2025, (default)> = [0.]
                                            alimony_income<2025-07, (default)> = [0.]
                                            dividend_income<2025-07, (default)> = [0.]
                                            interest_income<2025-07, (default)> = [0.]
                                            rental_income<2025-07, (default)> = [0.]
                                            farm_rent_income<2025-07, (default)> = [0.]
                                              farm_rent_income<2025, (default)> = [0.]
                                            estate_income<2025-07, (default)> = [0.]
                                              estate_income<2025, (default)> = [0.]
                                            gambling_winnings<2025-07, (default)> = [0.]
                                              gambling_winnings<2025, (default)> = [0.]
                                            strike_benefits<2025-07, (default)> = [0.]
                                              strike_benefits<2025, (default)> = [0.]
                                            miscellaneous_income<2025-07, (default)> = [0.]
                                              miscellaneous_income<2025, (default)> = [0.]
                                            financial_assistance<2025-07, (default)> = [0.]
                                              financial_assistance<2025, (default)> = [0.]
                                            gi_cash_assistance<2025-07, (default)> = [0.]
                                              gi_cash_assistance<2025, (default)> = [0.]
                                            general_assistance<2025-07, (default)> = [0.]
                                              general_assistance<2025, (default)> = [0.]
                                            child_support_received<2025-07, (default)> = [0.]
                                              child_support_received<2025, (default)> = [0.]
                                          tx_tanf_child_support_deduction<2025-07, (default)> = [0.]
                                            TX<2025-07, (default)> = [ True]
                                            child_support_received<2025-07, (default)> = [0.]
                                    tx_tanf_recognizable_needs_test<2025-07, (default)> = [ True]
                                      TX<2025-07, (default)> = [ True]
                                      tx_tanf_budgetary_needs<2025-07, (default)> = [256.]
                                      tx_tanf_countable_income<2025-07, (default)> = [0.]
                                        TX<2025-07, (default)> = [ True]
                                        tx_tanf_countable_earned_income<2025-07, (default)> = [0.]
                                          TX<2025-07, (default)> = [ True]
                                          tx_tanf_earned_income_after_disregard_person<2025-07, (default)> = [0.]
                                            TX<2025-07, (default)> = [ True]
                                            tx_tanf_gross_earned_income<2025-07, (default)> = [0.]
                                            is_tanf_enrolled<2025-07, (default)> = [False]
                                          tx_tanf_dependent_care_deduction<2025-07, (default)> = [0.]
                                        tx_tanf_countable_unearned_income<2025-07, (default)> = [0.]
                                  tx_tanf_resources_eligible<2025-07, (default)> = [ True]
                                    TX<2025-07, (default)> = [ True]
                                    tx_tanf_countable_resources<2025-07, (default)> = [0.]
                                      TX<2025-07, (default)> = [ True]
                                      spm_unit_cash_assets<2025, (default)> = [0.]
                                      household_vehicles_value<2025, (default)> = [0.]
                              tx_ottanf<2025-07, (default)> = [0.]
                                tx_ottanf_eligible<2025-07, (default)> = [False]
                                  TX<2025-07, (default)> = [ True]
                                  tx_tanf_eligible<2025-07, (default)> = [False]
                                  tx_tanf_payment_standard<2025-07, (default)> = [126.]
                                    TX<2025-07, (default)> = [ True]
                                    tx_tanf_assistance_unit_size<2025-07, (default)> = [1]
                                    tx_tanf_caretaker_type<2025-07, (default)> = ['NON_CARETAKER']
                                  tx_tanf_countable_income<2025-07, (default)> = [0.]
                                  tx_ottanf_crisis_criteria<2025-07, (default)> = [False]
                                    TX<2025-07, (default)> = [ True]
                            tx_tanf<2025-08, (default)> = [0.]
                              TX<2025-08, (default)> = [ True]
                              tx_regular_tanf<2025-08, (default)> = [0.]
                                tx_tanf_eligible<2025-08, (default)> = [False]
                                  TX<2025-08, (default)> = [ True]
                                  tx_tanf_eligible_child<2025-08, (default)> = [False]
                                    TX<2025-08, (default)> = [ True]
                                    tx_tanf_age_eligible_child<2025-08, (default)> = [False]
                                      TX<2025-08, (default)> = [ True]
                                      monthly_age<2025-08, (default)> = [40.]
                                        age<2025-08, (default)> = [3.3333333]
                                          age<2025, (default)> = [40.]
                                      is_tax_unit_dependent<2025-08, (default)> = [False]
                                      is_full_time_student<2025-08, (default)> = [False]
                                    tx_tanf_categorically_eligible_person<2025-08, (default)> = [ True]
                                      TX<2025-08, (default)> = [ True]
                                      is_citizen_or_legal_immigrant<2025, (default)> = [ True]
                                      ssi<2025-08, (default)> = [0.]
                                        takes_up_ssi_if_eligible<2025-08, (default)> = [ True]
                                        ssi_if_takes_up<2025-08, (default)> = [0.]
                                          uncapped_ssi<2025-08, (default)> = [0.]
                                            is_ssi_eligible<2025-08, (default)> = [False]
                                              is_ssi_aged_blind_disabled<2025-08, (default)> = [False]
                                              meets_ssi_resource_test<2025-08, (default)> = [ True]
                                                ssi_claim_is_joint<2025-08, (default)> = [False]
                                                ssi_countable_resources<2025-08, (default)> = [0.]
                                              is_ssi_qualified_noncitizen<2025-08, (default)> = [False]
                                              immigration_status<2025-08, (default)> = ['CITIZEN']
                                          is_ssi_spousal_deeming_applies<2025, (default)> = [False]
                                      receives_ssi<2025-08, (default)> = [False]
                                  tx_tanf_income_eligible<2025-08, (default)> = [ True]
                                    TX<2025-08, (default)> = [ True]
                                    is_tanf_enrolled<2025-08, (default)> = [False]
                                      receives_tanf<2025-08, (default)> = [False]
                                    tx_tanf_budgetary_needs_test<2025-08, (default)> = [ True]
                                      TX<2025-08, (default)> = [ True]
                                      tx_tanf_budgetary_needs<2025-08, (default)> = [256.]
                                        TX<2025-08, (default)> = [ True]
                                        tx_tanf_assistance_unit_size<2025-08, (default)> = [1]
                                          TX<2025-08, (default)> = [ True]
                                          tx_tanf_eligible_child<2025-08, (default)> = [False]
                                          tx_tanf_eligible_parent<2025-08, (default)> = [ True]
                                            TX<2025-08, (default)> = [ True]
                                            is_tax_unit_head_or_spouse<2025-08, (default)> = [ True]
                                            tx_tanf_categorically_eligible_person<2025-08, (default)> = [ True]
                                        tx_tanf_caretaker_type<2025-08, (default)> = ['NON_CARETAKER']
                                          TX<2025-08, (default)> = [ True]
                                          tx_tanf_eligible_parent<2025-08, (default)> = [ True]
                                          tx_tanf_eligible_child<2025-08, (default)> = [False]
                                      tx_tanf_income_for_budgetary_needs_test<2025-08, (default)> = [0.]
                                        TX<2025-08, (default)> = [ True]
                                        tx_tanf_gross_earned_income<2025-08, (default)> = [0.]
                                          TX<2025-08, (default)> = [ True]
                                          employment_income<2025-08, (default)> = [0.]
                                          self_employment_income<2025-08, (default)> = [0.]
                                          sstb_self_employment_income<2025-08, (default)> = [0.]
                                        tx_tanf_dependent_care_deduction<2025-08, (default)> = [0.]
                                          TX<2025-08, (default)> = [ True]
                                          childcare_expenses<2025-08, (default)> = [0.]
                                            childcare_expenses<2025, (default)> = [0.]
                                          care_expenses<2025-08, (default)> = [0.]
                                            care_expenses<2025, (default)> = [0.]
                                          is_tax_unit_dependent<2025-08, (default)> = [False]
                                          is_incapable_of_self_care<2025-08, (default)> = [False]
                                          monthly_age<2025-08, (default)> = [40.]
                                        tx_tanf_countable_unearned_income<2025-08, (default)> = [0.]
                                          TX<2025-08, (default)> = [ True]
                                          tx_tanf_gross_unearned_income<2025-08, (default)> = [0.]
                                            TX<2025-08, (default)> = [ True]
                                            social_security<2025-08, (default)> = [0.]
                                              social_security<2025, (default)> = [0.]
                                            survivor_benefits<2025-08, (default)> = [0.]
                                              survivor_benefits<2025, (default)> = [0.]
                                            disability_benefits<2025-08, (default)> = [0.]
                                              disability_benefits<2025, (default)> = [0.]
                                            workers_compensation<2025-08, (default)> = [0.]
                                              workers_compensation<2025, (default)> = [0.]
                                            unemployment_compensation<2025-08, (default)> = [0.]
                                              unemployment_compensation<2025, (default)> = [0.]
                                            veterans_benefits<2025-08, (default)> = [0.]
                                              veterans_benefits<2025, (default)> = [0.]
                                            pension_income<2025-08, (default)> = [0.]
                                            military_retirement_pay<2025-08, (default)> = [0.]
                                              military_retirement_pay<2025, (default)> = [0.]
                                            retirement_distributions<2025-08, (default)> = [0.]
                                              retirement_distributions<2025, (default)> = [0.]
                                            railroad_benefits<2025-08, (default)> = [0.]
                                              railroad_benefits<2025, (default)> = [0.]
                                            alimony_income<2025-08, (default)> = [0.]
                                            dividend_income<2025-08, (default)> = [0.]
                                            interest_income<2025-08, (default)> = [0.]
                                            rental_income<2025-08, (default)> = [0.]
                                            farm_rent_income<2025-08, (default)> = [0.]
                                              farm_rent_income<2025, (default)> = [0.]
                                            estate_income<2025-08, (default)> = [0.]
                                              estate_income<2025, (default)> = [0.]
                                            gambling_winnings<2025-08, (default)> = [0.]
                                              gambling_winnings<2025, (default)> = [0.]
                                            strike_benefits<2025-08, (default)> = [0.]
                                              strike_benefits<2025, (default)> = [0.]
                                            miscellaneous_income<2025-08, (default)> = [0.]
                                              miscellaneous_income<2025, (default)> = [0.]
                                            financial_assistance<2025-08, (default)> = [0.]
                                              financial_assistance<2025, (default)> = [0.]
                                            gi_cash_assistance<2025-08, (default)> = [0.]
                                              gi_cash_assistance<2025, (default)> = [0.]
                                            general_assistance<2025-08, (default)> = [0.]
                                              general_assistance<2025, (default)> = [0.]
                                            child_support_received<2025-08, (default)> = [0.]
                                              child_support_received<2025, (default)> = [0.]
                                          tx_tanf_child_support_deduction<2025-08, (default)> = [0.]
                                            TX<2025-08, (default)> = [ True]
                                            child_support_received<2025-08, (default)> = [0.]
                                    tx_tanf_recognizable_needs_test<2025-08, (default)> = [ True]
                                      TX<2025-08, (default)> = [ True]
                                      tx_tanf_budgetary_needs<2025-08, (default)> = [256.]
                                      tx_tanf_countable_income<2025-08, (default)> = [0.]
                                        TX<2025-08, (default)> = [ True]
                                        tx_tanf_countable_earned_income<2025-08, (default)> = [0.]
                                          TX<2025-08, (default)> = [ True]
                                          tx_tanf_earned_income_after_disregard_person<2025-08, (default)> = [0.]
                                            TX<2025-08, (default)> = [ True]
                                            tx_tanf_gross_earned_income<2025-08, (default)> = [0.]
                                            is_tanf_enrolled<2025-08, (default)> = [False]
                                          tx_tanf_dependent_care_deduction<2025-08, (default)> = [0.]
                                        tx_tanf_countable_unearned_income<2025-08, (default)> = [0.]
                                  tx_tanf_resources_eligible<2025-08, (default)> = [ True]
                                    TX<2025-08, (default)> = [ True]
                                    tx_tanf_countable_resources<2025-08, (default)> = [0.]
                                      TX<2025-08, (default)> = [ True]
                                      spm_unit_cash_assets<2025, (default)> = [0.]
                                      household_vehicles_value<2025, (default)> = [0.]
                              tx_ottanf<2025-08, (default)> = [0.]
                                tx_ottanf_eligible<2025-08, (default)> = [False]
                                  TX<2025-08, (default)> = [ True]
                                  tx_tanf_eligible<2025-08, (default)> = [False]
                                  tx_tanf_payment_standard<2025-08, (default)> = [126.]
                                    TX<2025-08, (default)> = [ True]
                                    tx_tanf_assistance_unit_size<2025-08, (default)> = [1]
                                    tx_tanf_caretaker_type<2025-08, (default)> = ['NON_CARETAKER']
                                  tx_tanf_countable_income<2025-08, (default)> = [0.]
                                  tx_ottanf_crisis_criteria<2025-08, (default)> = [False]
                                    TX<2025-08, (default)> = [ True]
                            tx_tanf<2025-09, (default)> = [0.]
                              TX<2025-09, (default)> = [ True]
                              tx_regular_tanf<2025-09, (default)> = [0.]
                                tx_tanf_eligible<2025-09, (default)> = [False]
                                  TX<2025-09, (default)> = [ True]
                                  tx_tanf_eligible_child<2025-09, (default)> = [False]
                                    TX<2025-09, (default)> = [ True]
                                    tx_tanf_age_eligible_child<2025-09, (default)> = [False]
                                      TX<2025-09, (default)> = [ True]
                                      monthly_age<2025-09, (default)> = [40.]
                                        age<2025-09, (default)> = [3.3333333]
                                          age<2025, (default)> = [40.]
                                      is_tax_unit_dependent<2025-09, (default)> = [False]
                                      is_full_time_student<2025-09, (default)> = [False]
                                    tx_tanf_categorically_eligible_person<2025-09, (default)> = [ True]
                                      TX<2025-09, (default)> = [ True]
                                      is_citizen_or_legal_immigrant<2025, (default)> = [ True]
                                      ssi<2025-09, (default)> = [0.]
                                        takes_up_ssi_if_eligible<2025-09, (default)> = [ True]
                                        ssi_if_takes_up<2025-09, (default)> = [0.]
                                          uncapped_ssi<2025-09, (default)> = [0.]
                                            is_ssi_eligible<2025-09, (default)> = [False]
                                              is_ssi_aged_blind_disabled<2025-09, (default)> = [False]
                                              meets_ssi_resource_test<2025-09, (default)> = [ True]
                                                ssi_claim_is_joint<2025-09, (default)> = [False]
                                                ssi_countable_resources<2025-09, (default)> = [0.]
                                              is_ssi_qualified_noncitizen<2025-09, (default)> = [False]
                                              immigration_status<2025-09, (default)> = ['CITIZEN']
                                          is_ssi_spousal_deeming_applies<2025, (default)> = [False]
                                      receives_ssi<2025-09, (default)> = [False]
                                  tx_tanf_income_eligible<2025-09, (default)> = [ True]
                                    TX<2025-09, (default)> = [ True]
                                    is_tanf_enrolled<2025-09, (default)> = [False]
                                      receives_tanf<2025-09, (default)> = [False]
                                    tx_tanf_budgetary_needs_test<2025-09, (default)> = [ True]
                                      TX<2025-09, (default)> = [ True]
                                      tx_tanf_budgetary_needs<2025-09, (default)> = [256.]
                                        TX<2025-09, (default)> = [ True]
                                        tx_tanf_assistance_unit_size<2025-09, (default)> = [1]
                                          TX<2025-09, (default)> = [ True]
                                          tx_tanf_eligible_child<2025-09, (default)> = [False]
                                          tx_tanf_eligible_parent<2025-09, (default)> = [ True]
                                            TX<2025-09, (default)> = [ True]
                                            is_tax_unit_head_or_spouse<2025-09, (default)> = [ True]
                                            tx_tanf_categorically_eligible_person<2025-09, (default)> = [ True]
                                        tx_tanf_caretaker_type<2025-09, (default)> = ['NON_CARETAKER']
                                          TX<2025-09, (default)> = [ True]
                                          tx_tanf_eligible_parent<2025-09, (default)> = [ True]
                                          tx_tanf_eligible_child<2025-09, (default)> = [False]
                                      tx_tanf_income_for_budgetary_needs_test<2025-09, (default)> = [0.]
                                        TX<2025-09, (default)> = [ True]
                                        tx_tanf_gross_earned_income<2025-09, (default)> = [0.]
                                          TX<2025-09, (default)> = [ True]
                                          employment_income<2025-09, (default)> = [0.]
                                          self_employment_income<2025-09, (default)> = [0.]
                                          sstb_self_employment_income<2025-09, (default)> = [0.]
                                        tx_tanf_dependent_care_deduction<2025-09, (default)> = [0.]
                                          TX<2025-09, (default)> = [ True]
                                          childcare_expenses<2025-09, (default)> = [0.]
                                            childcare_expenses<2025, (default)> = [0.]
                                          care_expenses<2025-09, (default)> = [0.]
                                            care_expenses<2025, (default)> = [0.]
                                          is_tax_unit_dependent<2025-09, (default)> = [False]
                                          is_incapable_of_self_care<2025-09, (default)> = [False]
                                          monthly_age<2025-09, (default)> = [40.]
                                        tx_tanf_countable_unearned_income<2025-09, (default)> = [0.]
                                          TX<2025-09, (default)> = [ True]
                                          tx_tanf_gross_unearned_income<2025-09, (default)> = [0.]
                                            TX<2025-09, (default)> = [ True]
                                            social_security<2025-09, (default)> = [0.]
                                              social_security<2025, (default)> = [0.]
                                            survivor_benefits<2025-09, (default)> = [0.]
                                              survivor_benefits<2025, (default)> = [0.]
                                            disability_benefits<2025-09, (default)> = [0.]
                                              disability_benefits<2025, (default)> = [0.]
                                            workers_compensation<2025-09, (default)> = [0.]
                                              workers_compensation<2025, (default)> = [0.]
                                            unemployment_compensation<2025-09, (default)> = [0.]
                                              unemployment_compensation<2025, (default)> = [0.]
                                            veterans_benefits<2025-09, (default)> = [0.]
                                              veterans_benefits<2025, (default)> = [0.]
                                            pension_income<2025-09, (default)> = [0.]
                                            military_retirement_pay<2025-09, (default)> = [0.]
                                              military_retirement_pay<2025, (default)> = [0.]
                                            retirement_distributions<2025-09, (default)> = [0.]
                                              retirement_distributions<2025, (default)> = [0.]
                                            railroad_benefits<2025-09, (default)> = [0.]
                                              railroad_benefits<2025, (default)> = [0.]
                                            alimony_income<2025-09, (default)> = [0.]
                                            dividend_income<2025-09, (default)> = [0.]
                                            interest_income<2025-09, (default)> = [0.]
                                            rental_income<2025-09, (default)> = [0.]
                                            farm_rent_income<2025-09, (default)> = [0.]
                                              farm_rent_income<2025, (default)> = [0.]
                                            estate_income<2025-09, (default)> = [0.]
                                              estate_income<2025, (default)> = [0.]
                                            gambling_winnings<2025-09, (default)> = [0.]
                                              gambling_winnings<2025, (default)> = [0.]
                                            strike_benefits<2025-09, (default)> = [0.]
                                              strike_benefits<2025, (default)> = [0.]
                                            miscellaneous_income<2025-09, (default)> = [0.]
                                              miscellaneous_income<2025, (default)> = [0.]
                                            financial_assistance<2025-09, (default)> = [0.]
                                              financial_assistance<2025, (default)> = [0.]
                                            gi_cash_assistance<2025-09, (default)> = [0.]
                                              gi_cash_assistance<2025, (default)> = [0.]
                                            general_assistance<2025-09, (default)> = [0.]
                                              general_assistance<2025, (default)> = [0.]
                                            child_support_received<2025-09, (default)> = [0.]
                                              child_support_received<2025, (default)> = [0.]
                                          tx_tanf_child_support_deduction<2025-09, (default)> = [0.]
                                            TX<2025-09, (default)> = [ True]
                                            child_support_received<2025-09, (default)> = [0.]
                                    tx_tanf_recognizable_needs_test<2025-09, (default)> = [ True]
                                      TX<2025-09, (default)> = [ True]
                                      tx_tanf_budgetary_needs<2025-09, (default)> = [256.]
                                      tx_tanf_countable_income<2025-09, (default)> = [0.]
                                        TX<2025-09, (default)> = [ True]
                                        tx_tanf_countable_earned_income<2025-09, (default)> = [0.]
                                          TX<2025-09, (default)> = [ True]
                                          tx_tanf_earned_income_after_disregard_person<2025-09, (default)> = [0.]
                                            TX<2025-09, (default)> = [ True]
                                            tx_tanf_gross_earned_income<2025-09, (default)> = [0.]
                                            is_tanf_enrolled<2025-09, (default)> = [False]
                                          tx_tanf_dependent_care_deduction<2025-09, (default)> = [0.]
                                        tx_tanf_countable_unearned_income<2025-09, (default)> = [0.]
                                  tx_tanf_resources_eligible<2025-09, (default)> = [ True]
                                    TX<2025-09, (default)> = [ True]
                                    tx_tanf_countable_resources<2025-09, (default)> = [0.]
                                      TX<2025-09, (default)> = [ True]
                                      spm_unit_cash_assets<2025, (default)> = [0.]
                                      household_vehicles_value<2025, (default)> = [0.]
                              tx_ottanf<2025-09, (default)> = [0.]
                                tx_ottanf_eligible<2025-09, (default)> = [False]
                                  TX<2025-09, (default)> = [ True]
                                  tx_tanf_eligible<2025-09, (default)> = [False]
                                  tx_tanf_payment_standard<2025-09, (default)> = [126.]
                                    TX<2025-09, (default)> = [ True]
                                    tx_tanf_assistance_unit_size<2025-09, (default)> = [1]
                                    tx_tanf_caretaker_type<2025-09, (default)> = ['NON_CARETAKER']
                                  tx_tanf_countable_income<2025-09, (default)> = [0.]
                                  tx_ottanf_crisis_criteria<2025-09, (default)> = [False]
                                    TX<2025-09, (default)> = [ True]
                            tx_tanf<2025-10, (default)> = [0.]
                              TX<2025-10, (default)> = [ True]
                              tx_regular_tanf<2025-10, (default)> = [0.]
                                tx_tanf_eligible<2025-10, (default)> = [False]
                                  TX<2025-10, (default)> = [ True]
                                  tx_tanf_eligible_child<2025-10, (default)> = [False]
                                    TX<2025-10, (default)> = [ True]
                                    tx_tanf_age_eligible_child<2025-10, (default)> = [False]
                                      TX<2025-10, (default)> = [ True]
                                      monthly_age<2025-10, (default)> = [40.]
                                        age<2025-10, (default)> = [3.3333333]
                                          age<2025, (default)> = [40.]
                                      is_tax_unit_dependent<2025-10, (default)> = [False]
                                      is_full_time_student<2025-10, (default)> = [False]
                                    tx_tanf_categorically_eligible_person<2025-10, (default)> = [ True]
                                      TX<2025-10, (default)> = [ True]
                                      is_citizen_or_legal_immigrant<2025, (default)> = [ True]
                                      ssi<2025-10, (default)> = [0.]
                                        takes_up_ssi_if_eligible<2025-10, (default)> = [ True]
                                        ssi_if_takes_up<2025-10, (default)> = [0.]
                                          uncapped_ssi<2025-10, (default)> = [0.]
                                            is_ssi_eligible<2025-10, (default)> = [False]
                                              is_ssi_aged_blind_disabled<2025-10, (default)> = [False]
                                              meets_ssi_resource_test<2025-10, (default)> = [ True]
                                                ssi_claim_is_joint<2025-10, (default)> = [False]
                                                ssi_countable_resources<2025-10, (default)> = [0.]
                                              is_ssi_qualified_noncitizen<2025-10, (default)> = [False]
                                              immigration_status<2025-10, (default)> = ['CITIZEN']
                                          is_ssi_spousal_deeming_applies<2025, (default)> = [False]
                                      receives_ssi<2025-10, (default)> = [False]
                                  tx_tanf_income_eligible<2025-10, (default)> = [ True]
                                    TX<2025-10, (default)> = [ True]
                                    is_tanf_enrolled<2025-10, (default)> = [False]
                                      receives_tanf<2025-10, (default)> = [False]
                                    tx_tanf_budgetary_needs_test<2025-10, (default)> = [ True]
                                      TX<2025-10, (default)> = [ True]
                                      tx_tanf_budgetary_needs<2025-10, (default)> = [256.]
                                        TX<2025-10, (default)> = [ True]
                                        tx_tanf_assistance_unit_size<2025-10, (default)> = [1]
                                          TX<2025-10, (default)> = [ True]
                                          tx_tanf_eligible_child<2025-10, (default)> = [False]
                                          tx_tanf_eligible_parent<2025-10, (default)> = [ True]
                                            TX<2025-10, (default)> = [ True]
                                            is_tax_unit_head_or_spouse<2025-10, (default)> = [ True]
                                            tx_tanf_categorically_eligible_person<2025-10, (default)> = [ True]
                                        tx_tanf_caretaker_type<2025-10, (default)> = ['NON_CARETAKER']
                                          TX<2025-10, (default)> = [ True]
                                          tx_tanf_eligible_parent<2025-10, (default)> = [ True]
                                          tx_tanf_eligible_child<2025-10, (default)> = [False]
                                      tx_tanf_income_for_budgetary_needs_test<2025-10, (default)> = [0.]
                                        TX<2025-10, (default)> = [ True]
                                        tx_tanf_gross_earned_income<2025-10, (default)> = [0.]
                                          TX<2025-10, (default)> = [ True]
                                          employment_income<2025-10, (default)> = [0.]
                                          self_employment_income<2025-10, (default)> = [0.]
                                          sstb_self_employment_income<2025-10, (default)> = [0.]
                                        tx_tanf_dependent_care_deduction<2025-10, (default)> = [0.]
                                          TX<2025-10, (default)> = [ True]
                                          childcare_expenses<2025-10, (default)> = [0.]
                                            childcare_expenses<2025, (default)> = [0.]
                                          care_expenses<2025-10, (default)> = [0.]
                                            care_expenses<2025, (default)> = [0.]
                                          is_tax_unit_dependent<2025-10, (default)> = [False]
                                          is_incapable_of_self_care<2025-10, (default)> = [False]
                                          monthly_age<2025-10, (default)> = [40.]
                                        tx_tanf_countable_unearned_income<2025-10, (default)> = [0.]
                                          TX<2025-10, (default)> = [ True]
                                          tx_tanf_gross_unearned_income<2025-10, (default)> = [0.]
                                            TX<2025-10, (default)> = [ True]
                                            social_security<2025-10, (default)> = [0.]
                                              social_security<2025, (default)> = [0.]
                                            survivor_benefits<2025-10, (default)> = [0.]
                                              survivor_benefits<2025, (default)> = [0.]
                                            disability_benefits<2025-10, (default)> = [0.]
                                              disability_benefits<2025, (default)> = [0.]
                                            workers_compensation<2025-10, (default)> = [0.]
                                              workers_compensation<2025, (default)> = [0.]
                                            unemployment_compensation<2025-10, (default)> = [0.]
                                              unemployment_compensation<2025, (default)> = [0.]
                                            veterans_benefits<2025-10, (default)> = [0.]
                                              veterans_benefits<2025, (default)> = [0.]
                                            pension_income<2025-10, (default)> = [0.]
                                            military_retirement_pay<2025-10, (default)> = [0.]
                                              military_retirement_pay<2025, (default)> = [0.]
                                            retirement_distributions<2025-10, (default)> = [0.]
                                              retirement_distributions<2025, (default)> = [0.]
                                            railroad_benefits<2025-10, (default)> = [0.]
                                              railroad_benefits<2025, (default)> = [0.]
                                            alimony_income<2025-10, (default)> = [0.]
                                            dividend_income<2025-10, (default)> = [0.]
                                            interest_income<2025-10, (default)> = [0.]
                                            rental_income<2025-10, (default)> = [0.]
                                            farm_rent_income<2025-10, (default)> = [0.]
                                              farm_rent_income<2025, (default)> = [0.]
                                            estate_income<2025-10, (default)> = [0.]
                                              estate_income<2025, (default)> = [0.]
                                            gambling_winnings<2025-10, (default)> = [0.]
                                              gambling_winnings<2025, (default)> = [0.]
                                            strike_benefits<2025-10, (default)> = [0.]
                                              strike_benefits<2025, (default)> = [0.]
                                            miscellaneous_income<2025-10, (default)> = [0.]
                                              miscellaneous_income<2025, (default)> = [0.]
                                            financial_assistance<2025-10, (default)> = [0.]
                                              financial_assistance<2025, (default)> = [0.]
                                            gi_cash_assistance<2025-10, (default)> = [0.]
                                              gi_cash_assistance<2025, (default)> = [0.]
                                            general_assistance<2025-10, (default)> = [0.]
                                              general_assistance<2025, (default)> = [0.]
                                            child_support_received<2025-10, (default)> = [0.]
                                              child_support_received<2025, (default)> = [0.]
                                          tx_tanf_child_support_deduction<2025-10, (default)> = [0.]
                                            TX<2025-10, (default)> = [ True]
                                            child_support_received<2025-10, (default)> = [0.]
                                    tx_tanf_recognizable_needs_test<2025-10, (default)> = [ True]
                                      TX<2025-10, (default)> = [ True]
                                      tx_tanf_budgetary_needs<2025-10, (default)> = [256.]
                                      tx_tanf_countable_income<2025-10, (default)> = [0.]
                                        TX<2025-10, (default)> = [ True]
                                        tx_tanf_countable_earned_income<2025-10, (default)> = [0.]
                                          TX<2025-10, (default)> = [ True]
                                          tx_tanf_earned_income_after_disregard_person<2025-10, (default)> = [0.]
                                            TX<2025-10, (default)> = [ True]
                                            tx_tanf_gross_earned_income<2025-10, (default)> = [0.]
                                            is_tanf_enrolled<2025-10, (default)> = [False]
                                          tx_tanf_dependent_care_deduction<2025-10, (default)> = [0.]
                                        tx_tanf_countable_unearned_income<2025-10, (default)> = [0.]
                                  tx_tanf_resources_eligible<2025-10, (default)> = [ True]
                                    TX<2025-10, (default)> = [ True]
                                    tx_tanf_countable_resources<2025-10, (default)> = [0.]
                                      TX<2025-10, (default)> = [ True]
                                      spm_unit_cash_assets<2025, (default)> = [0.]
                                      household_vehicles_value<2025, (default)> = [0.]
                              tx_ottanf<2025-10, (default)> = [0.]
                                tx_ottanf_eligible<2025-10, (default)> = [False]
                                  TX<2025-10, (default)> = [ True]
                                  tx_tanf_eligible<2025-10, (default)> = [False]
                                  tx_tanf_payment_standard<2025-10, (default)> = [130.]
                                    TX<2025-10, (default)> = [ True]
                                    tx_tanf_assistance_unit_size<2025-10, (default)> = [1]
                                    tx_tanf_caretaker_type<2025-10, (default)> = ['NON_CARETAKER']
                                  tx_tanf_countable_income<2025-10, (default)> = [0.]
                                  tx_ottanf_crisis_criteria<2025-10, (default)> = [False]
                                    TX<2025-10, (default)> = [ True]
                            tx_tanf<2025-11, (default)> = [0.]
                              TX<2025-11, (default)> = [ True]
                              tx_regular_tanf<2025-11, (default)> = [0.]
                                tx_tanf_eligible<2025-11, (default)> = [False]
                                  TX<2025-11, (default)> = [ True]
                                  tx_tanf_eligible_child<2025-11, (default)> = [False]
                                    TX<2025-11, (default)> = [ True]
                                    tx_tanf_age_eligible_child<2025-11, (default)> = [False]
                                      TX<2025-11, (default)> = [ True]
                                      monthly_age<2025-11, (default)> = [40.]
                                        age<2025-11, (default)> = [3.3333333]
                                          age<2025, (default)> = [40.]
                                      is_tax_unit_dependent<2025-11, (default)> = [False]
                                      is_full_time_student<2025-11, (default)> = [False]
                                    tx_tanf_categorically_eligible_person<2025-11, (default)> = [ True]
                                      TX<2025-11, (default)> = [ True]
                                      is_citizen_or_legal_immigrant<2025, (default)> = [ True]
                                      ssi<2025-11, (default)> = [0.]
                                        takes_up_ssi_if_eligible<2025-11, (default)> = [ True]
                                        ssi_if_takes_up<2025-11, (default)> = [0.]
                                          uncapped_ssi<2025-11, (default)> = [0.]
                                            is_ssi_eligible<2025-11, (default)> = [False]
                                              is_ssi_aged_blind_disabled<2025-11, (default)> = [False]
                                              meets_ssi_resource_test<2025-11, (default)> = [ True]
                                                ssi_claim_is_joint<2025-11, (default)> = [False]
                                                ssi_countable_resources<2025-11, (default)> = [0.]
                                              is_ssi_qualified_noncitizen<2025-11, (default)> = [False]
                                              immigration_status<2025-11, (default)> = ['CITIZEN']
                                          is_ssi_spousal_deeming_applies<2025, (default)> = [False]
                                      receives_ssi<2025-11, (default)> = [False]
                                  tx_tanf_income_eligible<2025-11, (default)> = [ True]
                                    TX<2025-11, (default)> = [ True]
                                    is_tanf_enrolled<2025-11, (default)> = [False]
                                      receives_tanf<2025-11, (default)> = [False]
                                    tx_tanf_budgetary_needs_test<2025-11, (default)> = [ True]
                                      TX<2025-11, (default)> = [ True]
                                      tx_tanf_budgetary_needs<2025-11, (default)> = [256.]
                                        TX<2025-11, (default)> = [ True]
                                        tx_tanf_assistance_unit_size<2025-11, (default)> = [1]
                                          TX<2025-11, (default)> = [ True]
                                          tx_tanf_eligible_child<2025-11, (default)> = [False]
                                          tx_tanf_eligible_parent<2025-11, (default)> = [ True]
                                            TX<2025-11, (default)> = [ True]
                                            is_tax_unit_head_or_spouse<2025-11, (default)> = [ True]
                                            tx_tanf_categorically_eligible_person<2025-11, (default)> = [ True]
                                        tx_tanf_caretaker_type<2025-11, (default)> = ['NON_CARETAKER']
                                          TX<2025-11, (default)> = [ True]
                                          tx_tanf_eligible_parent<2025-11, (default)> = [ True]
                                          tx_tanf_eligible_child<2025-11, (default)> = [False]
                                      tx_tanf_income_for_budgetary_needs_test<2025-11, (default)> = [0.]
                                        TX<2025-11, (default)> = [ True]
                                        tx_tanf_gross_earned_income<2025-11, (default)> = [0.]
                                          TX<2025-11, (default)> = [ True]
                                          employment_income<2025-11, (default)> = [0.]
                                          self_employment_income<2025-11, (default)> = [0.]
                                          sstb_self_employment_income<2025-11, (default)> = [0.]
                                        tx_tanf_dependent_care_deduction<2025-11, (default)> = [0.]
                                          TX<2025-11, (default)> = [ True]
                                          childcare_expenses<2025-11, (default)> = [0.]
                                            childcare_expenses<2025, (default)> = [0.]
                                          care_expenses<2025-11, (default)> = [0.]
                                            care_expenses<2025, (default)> = [0.]
                                          is_tax_unit_dependent<2025-11, (default)> = [False]
                                          is_incapable_of_self_care<2025-11, (default)> = [False]
                                          monthly_age<2025-11, (default)> = [40.]
                                        tx_tanf_countable_unearned_income<2025-11, (default)> = [0.]
                                          TX<2025-11, (default)> = [ True]
                                          tx_tanf_gross_unearned_income<2025-11, (default)> = [0.]
                                            TX<2025-11, (default)> = [ True]
                                            social_security<2025-11, (default)> = [0.]
                                              social_security<2025, (default)> = [0.]
                                            survivor_benefits<2025-11, (default)> = [0.]
                                              survivor_benefits<2025, (default)> = [0.]
                                            disability_benefits<2025-11, (default)> = [0.]
                                              disability_benefits<2025, (default)> = [0.]
                                            workers_compensation<2025-11, (default)> = [0.]
                                              workers_compensation<2025, (default)> = [0.]
                                            unemployment_compensation<2025-11, (default)> = [0.]
                                              unemployment_compensation<2025, (default)> = [0.]
                                            veterans_benefits<2025-11, (default)> = [0.]
                                              veterans_benefits<2025, (default)> = [0.]
                                            pension_income<2025-11, (default)> = [0.]
                                            military_retirement_pay<2025-11, (default)> = [0.]
                                              military_retirement_pay<2025, (default)> = [0.]
                                            retirement_distributions<2025-11, (default)> = [0.]
                                              retirement_distributions<2025, (default)> = [0.]
                                            railroad_benefits<2025-11, (default)> = [0.]
                                              railroad_benefits<2025, (default)> = [0.]
                                            alimony_income<2025-11, (default)> = [0.]
                                            dividend_income<2025-11, (default)> = [0.]
                                            interest_income<2025-11, (default)> = [0.]
                                            rental_income<2025-11, (default)> = [0.]
                                            farm_rent_income<2025-11, (default)> = [0.]
                                              farm_rent_income<2025, (default)> = [0.]
                                            estate_income<2025-11, (default)> = [0.]
                                              estate_income<2025, (default)> = [0.]
                                            gambling_winnings<2025-11, (default)> = [0.]
                                              gambling_winnings<2025, (default)> = [0.]
                                            strike_benefits<2025-11, (default)> = [0.]
                                              strike_benefits<2025, (default)> = [0.]
                                            miscellaneous_income<2025-11, (default)> = [0.]
                                              miscellaneous_income<2025, (default)> = [0.]
                                            financial_assistance<2025-11, (default)> = [0.]
                                              financial_assistance<2025, (default)> = [0.]
                                            gi_cash_assistance<2025-11, (default)> = [0.]
                                              gi_cash_assistance<2025, (default)> = [0.]
                                            general_assistance<2025-11, (default)> = [0.]
                                              general_assistance<2025, (default)> = [0.]
                                            child_support_received<2025-11, (default)> = [0.]
                                              child_support_received<2025, (default)> = [0.]
                                          tx_tanf_child_support_deduction<2025-11, (default)> = [0.]
                                            TX<2025-11, (default)> = [ True]
                                            child_support_received<2025-11, (default)> = [0.]
                                    tx_tanf_recognizable_needs_test<2025-11, (default)> = [ True]
                                      TX<2025-11, (default)> = [ True]
                                      tx_tanf_budgetary_needs<2025-11, (default)> = [256.]
                                      tx_tanf_countable_income<2025-11, (default)> = [0.]
                                        TX<2025-11, (default)> = [ True]
                                        tx_tanf_countable_earned_income<2025-11, (default)> = [0.]
                                          TX<2025-11, (default)> = [ True]
                                          tx_tanf_earned_income_after_disregard_person<2025-11, (default)> = [0.]
                                            TX<2025-11, (default)> = [ True]
                                            tx_tanf_gross_earned_income<2025-11, (default)> = [0.]
                                            is_tanf_enrolled<2025-11, (default)> = [False]
                                          tx_tanf_dependent_care_deduction<2025-11, (default)> = [0.]
                                        tx_tanf_countable_unearned_income<2025-11, (default)> = [0.]
                                  tx_tanf_resources_eligible<2025-11, (default)> = [ True]
                                    TX<2025-11, (default)> = [ True]
                                    tx_tanf_countable_resources<2025-11, (default)> = [0.]
                                      TX<2025-11, (default)> = [ True]
                                      spm_unit_cash_assets<2025, (default)> = [0.]
                                      household_vehicles_value<2025, (default)> = [0.]
                              tx_ottanf<2025-11, (default)> = [0.]
                                tx_ottanf_eligible<2025-11, (default)> = [False]
                                  TX<2025-11, (default)> = [ True]
                                  tx_tanf_eligible<2025-11, (default)> = [False]
                                  tx_tanf_payment_standard<2025-11, (default)> = [130.]
                                    TX<2025-11, (default)> = [ True]
                                    tx_tanf_assistance_unit_size<2025-11, (default)> = [1]
                                    tx_tanf_caretaker_type<2025-11, (default)> = ['NON_CARETAKER']
                                  tx_tanf_countable_income<2025-11, (default)> = [0.]
                                  tx_ottanf_crisis_criteria<2025-11, (default)> = [False]
                                    TX<2025-11, (default)> = [ True]
                            tx_tanf<2025-12, (default)> = [0.]
                              TX<2025-12, (default)> = [ True]
                              tx_regular_tanf<2025-12, (default)> = [0.]
                                tx_tanf_eligible<2025-12, (default)> = [False]
                                  TX<2025-12, (default)> = [ True]
                                  tx_tanf_eligible_child<2025-12, (default)> = [False]
                                    TX<2025-12, (default)> = [ True]
                                    tx_tanf_age_eligible_child<2025-12, (default)> = [False]
                                      TX<2025-12, (default)> = [ True]
                                      monthly_age<2025-12, (default)> = [40.]
                                        age<2025-12, (default)> = [3.3333333]
                                          age<2025, (default)> = [40.]
                                      is_tax_unit_dependent<2025-12, (default)> = [False]
                                      is_full_time_student<2025-12, (default)> = [False]
                                    tx_tanf_categorically_eligible_person<2025-12, (default)> = [ True]
                                      TX<2025-12, (default)> = [ True]
                                      is_citizen_or_legal_immigrant<2025, (default)> = [ True]
                                      ssi<2025-12, (default)> = [0.]
                                        takes_up_ssi_if_eligible<2025-12, (default)> = [ True]
                                        ssi_if_takes_up<2025-12, (default)> = [0.]
                                          uncapped_ssi<2025-12, (default)> = [0.]
                                            is_ssi_eligible<2025-12, (default)> = [False]
                                              is_ssi_aged_blind_disabled<2025-12, (default)> = [False]
                                              meets_ssi_resource_test<2025-12, (default)> = [ True]
                                                ssi_claim_is_joint<2025-12, (default)> = [False]
                                                ssi_countable_resources<2025-12, (default)> = [0.]
                                              is_ssi_qualified_noncitizen<2025-12, (default)> = [False]
                                              immigration_status<2025-12, (default)> = ['CITIZEN']
                                          is_ssi_spousal_deeming_applies<2025, (default)> = [False]
                                      receives_ssi<2025-12, (default)> = [False]
                                  tx_tanf_income_eligible<2025-12, (default)> = [ True]
                                    TX<2025-12, (default)> = [ True]
                                    is_tanf_enrolled<2025-12, (default)> = [False]
                                      receives_tanf<2025-12, (default)> = [False]
                                    tx_tanf_budgetary_needs_test<2025-12, (default)> = [ True]
                                      TX<2025-12, (default)> = [ True]
                                      tx_tanf_budgetary_needs<2025-12, (default)> = [256.]
                                        TX<2025-12, (default)> = [ True]
                                        tx_tanf_assistance_unit_size<2025-12, (default)> = [1]
                                          TX<2025-12, (default)> = [ True]
                                          tx_tanf_eligible_child<2025-12, (default)> = [False]
                                          tx_tanf_eligible_parent<2025-12, (default)> = [ True]
                                            TX<2025-12, (default)> = [ True]
                                            is_tax_unit_head_or_spouse<2025-12, (default)> = [ True]
                                            tx_tanf_categorically_eligible_person<2025-12, (default)> = [ True]
                                        tx_tanf_caretaker_type<2025-12, (default)> = ['NON_CARETAKER']
                                          TX<2025-12, (default)> = [ True]
                                          tx_tanf_eligible_parent<2025-12, (default)> = [ True]
                                          tx_tanf_eligible_child<2025-12, (default)> = [False]
                                      tx_tanf_income_for_budgetary_needs_test<2025-12, (default)> = [0.]
                                        TX<2025-12, (default)> = [ True]
                                        tx_tanf_gross_earned_income<2025-12, (default)> = [0.]
                                          TX<2025-12, (default)> = [ True]
                                          employment_income<2025-12, (default)> = [0.]
                                          self_employment_income<2025-12, (default)> = [0.]
                                          sstb_self_employment_income<2025-12, (default)> = [0.]
                                        tx_tanf_dependent_care_deduction<2025-12, (default)> = [0.]
                                          TX<2025-12, (default)> = [ True]
                                          childcare_expenses<2025-12, (default)> = [0.]
                                            childcare_expenses<2025, (default)> = [0.]
                                          care_expenses<2025-12, (default)> = [0.]
                                            care_expenses<2025, (default)> = [0.]
                                          is_tax_unit_dependent<2025-12, (default)> = [False]
                                          is_incapable_of_self_care<2025-12, (default)> = [False]
                                          monthly_age<2025-12, (default)> = [40.]
                                        tx_tanf_countable_unearned_income<2025-12, (default)> = [0.]
                                          TX<2025-12, (default)> = [ True]
                                          tx_tanf_gross_unearned_income<2025-12, (default)> = [0.]
                                            TX<2025-12, (default)> = [ True]
                                            social_security<2025-12, (default)> = [0.]
                                              social_security<2025, (default)> = [0.]
                                            survivor_benefits<2025-12, (default)> = [0.]
                                              survivor_benefits<2025, (default)> = [0.]
                                            disability_benefits<2025-12, (default)> = [0.]
                                              disability_benefits<2025, (default)> = [0.]
                                            workers_compensation<2025-12, (default)> = [0.]
                                              workers_compensation<2025, (default)> = [0.]
                                            unemployment_compensation<2025-12, (default)> = [0.]
                                              unemployment_compensation<2025, (default)> = [0.]
                                            veterans_benefits<2025-12, (default)> = [0.]
                                              veterans_benefits<2025, (default)> = [0.]
                                            pension_income<2025-12, (default)> = [0.]
                                            military_retirement_pay<2025-12, (default)> = [0.]
                                              military_retirement_pay<2025, (default)> = [0.]
                                            retirement_distributions<2025-12, (default)> = [0.]
                                              retirement_distributions<2025, (default)> = [0.]
                                            railroad_benefits<2025-12, (default)> = [0.]
                                              railroad_benefits<2025, (default)> = [0.]
                                            alimony_income<2025-12, (default)> = [0.]
                                            dividend_income<2025-12, (default)> = [0.]
                                            interest_income<2025-12, (default)> = [0.]
                                            rental_income<2025-12, (default)> = [0.]
                                            farm_rent_income<2025-12, (default)> = [0.]
                                              farm_rent_income<2025, (default)> = [0.]
                                            estate_income<2025-12, (default)> = [0.]
                                              estate_income<2025, (default)> = [0.]
                                            gambling_winnings<2025-12, (default)> = [0.]
                                              gambling_winnings<2025, (default)> = [0.]
                                            strike_benefits<2025-12, (default)> = [0.]
                                              strike_benefits<2025, (default)> = [0.]
                                            miscellaneous_income<2025-12, (default)> = [0.]
                                              miscellaneous_income<2025, (default)> = [0.]
                                            financial_assistance<2025-12, (default)> = [0.]
                                              financial_assistance<2025, (default)> = [0.]
                                            gi_cash_assistance<2025-12, (default)> = [0.]
                                              gi_cash_assistance<2025, (default)> = [0.]
                                            general_assistance<2025-12, (default)> = [0.]
                                              general_assistance<2025, (default)> = [0.]
                                            child_support_received<2025-12, (default)> = [0.]
                                              child_support_received<2025, (default)> = [0.]
                                          tx_tanf_child_support_deduction<2025-12, (default)> = [0.]
                                            TX<2025-12, (default)> = [ True]
                                            child_support_received<2025-12, (default)> = [0.]
                                    tx_tanf_recognizable_needs_test<2025-12, (default)> = [ True]
                                      TX<2025-12, (default)> = [ True]
                                      tx_tanf_budgetary_needs<2025-12, (default)> = [256.]
                                      tx_tanf_countable_income<2025-12, (default)> = [0.]
                                        TX<2025-12, (default)> = [ True]
                                        tx_tanf_countable_earned_income<2025-12, (default)> = [0.]
                                          TX<2025-12, (default)> = [ True]
                                          tx_tanf_earned_income_after_disregard_person<2025-12, (default)> = [0.]
                                            TX<2025-12, (default)> = [ True]
                                            tx_tanf_gross_earned_income<2025-12, (default)> = [0.]
                                            is_tanf_enrolled<2025-12, (default)> = [False]
                                          tx_tanf_dependent_care_deduction<2025-12, (default)> = [0.]
                                        tx_tanf_countable_unearned_income<2025-12, (default)> = [0.]
                                  tx_tanf_resources_eligible<2025-12, (default)> = [ True]
                                    TX<2025-12, (default)> = [ True]
                                    tx_tanf_countable_resources<2025-12, (default)> = [0.]
                                      TX<2025-12, (default)> = [ True]
                                      spm_unit_cash_assets<2025, (default)> = [0.]
                                      household_vehicles_value<2025, (default)> = [0.]
                              tx_ottanf<2025-12, (default)> = [0.]
                                tx_ottanf_eligible<2025-12, (default)> = [False]
                                  TX<2025-12, (default)> = [ True]
                                  tx_tanf_eligible<2025-12, (default)> = [False]
                                  tx_tanf_payment_standard<2025-12, (default)> = [130.]
                                    TX<2025-12, (default)> = [ True]
                                    tx_tanf_assistance_unit_size<2025-12, (default)> = [1]
                                    tx_tanf_caretaker_type<2025-12, (default)> = ['NON_CARETAKER']
                                  tx_tanf_countable_income<2025-12, (default)> = [0.]
                                  tx_ottanf_crisis_criteria<2025-12, (default)> = [False]
                                    TX<2025-12, (default)> = [ True]
                          va_tanf<2025, (default)> = [0.]
                            va_tanf<2025-01, (default)> = [0.]
                              va_tanf_eligibility<2025-01, (default)> = [False]
                                VA<2025-01, (default)> = [False]
                            va_tanf<2025-02, (default)> = [0.]
                              va_tanf_eligibility<2025-02, (default)> = [False]
                                VA<2025-02, (default)> = [False]
                            va_tanf<2025-03, (default)> = [0.]
                              va_tanf_eligibility<2025-03, (default)> = [False]
                                VA<2025-03, (default)> = [False]
                            va_tanf<2025-04, (default)> = [0.]
                              va_tanf_eligibility<2025-04, (default)> = [False]
                                VA<2025-04, (default)> = [False]
                            va_tanf<2025-05, (default)> = [0.]
                              va_tanf_eligibility<2025-05, (default)> = [False]
                                VA<2025-05, (default)> = [False]
                            va_tanf<2025-06, (default)> = [0.]
                              va_tanf_eligibility<2025-06, (default)> = [False]
                                VA<2025-06, (default)> = [False]
                            va_tanf<2025-07, (default)> = [0.]
                              va_tanf_eligibility<2025-07, (default)> = [False]
                                VA<2025-07, (default)> = [False]
                            va_tanf<2025-08, (default)> = [0.]
                              va_tanf_eligibility<2025-08, (default)> = [False]
                                VA<2025-08, (default)> = [False]
                            va_tanf<2025-09, (default)> = [0.]
                              va_tanf_eligibility<2025-09, (default)> = [False]
                                VA<2025-09, (default)> = [False]
                            va_tanf<2025-10, (default)> = [0.]
                              va_tanf_eligibility<2025-10, (default)> = [False]
                                VA<2025-10, (default)> = [False]
                            va_tanf<2025-11, (default)> = [0.]
                              va_tanf_eligibility<2025-11, (default)> = [False]
                                VA<2025-11, (default)> = [False]
                            va_tanf<2025-12, (default)> = [0.]
                              va_tanf_eligibility<2025-12, (default)> = [False]
                                VA<2025-12, (default)> = [False]
                          wa_tanf<2025, (default)> = [0.]
                            wa_tanf<2025-01, (default)> = [0.]
                              wa_tanf_eligible<2025-01, (default)> = [False]
                                WA<2025-01, (default)> = [False]
                            wa_tanf<2025-02, (default)> = [0.]
                              wa_tanf_eligible<2025-02, (default)> = [False]
                                WA<2025-02, (default)> = [False]
                            wa_tanf<2025-03, (default)> = [0.]
                              wa_tanf_eligible<2025-03, (default)> = [False]
                                WA<2025-03, (default)> = [False]
                            wa_tanf<2025-04, (default)> = [0.]
                              wa_tanf_eligible<2025-04, (default)> = [False]
                                WA<2025-04, (default)> = [False]
                            wa_tanf<2025-05, (default)> = [0.]
                              wa_tanf_eligible<2025-05, (default)> = [False]
                                WA<2025-05, (default)> = [False]
                            wa_tanf<2025-06, (default)> = [0.]
                              wa_tanf_eligible<2025-06, (default)> = [False]
                                WA<2025-06, (default)> = [False]
                            wa_tanf<2025-07, (default)> = [0.]
                              wa_tanf_eligible<2025-07, (default)> = [False]
                                WA<2025-07, (default)> = [False]
                            wa_tanf<2025-08, (default)> = [0.]
                              wa_tanf_eligible<2025-08, (default)> = [False]
                                WA<2025-08, (default)> = [False]
                            wa_tanf<2025-09, (default)> = [0.]
                              wa_tanf_eligible<2025-09, (default)> = [False]
                                WA<2025-09, (default)> = [False]
                            wa_tanf<2025-10, (default)> = [0.]
                              wa_tanf_eligible<2025-10, (default)> = [False]
                                WA<2025-10, (default)> = [False]
                            wa_tanf<2025-11, (default)> = [0.]
                              wa_tanf_eligible<2025-11, (default)> = [False]
                                WA<2025-11, (default)> = [False]
                            wa_tanf<2025-12, (default)> = [0.]
                              wa_tanf_eligible<2025-12, (default)> = [False]
                                WA<2025-12, (default)> = [False]
                          ak_atap<2025, (default)> = [0.]
                            ak_atap<2025-01, (default)> = [0.]
                              ak_atap_eligible<2025-01, (default)> = [False]
                                AK<2025-01, (default)> = [False]
                            ak_atap<2025-02, (default)> = [0.]
                              ak_atap_eligible<2025-02, (default)> = [False]
                                AK<2025-02, (default)> = [False]
                            ak_atap<2025-03, (default)> = [0.]
                              ak_atap_eligible<2025-03, (default)> = [False]
                                AK<2025-03, (default)> = [False]
                            ak_atap<2025-04, (default)> = [0.]
                              ak_atap_eligible<2025-04, (default)> = [False]
                                AK<2025-04, (default)> = [False]
                            ak_atap<2025-05, (default)> = [0.]
                              ak_atap_eligible<2025-05, (default)> = [False]
                                AK<2025-05, (default)> = [False]
                            ak_atap<2025-06, (default)> = [0.]
                              ak_atap_eligible<2025-06, (default)> = [False]
                                AK<2025-06, (default)> = [False]
                            ak_atap<2025-07, (default)> = [0.]
                              ak_atap_eligible<2025-07, (default)> = [False]
                                AK<2025-07, (default)> = [False]
                            ak_atap<2025-08, (default)> = [0.]
                              ak_atap_eligible<2025-08, (default)> = [False]
                                AK<2025-08, (default)> = [False]
                            ak_atap<2025-09, (default)> = [0.]
                              ak_atap_eligible<2025-09, (default)> = [False]
                                AK<2025-09, (default)> = [False]
                            ak_atap<2025-10, (default)> = [0.]
                              ak_atap_eligible<2025-10, (default)> = [False]
                                AK<2025-10, (default)> = [False]
                            ak_atap<2025-11, (default)> = [0.]
                              ak_atap_eligible<2025-11, (default)> = [False]
                                AK<2025-11, (default)> = [False]
                            ak_atap<2025-12, (default)> = [0.]
                              ak_atap_eligible<2025-12, (default)> = [False]
                                AK<2025-12, (default)> = [False]
                          ar_tea<2025, (default)> = [0.]
                            ar_tea<2025-01, (default)> = [0.]
                              ar_tea_eligible<2025-01, (default)> = [False]
                                AR<2025-01, (default)> = [False]
                            ar_tea<2025-02, (default)> = [0.]
                              ar_tea_eligible<2025-02, (default)> = [False]
                                AR<2025-02, (default)> = [False]
                            ar_tea<2025-03, (default)> = [0.]
                              ar_tea_eligible<2025-03, (default)> = [False]
                                AR<2025-03, (default)> = [False]
                            ar_tea<2025-04, (default)> = [0.]
                              ar_tea_eligible<2025-04, (default)> = [False]
                                AR<2025-04, (default)> = [False]
                            ar_tea<2025-05, (default)> = [0.]
                              ar_tea_eligible<2025-05, (default)> = [False]
                                AR<2025-05, (default)> = [False]
                            ar_tea<2025-06, (default)> = [0.]
                              ar_tea_eligible<2025-06, (default)> = [False]
                                AR<2025-06, (default)> = [False]
                            ar_tea<2025-07, (default)> = [0.]
                              ar_tea_eligible<2025-07, (default)> = [False]
                                AR<2025-07, (default)> = [False]
                            ar_tea<2025-08, (default)> = [0.]
                              ar_tea_eligible<2025-08, (default)> = [False]
                                AR<2025-08, (default)> = [False]
                            ar_tea<2025-09, (default)> = [0.]
                              ar_tea_eligible<2025-09, (default)> = [False]
                                AR<2025-09, (default)> = [False]
                            ar_tea<2025-10, (default)> = [0.]
                              ar_tea_eligible<2025-10, (default)> = [False]
                                AR<2025-10, (default)> = [False]
                            ar_tea<2025-11, (default)> = [0.]
                              ar_tea_eligible<2025-11, (default)> = [False]
                                AR<2025-11, (default)> = [False]
                            ar_tea<2025-12, (default)> = [0.]
                              ar_tea_eligible<2025-12, (default)> = [False]
                                AR<2025-12, (default)> = [False]
                          ct_tfa<2025, (default)> = [0.]
                            ct_tfa<2025-01, (default)> = [0.]
                              ct_tfa_eligible<2025-01, (default)> = [False]
                                CT<2025-01, (default)> = [False]
                            ct_tfa<2025-02, (default)> = [0.]
                              ct_tfa_eligible<2025-02, (default)> = [False]
                                CT<2025-02, (default)> = [False]
                            ct_tfa<2025-03, (default)> = [0.]
                              ct_tfa_eligible<2025-03, (default)> = [False]
                                CT<2025-03, (default)> = [False]
                            ct_tfa<2025-04, (default)> = [0.]
                              ct_tfa_eligible<2025-04, (default)> = [False]
                                CT<2025-04, (default)> = [False]
                            ct_tfa<2025-05, (default)> = [0.]
                              ct_tfa_eligible<2025-05, (default)> = [False]
                                CT<2025-05, (default)> = [False]
                            ct_tfa<2025-06, (default)> = [0.]
                              ct_tfa_eligible<2025-06, (default)> = [False]
                                CT<2025-06, (default)> = [False]
                            ct_tfa<2025-07, (default)> = [0.]
                              ct_tfa_eligible<2025-07, (default)> = [False]
                                CT<2025-07, (default)> = [False]
                            ct_tfa<2025-08, (default)> = [0.]
                              ct_tfa_eligible<2025-08, (default)> = [False]
                                CT<2025-08, (default)> = [False]
                            ct_tfa<2025-09, (default)> = [0.]
                              ct_tfa_eligible<2025-09, (default)> = [False]
                                CT<2025-09, (default)> = [False]
                            ct_tfa<2025-10, (default)> = [0.]
                              ct_tfa_eligible<2025-10, (default)> = [False]
                                CT<2025-10, (default)> = [False]
                            ct_tfa<2025-11, (default)> = [0.]
                              ct_tfa_eligible<2025-11, (default)> = [False]
                                CT<2025-11, (default)> = [False]
                            ct_tfa<2025-12, (default)> = [0.]
                              ct_tfa_eligible<2025-12, (default)> = [False]
                                CT<2025-12, (default)> = [False]
                          fl_tca<2025, (default)> = [0.]
                            fl_tca<2025-01, (default)> = [0.]
                              fl_tca_eligible<2025-01, (default)> = [False]
                                FL<2025-01, (default)> = [False]
                            fl_tca<2025-02, (default)> = [0.]
                              fl_tca_eligible<2025-02, (default)> = [False]
                                FL<2025-02, (default)> = [False]
                            fl_tca<2025-03, (default)> = [0.]
                              fl_tca_eligible<2025-03, (default)> = [False]
                                FL<2025-03, (default)> = [False]
                            fl_tca<2025-04, (default)> = [0.]
                              fl_tca_eligible<2025-04, (default)> = [False]
                                FL<2025-04, (default)> = [False]
                            fl_tca<2025-05, (default)> = [0.]
                              fl_tca_eligible<2025-05, (default)> = [False]
                                FL<2025-05, (default)> = [False]
                            fl_tca<2025-06, (default)> = [0.]
                              fl_tca_eligible<2025-06, (default)> = [False]
                                FL<2025-06, (default)> = [False]
                            fl_tca<2025-07, (default)> = [0.]
                              fl_tca_eligible<2025-07, (default)> = [False]
                                FL<2025-07, (default)> = [False]
                            fl_tca<2025-08, (default)> = [0.]
                              fl_tca_eligible<2025-08, (default)> = [False]
                                FL<2025-08, (default)> = [False]
                            fl_tca<2025-09, (default)> = [0.]
                              fl_tca_eligible<2025-09, (default)> = [False]
                                FL<2025-09, (default)> = [False]
                            fl_tca<2025-10, (default)> = [0.]
                              fl_tca_eligible<2025-10, (default)> = [False]
                                FL<2025-10, (default)> = [False]
                            fl_tca<2025-11, (default)> = [0.]
                              fl_tca_eligible<2025-11, (default)> = [False]
                                FL<2025-11, (default)> = [False]
                            fl_tca<2025-12, (default)> = [0.]
                              fl_tca_eligible<2025-12, (default)> = [False]
                                FL<2025-12, (default)> = [False]
                          ia_fip<2025, (default)> = [0.]
                            ia_fip<2025-01, (default)> = [0.]
                              ia_fip_eligible<2025-01, (default)> = [False]
                                IA<2025-01, (default)> = [False]
                            ia_fip<2025-02, (default)> = [0.]
                              ia_fip_eligible<2025-02, (default)> = [False]
                                IA<2025-02, (default)> = [False]
                            ia_fip<2025-03, (default)> = [0.]
                              ia_fip_eligible<2025-03, (default)> = [False]
                                IA<2025-03, (default)> = [False]
                            ia_fip<2025-04, (default)> = [0.]
                              ia_fip_eligible<2025-04, (default)> = [False]
                                IA<2025-04, (default)> = [False]
                            ia_fip<2025-05, (default)> = [0.]
                              ia_fip_eligible<2025-05, (default)> = [False]
                                IA<2025-05, (default)> = [False]
                            ia_fip<2025-06, (default)> = [0.]
                              ia_fip_eligible<2025-06, (default)> = [False]
                                IA<2025-06, (default)> = [False]
                            ia_fip<2025-07, (default)> = [0.]
                              ia_fip_eligible<2025-07, (default)> = [False]
                                IA<2025-07, (default)> = [False]
                            ia_fip<2025-08, (default)> = [0.]
                              ia_fip_eligible<2025-08, (default)> = [False]
                                IA<2025-08, (default)> = [False]
                            ia_fip<2025-09, (default)> = [0.]
                              ia_fip_eligible<2025-09, (default)> = [False]
                                IA<2025-09, (default)> = [False]
                            ia_fip<2025-10, (default)> = [0.]
                              ia_fip_eligible<2025-10, (default)> = [False]
                                IA<2025-10, (default)> = [False]
                            ia_fip<2025-11, (default)> = [0.]
                              ia_fip_eligible<2025-11, (default)> = [False]
                                IA<2025-11, (default)> = [False]
                            ia_fip<2025-12, (default)> = [0.]
                              ia_fip_eligible<2025-12, (default)> = [False]
                                IA<2025-12, (default)> = [False]
                          id_tafi<2025, (default)> = [0.]
                            id_tafi<2025-01, (default)> = [0.]
                              id_tafi_eligible<2025-01, (default)> = [False]
                                ID<2025-01, (default)> = [False]
                            id_tafi<2025-02, (default)> = [0.]
                              id_tafi_eligible<2025-02, (default)> = [False]
                                ID<2025-02, (default)> = [False]
                            id_tafi<2025-03, (default)> = [0.]
                              id_tafi_eligible<2025-03, (default)> = [False]
                                ID<2025-03, (default)> = [False]
                            id_tafi<2025-04, (default)> = [0.]
                              id_tafi_eligible<2025-04, (default)> = [False]
                                ID<2025-04, (default)> = [False]
                            id_tafi<2025-05, (default)> = [0.]
                              id_tafi_eligible<2025-05, (default)> = [False]
                                ID<2025-05, (default)> = [False]
                            id_tafi<2025-06, (default)> = [0.]
                              id_tafi_eligible<2025-06, (default)> = [False]
                                ID<2025-06, (default)> = [False]
                            id_tafi<2025-07, (default)> = [0.]
                              id_tafi_eligible<2025-07, (default)> = [False]
                                ID<2025-07, (default)> = [False]
                            id_tafi<2025-08, (default)> = [0.]
                              id_tafi_eligible<2025-08, (default)> = [False]
                                ID<2025-08, (default)> = [False]
                            id_tafi<2025-09, (default)> = [0.]
                              id_tafi_eligible<2025-09, (default)> = [False]
                                ID<2025-09, (default)> = [False]
                            id_tafi<2025-10, (default)> = [0.]
                              id_tafi_eligible<2025-10, (default)> = [False]
                                ID<2025-10, (default)> = [False]
                            id_tafi<2025-11, (default)> = [0.]
                              id_tafi_eligible<2025-11, (default)> = [False]
                                ID<2025-11, (default)> = [False]
                            id_tafi<2025-12, (default)> = [0.]
                              id_tafi_eligible<2025-12, (default)> = [False]
                                ID<2025-12, (default)> = [False]
                          ky_ktap<2025, (default)> = [0.]
                            ky_ktap<2025-01, (default)> = [0.]
                              ky_ktap_eligible<2025-01, (default)> = [False]
                                KY<2025-01, (default)> = [False]
                            ky_ktap<2025-02, (default)> = [0.]
                              ky_ktap_eligible<2025-02, (default)> = [False]
                                KY<2025-02, (default)> = [False]
                            ky_ktap<2025-03, (default)> = [0.]
                              ky_ktap_eligible<2025-03, (default)> = [False]
                                KY<2025-03, (default)> = [False]
                            ky_ktap<2025-04, (default)> = [0.]
                              ky_ktap_eligible<2025-04, (default)> = [False]
                                KY<2025-04, (default)> = [False]
                            ky_ktap<2025-05, (default)> = [0.]
                              ky_ktap_eligible<2025-05, (default)> = [False]
                                KY<2025-05, (default)> = [False]
                            ky_ktap<2025-06, (default)> = [0.]
                              ky_ktap_eligible<2025-06, (default)> = [False]
                                KY<2025-06, (default)> = [False]
                            ky_ktap<2025-07, (default)> = [0.]
                              ky_ktap_eligible<2025-07, (default)> = [False]
                                KY<2025-07, (default)> = [False]
                            ky_ktap<2025-08, (default)> = [0.]
                              ky_ktap_eligible<2025-08, (default)> = [False]
                                KY<2025-08, (default)> = [False]
                            ky_ktap<2025-09, (default)> = [0.]
                              ky_ktap_eligible<2025-09, (default)> = [False]
                                KY<2025-09, (default)> = [False]
                            ky_ktap<2025-10, (default)> = [0.]
                              ky_ktap_eligible<2025-10, (default)> = [False]
                                KY<2025-10, (default)> = [False]
                            ky_ktap<2025-11, (default)> = [0.]
                              ky_ktap_eligible<2025-11, (default)> = [False]
                                KY<2025-11, (default)> = [False]
                            ky_ktap<2025-12, (default)> = [0.]
                              ky_ktap_eligible<2025-12, (default)> = [False]
                                KY<2025-12, (default)> = [False]
                          la_fitap<2025, (default)> = [0.]
                            la_fitap<2025-01, (default)> = [0.]
                              la_fitap_eligible<2025-01, (default)> = [False]
                                LA<2025-01, (default)> = [False]
                            la_fitap<2025-02, (default)> = [0.]
                              la_fitap_eligible<2025-02, (default)> = [False]
                                LA<2025-02, (default)> = [False]
                            la_fitap<2025-03, (default)> = [0.]
                              la_fitap_eligible<2025-03, (default)> = [False]
                                LA<2025-03, (default)> = [False]
                            la_fitap<2025-04, (default)> = [0.]
                              la_fitap_eligible<2025-04, (default)> = [False]
                                LA<2025-04, (default)> = [False]
                            la_fitap<2025-05, (default)> = [0.]
                              la_fitap_eligible<2025-05, (default)> = [False]
                                LA<2025-05, (default)> = [False]
                            la_fitap<2025-06, (default)> = [0.]
                              la_fitap_eligible<2025-06, (default)> = [False]
                                LA<2025-06, (default)> = [False]
                            la_fitap<2025-07, (default)> = [0.]
                              la_fitap_eligible<2025-07, (default)> = [False]
                                LA<2025-07, (default)> = [False]
                            la_fitap<2025-08, (default)> = [0.]
                              la_fitap_eligible<2025-08, (default)> = [False]
                                LA<2025-08, (default)> = [False]
                            la_fitap<2025-09, (default)> = [0.]
                              la_fitap_eligible<2025-09, (default)> = [False]
                                LA<2025-09, (default)> = [False]
                            la_fitap<2025-10, (default)> = [0.]
                              la_fitap_eligible<2025-10, (default)> = [False]
                                LA<2025-10, (default)> = [False]
                            la_fitap<2025-11, (default)> = [0.]
                              la_fitap_eligible<2025-11, (default)> = [False]
                                LA<2025-11, (default)> = [False]
                            la_fitap<2025-12, (default)> = [0.]
                              la_fitap_eligible<2025-12, (default)> = [False]
                                LA<2025-12, (default)> = [False]
                          ma_tafdc<2025, (default)> = [0.]
                            ma_tafdc<2025-01, (default)> = [0.]
                              ma_tafdc_exceeds_eaedc<2025-01, (default)> = [False]
                                MA<2025-01, (default)> = [False]
                            ma_tafdc<2025-02, (default)> = [0.]
                              ma_tafdc_exceeds_eaedc<2025-02, (default)> = [False]
                                MA<2025-02, (default)> = [False]
                            ma_tafdc<2025-03, (default)> = [0.]
                              ma_tafdc_exceeds_eaedc<2025-03, (default)> = [False]
                                MA<2025-03, (default)> = [False]
                            ma_tafdc<2025-04, (default)> = [0.]
                              ma_tafdc_exceeds_eaedc<2025-04, (default)> = [False]
                                MA<2025-04, (default)> = [False]
                            ma_tafdc<2025-05, (default)> = [0.]
                              ma_tafdc_exceeds_eaedc<2025-05, (default)> = [False]
                                MA<2025-05, (default)> = [False]
                            ma_tafdc<2025-06, (default)> = [0.]
                              ma_tafdc_exceeds_eaedc<2025-06, (default)> = [False]
                                MA<2025-06, (default)> = [False]
                            ma_tafdc<2025-07, (default)> = [0.]
                              ma_tafdc_exceeds_eaedc<2025-07, (default)> = [False]
                                MA<2025-07, (default)> = [False]
                            ma_tafdc<2025-08, (default)> = [0.]
                              ma_tafdc_exceeds_eaedc<2025-08, (default)> = [False]
                                MA<2025-08, (default)> = [False]
                            ma_tafdc<2025-09, (default)> = [0.]
                              ma_tafdc_exceeds_eaedc<2025-09, (default)> = [False]
                                MA<2025-09, (default)> = [False]
                            ma_tafdc<2025-10, (default)> = [0.]
                              ma_tafdc_exceeds_eaedc<2025-10, (default)> = [False]
                                MA<2025-10, (default)> = [False]
                            ma_tafdc<2025-11, (default)> = [0.]
                              ma_tafdc_exceeds_eaedc<2025-11, (default)> = [False]
                                MA<2025-11, (default)> = [False]
                            ma_tafdc<2025-12, (default)> = [0.]
                              ma_tafdc_exceeds_eaedc<2025-12, (default)> = [False]
                                MA<2025-12, (default)> = [False]
                          md_tca<2025, (default)> = [0.]
                            md_tca<2025-01, (default)> = [0.]
                              md_tca_eligible<2025-01, (default)> = [False]
                                MD<2025-01, (default)> = [False]
                            md_tca<2025-02, (default)> = [0.]
                              md_tca_eligible<2025-02, (default)> = [False]
                                MD<2025-02, (default)> = [False]
                            md_tca<2025-03, (default)> = [0.]
                              md_tca_eligible<2025-03, (default)> = [False]
                                MD<2025-03, (default)> = [False]
                            md_tca<2025-04, (default)> = [0.]
                              md_tca_eligible<2025-04, (default)> = [False]
                                MD<2025-04, (default)> = [False]
                            md_tca<2025-05, (default)> = [0.]
                              md_tca_eligible<2025-05, (default)> = [False]
                                MD<2025-05, (default)> = [False]
                            md_tca<2025-06, (default)> = [0.]
                              md_tca_eligible<2025-06, (default)> = [False]
                                MD<2025-06, (default)> = [False]
                            md_tca<2025-07, (default)> = [0.]
                              md_tca_eligible<2025-07, (default)> = [False]
                                MD<2025-07, (default)> = [False]
                            md_tca<2025-08, (default)> = [0.]
                              md_tca_eligible<2025-08, (default)> = [False]
                                MD<2025-08, (default)> = [False]
                            md_tca<2025-09, (default)> = [0.]
                              md_tca_eligible<2025-09, (default)> = [False]
                                MD<2025-09, (default)> = [False]
                            md_tca<2025-10, (default)> = [0.]
                              md_tca_eligible<2025-10, (default)> = [False]
                                MD<2025-10, (default)> = [False]
                            md_tca<2025-11, (default)> = [0.]
                              md_tca_eligible<2025-11, (default)> = [False]
                                MD<2025-11, (default)> = [False]
                            md_tca<2025-12, (default)> = [0.]
                              md_tca_eligible<2025-12, (default)> = [False]
                                MD<2025-12, (default)> = [False]
                          mi_fip<2025, (default)> = [0.]
                            mi_fip<2025-01, (default)> = [0.]
                              mi_fip_eligible<2025-01, (default)> = [False]
                                MI<2025-01, (default)> = [False]
                            mi_fip<2025-02, (default)> = [0.]
                              mi_fip_eligible<2025-02, (default)> = [False]
                                MI<2025-02, (default)> = [False]
                            mi_fip<2025-03, (default)> = [0.]
                              mi_fip_eligible<2025-03, (default)> = [False]
                                MI<2025-03, (default)> = [False]
                            mi_fip<2025-04, (default)> = [0.]
                              mi_fip_eligible<2025-04, (default)> = [False]
                                MI<2025-04, (default)> = [False]
                            mi_fip<2025-05, (default)> = [0.]
                              mi_fip_eligible<2025-05, (default)> = [False]
                                MI<2025-05, (default)> = [False]
                            mi_fip<2025-06, (default)> = [0.]
                              mi_fip_eligible<2025-06, (default)> = [False]
                                MI<2025-06, (default)> = [False]
                            mi_fip<2025-07, (default)> = [0.]
                              mi_fip_eligible<2025-07, (default)> = [False]
                                MI<2025-07, (default)> = [False]
                            mi_fip<2025-08, (default)> = [0.]
                              mi_fip_eligible<2025-08, (default)> = [False]
                                MI<2025-08, (default)> = [False]
                            mi_fip<2025-09, (default)> = [0.]
                              mi_fip_eligible<2025-09, (default)> = [False]
                                MI<2025-09, (default)> = [False]
                            mi_fip<2025-10, (default)> = [0.]
                              mi_fip_eligible<2025-10, (default)> = [False]
                                MI<2025-10, (default)> = [False]
                            mi_fip<2025-11, (default)> = [0.]
                              mi_fip_eligible<2025-11, (default)> = [False]
                                MI<2025-11, (default)> = [False]
                            mi_fip<2025-12, (default)> = [0.]
                              mi_fip_eligible<2025-12, (default)> = [False]
                                MI<2025-12, (default)> = [False]
                          mn_mfip<2025, (default)> = [0.]
                            mn_mfip<2025-01, (default)> = [0.]
                              mn_mfip_eligible<2025-01, (default)> = [False]
                                MN<2025-01, (default)> = [False]
                            mn_mfip<2025-02, (default)> = [0.]
                              mn_mfip_eligible<2025-02, (default)> = [False]
                                MN<2025-02, (default)> = [False]
                            mn_mfip<2025-03, (default)> = [0.]
                              mn_mfip_eligible<2025-03, (default)> = [False]
                                MN<2025-03, (default)> = [False]
                            mn_mfip<2025-04, (default)> = [0.]
                              mn_mfip_eligible<2025-04, (default)> = [False]
                                MN<2025-04, (default)> = [False]
                            mn_mfip<2025-05, (default)> = [0.]
                              mn_mfip_eligible<2025-05, (default)> = [False]
                                MN<2025-05, (default)> = [False]
                            mn_mfip<2025-06, (default)> = [0.]
                              mn_mfip_eligible<2025-06, (default)> = [False]
                                MN<2025-06, (default)> = [False]
                            mn_mfip<2025-07, (default)> = [0.]
                              mn_mfip_eligible<2025-07, (default)> = [False]
                                MN<2025-07, (default)> = [False]
                            mn_mfip<2025-08, (default)> = [0.]
                              mn_mfip_eligible<2025-08, (default)> = [False]
                                MN<2025-08, (default)> = [False]
                            mn_mfip<2025-09, (default)> = [0.]
                              mn_mfip_eligible<2025-09, (default)> = [False]
                                MN<2025-09, (default)> = [False]
                            mn_mfip<2025-10, (default)> = [0.]
                              mn_mfip_eligible<2025-10, (default)> = [False]
                                MN<2025-10, (default)> = [False]
                            mn_mfip<2025-11, (default)> = [0.]
                              mn_mfip_eligible<2025-11, (default)> = [False]
                                MN<2025-11, (default)> = [False]
                            mn_mfip<2025-12, (default)> = [0.]
                              mn_mfip_eligible<2025-12, (default)> = [False]
                                MN<2025-12, (default)> = [False]
                          ne_adc<2025, (default)> = [0.]
                            ne_adc<2025-01, (default)> = [0.]
                              ne_adc_eligible<2025-01, (default)> = [False]
                                NE<2025-01, (default)> = [False]
                            ne_adc<2025-02, (default)> = [0.]
                              ne_adc_eligible<2025-02, (default)> = [False]
                                NE<2025-02, (default)> = [False]
                            ne_adc<2025-03, (default)> = [0.]
                              ne_adc_eligible<2025-03, (default)> = [False]
                                NE<2025-03, (default)> = [False]
                            ne_adc<2025-04, (default)> = [0.]
                              ne_adc_eligible<2025-04, (default)> = [False]
                                NE<2025-04, (default)> = [False]
                            ne_adc<2025-05, (default)> = [0.]
                              ne_adc_eligible<2025-05, (default)> = [False]
                                NE<2025-05, (default)> = [False]
                            ne_adc<2025-06, (default)> = [0.]
                              ne_adc_eligible<2025-06, (default)> = [False]
                                NE<2025-06, (default)> = [False]
                            ne_adc<2025-07, (default)> = [0.]
                              ne_adc_eligible<2025-07, (default)> = [False]
                                NE<2025-07, (default)> = [False]
                            ne_adc<2025-08, (default)> = [0.]
                              ne_adc_eligible<2025-08, (default)> = [False]
                                NE<2025-08, (default)> = [False]
                            ne_adc<2025-09, (default)> = [0.]
                              ne_adc_eligible<2025-09, (default)> = [False]
                                NE<2025-09, (default)> = [False]
                            ne_adc<2025-10, (default)> = [0.]
                              ne_adc_eligible<2025-10, (default)> = [False]
                                NE<2025-10, (default)> = [False]
                            ne_adc<2025-11, (default)> = [0.]
                              ne_adc_eligible<2025-11, (default)> = [False]
                                NE<2025-11, (default)> = [False]
                            ne_adc<2025-12, (default)> = [0.]
                              ne_adc_eligible<2025-12, (default)> = [False]
                                NE<2025-12, (default)> = [False]
                          nh_fanf<2025, (default)> = [0.]
                            nh_fanf<2025-01, (default)> = [0.]
                              nh_fanf_eligible<2025-01, (default)> = [False]
                                NH<2025-01, (default)> = [False]
                            nh_fanf<2025-02, (default)> = [0.]
                              nh_fanf_eligible<2025-02, (default)> = [False]
                                NH<2025-02, (default)> = [False]
                            nh_fanf<2025-03, (default)> = [0.]
                              nh_fanf_eligible<2025-03, (default)> = [False]
                                NH<2025-03, (default)> = [False]
                            nh_fanf<2025-04, (default)> = [0.]
                              nh_fanf_eligible<2025-04, (default)> = [False]
                                NH<2025-04, (default)> = [False]
                            nh_fanf<2025-05, (default)> = [0.]
                              nh_fanf_eligible<2025-05, (default)> = [False]
                                NH<2025-05, (default)> = [False]
                            nh_fanf<2025-06, (default)> = [0.]
                              nh_fanf_eligible<2025-06, (default)> = [False]
                                NH<2025-06, (default)> = [False]
                            nh_fanf<2025-07, (default)> = [0.]
                              nh_fanf_eligible<2025-07, (default)> = [False]
                                NH<2025-07, (default)> = [False]
                            nh_fanf<2025-08, (default)> = [0.]
                              nh_fanf_eligible<2025-08, (default)> = [False]
                                NH<2025-08, (default)> = [False]
                            nh_fanf<2025-09, (default)> = [0.]
                              nh_fanf_eligible<2025-09, (default)> = [False]
                                NH<2025-09, (default)> = [False]
                            nh_fanf<2025-10, (default)> = [0.]
                              nh_fanf_eligible<2025-10, (default)> = [False]
                                NH<2025-10, (default)> = [False]
                            nh_fanf<2025-11, (default)> = [0.]
                              nh_fanf_eligible<2025-11, (default)> = [False]
                                NH<2025-11, (default)> = [False]
                            nh_fanf<2025-12, (default)> = [0.]
                              nh_fanf_eligible<2025-12, (default)> = [False]
                                NH<2025-12, (default)> = [False]
                          nj_wfnj<2025, (default)> = [0.]
                            nj_wfnj<2025-01, (default)> = [0.]
                              nj_wfnj_eligible<2025-01, (default)> = [False]
                                NJ<2025-01, (default)> = [False]
                            nj_wfnj<2025-02, (default)> = [0.]
                              nj_wfnj_eligible<2025-02, (default)> = [False]
                                NJ<2025-02, (default)> = [False]
                            nj_wfnj<2025-03, (default)> = [0.]
                              nj_wfnj_eligible<2025-03, (default)> = [False]
                                NJ<2025-03, (default)> = [False]
                            nj_wfnj<2025-04, (default)> = [0.]
                              nj_wfnj_eligible<2025-04, (default)> = [False]
                                NJ<2025-04, (default)> = [False]
                            nj_wfnj<2025-05, (default)> = [0.]
                              nj_wfnj_eligible<2025-05, (default)> = [False]
                                NJ<2025-05, (default)> = [False]
                            nj_wfnj<2025-06, (default)> = [0.]
                              nj_wfnj_eligible<2025-06, (default)> = [False]
                                NJ<2025-06, (default)> = [False]
                            nj_wfnj<2025-07, (default)> = [0.]
                              nj_wfnj_eligible<2025-07, (default)> = [False]
                                NJ<2025-07, (default)> = [False]
                            nj_wfnj<2025-08, (default)> = [0.]
                              nj_wfnj_eligible<2025-08, (default)> = [False]
                                NJ<2025-08, (default)> = [False]
                            nj_wfnj<2025-09, (default)> = [0.]
                              nj_wfnj_eligible<2025-09, (default)> = [False]
                                NJ<2025-09, (default)> = [False]
                            nj_wfnj<2025-10, (default)> = [0.]
                              nj_wfnj_eligible<2025-10, (default)> = [False]
                                NJ<2025-10, (default)> = [False]
                            nj_wfnj<2025-11, (default)> = [0.]
                              nj_wfnj_eligible<2025-11, (default)> = [False]
                                NJ<2025-11, (default)> = [False]
                            nj_wfnj<2025-12, (default)> = [0.]
                              nj_wfnj_eligible<2025-12, (default)> = [False]
                                NJ<2025-12, (default)> = [False]
                          nm_works<2025, (default)> = [0.]
                            nm_works<2025-01, (default)> = [0.]
                              nm_works_eligible<2025-01, (default)> = [False]
                                NM<2025-01, (default)> = [False]
                            nm_works<2025-02, (default)> = [0.]
                              nm_works_eligible<2025-02, (default)> = [False]
                                NM<2025-02, (default)> = [False]
                            nm_works<2025-03, (default)> = [0.]
                              nm_works_eligible<2025-03, (default)> = [False]
                                NM<2025-03, (default)> = [False]
                            nm_works<2025-04, (default)> = [0.]
                              nm_works_eligible<2025-04, (default)> = [False]
                                NM<2025-04, (default)> = [False]
                            nm_works<2025-05, (default)> = [0.]
                              nm_works_eligible<2025-05, (default)> = [False]
                                NM<2025-05, (default)> = [False]
                            nm_works<2025-06, (default)> = [0.]
                              nm_works_eligible<2025-06, (default)> = [False]
                                NM<2025-06, (default)> = [False]
                            nm_works<2025-07, (default)> = [0.]
                              nm_works_eligible<2025-07, (default)> = [False]
                                NM<2025-07, (default)> = [False]
                            nm_works<2025-08, (default)> = [0.]
                              nm_works_eligible<2025-08, (default)> = [False]
                                NM<2025-08, (default)> = [False]
                            nm_works<2025-09, (default)> = [0.]
                              nm_works_eligible<2025-09, (default)> = [False]
                                NM<2025-09, (default)> = [False]
                            nm_works<2025-10, (default)> = [0.]
                              nm_works_eligible<2025-10, (default)> = [False]
                                NM<2025-10, (default)> = [False]
                            nm_works<2025-11, (default)> = [0.]
                              nm_works_eligible<2025-11, (default)> = [False]
                                NM<2025-11, (default)> = [False]
                            nm_works<2025-12, (default)> = [0.]
                              nm_works_eligible<2025-12, (default)> = [False]
                                NM<2025-12, (default)> = [False]
                          oh_owf<2025, (default)> = [0.]
                            oh_owf<2025-01, (default)> = [0.]
                              oh_owf_eligible<2025-01, (default)> = [False]
                                OH<2025-01, (default)> = [False]
                            oh_owf<2025-02, (default)> = [0.]
                              oh_owf_eligible<2025-02, (default)> = [False]
                                OH<2025-02, (default)> = [False]
                            oh_owf<2025-03, (default)> = [0.]
                              oh_owf_eligible<2025-03, (default)> = [False]
                                OH<2025-03, (default)> = [False]
                            oh_owf<2025-04, (default)> = [0.]
                              oh_owf_eligible<2025-04, (default)> = [False]
                                OH<2025-04, (default)> = [False]
                            oh_owf<2025-05, (default)> = [0.]
                              oh_owf_eligible<2025-05, (default)> = [False]
                                OH<2025-05, (default)> = [False]
                            oh_owf<2025-06, (default)> = [0.]
                              oh_owf_eligible<2025-06, (default)> = [False]
                                OH<2025-06, (default)> = [False]
                            oh_owf<2025-07, (default)> = [0.]
                              oh_owf_eligible<2025-07, (default)> = [False]
                                OH<2025-07, (default)> = [False]
                            oh_owf<2025-08, (default)> = [0.]
                              oh_owf_eligible<2025-08, (default)> = [False]
                                OH<2025-08, (default)> = [False]
                            oh_owf<2025-09, (default)> = [0.]
                              oh_owf_eligible<2025-09, (default)> = [False]
                                OH<2025-09, (default)> = [False]
                            oh_owf<2025-10, (default)> = [0.]
                              oh_owf_eligible<2025-10, (default)> = [False]
                                OH<2025-10, (default)> = [False]
                            oh_owf<2025-11, (default)> = [0.]
                              oh_owf_eligible<2025-11, (default)> = [False]
                                OH<2025-11, (default)> = [False]
                            oh_owf<2025-12, (default)> = [0.]
                              oh_owf_eligible<2025-12, (default)> = [False]
                                OH<2025-12, (default)> = [False]
                          ri_works<2025, (default)> = [0.]
                            ri_works<2025-01, (default)> = [0.]
                              ri_works_eligible<2025-01, (default)> = [False]
                                RI<2025-01, (default)> = [False]
                            ri_works<2025-02, (default)> = [0.]
                              ri_works_eligible<2025-02, (default)> = [False]
                                RI<2025-02, (default)> = [False]
                            ri_works<2025-03, (default)> = [0.]
                              ri_works_eligible<2025-03, (default)> = [False]
                                RI<2025-03, (default)> = [False]
                            ri_works<2025-04, (default)> = [0.]
                              ri_works_eligible<2025-04, (default)> = [False]
                                RI<2025-04, (default)> = [False]
                            ri_works<2025-05, (default)> = [0.]
                              ri_works_eligible<2025-05, (default)> = [False]
                                RI<2025-05, (default)> = [False]
                            ri_works<2025-06, (default)> = [0.]
                              ri_works_eligible<2025-06, (default)> = [False]
                                RI<2025-06, (default)> = [False]
                            ri_works<2025-07, (default)> = [0.]
                              ri_works_eligible<2025-07, (default)> = [False]
                                RI<2025-07, (default)> = [False]
                            ri_works<2025-08, (default)> = [0.]
                              ri_works_eligible<2025-08, (default)> = [False]
                                RI<2025-08, (default)> = [False]
                            ri_works<2025-09, (default)> = [0.]
                              ri_works_eligible<2025-09, (default)> = [False]
                                RI<2025-09, (default)> = [False]
                            ri_works<2025-10, (default)> = [0.]
                              ri_works_eligible<2025-10, (default)> = [False]
                                RI<2025-10, (default)> = [False]
                            ri_works<2025-11, (default)> = [0.]
                              ri_works_eligible<2025-11, (default)> = [False]
                                RI<2025-11, (default)> = [False]
                            ri_works<2025-12, (default)> = [0.]
                              ri_works_eligible<2025-12, (default)> = [False]
                                RI<2025-12, (default)> = [False]
                          tn_ff<2025, (default)> = [0.]
                            tn_ff<2025-01, (default)> = [0.]
                              tn_ff_eligible<2025-01, (default)> = [False]
                                TN<2025-01, (default)> = [False]
                            tn_ff<2025-02, (default)> = [0.]
                              tn_ff_eligible<2025-02, (default)> = [False]
                                TN<2025-02, (default)> = [False]
                            tn_ff<2025-03, (default)> = [0.]
                              tn_ff_eligible<2025-03, (default)> = [False]
                                TN<2025-03, (default)> = [False]
                            tn_ff<2025-04, (default)> = [0.]
                              tn_ff_eligible<2025-04, (default)> = [False]
                                TN<2025-04, (default)> = [False]
                            tn_ff<2025-05, (default)> = [0.]
                              tn_ff_eligible<2025-05, (default)> = [False]
                                TN<2025-05, (default)> = [False]
                            tn_ff<2025-06, (default)> = [0.]
                              tn_ff_eligible<2025-06, (default)> = [False]
                                TN<2025-06, (default)> = [False]
                            tn_ff<2025-07, (default)> = [0.]
                              tn_ff_eligible<2025-07, (default)> = [False]
                                TN<2025-07, (default)> = [False]
                            tn_ff<2025-08, (default)> = [0.]
                              tn_ff_eligible<2025-08, (default)> = [False]
                                TN<2025-08, (default)> = [False]
                            tn_ff<2025-09, (default)> = [0.]
                              tn_ff_eligible<2025-09, (default)> = [False]
                                TN<2025-09, (default)> = [False]
                            tn_ff<2025-10, (default)> = [0.]
                              tn_ff_eligible<2025-10, (default)> = [False]
                                TN<2025-10, (default)> = [False]
                            tn_ff<2025-11, (default)> = [0.]
                              tn_ff_eligible<2025-11, (default)> = [False]
                                TN<2025-11, (default)> = [False]
                            tn_ff<2025-12, (default)> = [0.]
                              tn_ff_eligible<2025-12, (default)> = [False]
                                TN<2025-12, (default)> = [False]
                          ut_fep<2025, (default)> = [0.]
                            ut_fep<2025-01, (default)> = [0.]
                              ut_fep_eligible<2025-01, (default)> = [False]
                                UT<2025-01, (default)> = [False]
                            ut_fep<2025-02, (default)> = [0.]
                              ut_fep_eligible<2025-02, (default)> = [False]
                                UT<2025-02, (default)> = [False]
                            ut_fep<2025-03, (default)> = [0.]
                              ut_fep_eligible<2025-03, (default)> = [False]
                                UT<2025-03, (default)> = [False]
                            ut_fep<2025-04, (default)> = [0.]
                              ut_fep_eligible<2025-04, (default)> = [False]
                                UT<2025-04, (default)> = [False]
                            ut_fep<2025-05, (default)> = [0.]
                              ut_fep_eligible<2025-05, (default)> = [False]
                                UT<2025-05, (default)> = [False]
                            ut_fep<2025-06, (default)> = [0.]
                              ut_fep_eligible<2025-06, (default)> = [False]
                                UT<2025-06, (default)> = [False]
                            ut_fep<2025-07, (default)> = [0.]
                              ut_fep_eligible<2025-07, (default)> = [False]
                                UT<2025-07, (default)> = [False]
                            ut_fep<2025-08, (default)> = [0.]
                              ut_fep_eligible<2025-08, (default)> = [False]
                                UT<2025-08, (default)> = [False]
                            ut_fep<2025-09, (default)> = [0.]
                              ut_fep_eligible<2025-09, (default)> = [False]
                                UT<2025-09, (default)> = [False]
                            ut_fep<2025-10, (default)> = [0.]
                              ut_fep_eligible<2025-10, (default)> = [False]
                                UT<2025-10, (default)> = [False]
                            ut_fep<2025-11, (default)> = [0.]
                              ut_fep_eligible<2025-11, (default)> = [False]
                                UT<2025-11, (default)> = [False]
                            ut_fep<2025-12, (default)> = [0.]
                              ut_fep_eligible<2025-12, (default)> = [False]
                                UT<2025-12, (default)> = [False]
                          vt_reach_up<2025, (default)> = [0.]
                            vt_reach_up<2025-01, (default)> = [0.]
                              vt_reach_up_eligible<2025-01, (default)> = [False]
                                VT<2025-01, (default)> = [False]
                            vt_reach_up<2025-02, (default)> = [0.]
                              vt_reach_up_eligible<2025-02, (default)> = [False]
                                VT<2025-02, (default)> = [False]
                            vt_reach_up<2025-03, (default)> = [0.]
                              vt_reach_up_eligible<2025-03, (default)> = [False]
                                VT<2025-03, (default)> = [False]
                            vt_reach_up<2025-04, (default)> = [0.]
                              vt_reach_up_eligible<2025-04, (default)> = [False]
                                VT<2025-04, (default)> = [False]
                            vt_reach_up<2025-05, (default)> = [0.]
                              vt_reach_up_eligible<2025-05, (default)> = [False]
                                VT<2025-05, (default)> = [False]
                            vt_reach_up<2025-06, (default)> = [0.]
                              vt_reach_up_eligible<2025-06, (default)> = [False]
                                VT<2025-06, (default)> = [False]
                            vt_reach_up<2025-07, (default)> = [0.]
                              vt_reach_up_eligible<2025-07, (default)> = [False]
                                VT<2025-07, (default)> = [False]
                            vt_reach_up<2025-08, (default)> = [0.]
                              vt_reach_up_eligible<2025-08, (default)> = [False]
                                VT<2025-08, (default)> = [False]
                            vt_reach_up<2025-09, (default)> = [0.]
                              vt_reach_up_eligible<2025-09, (default)> = [False]
                                VT<2025-09, (default)> = [False]
                            vt_reach_up<2025-10, (default)> = [0.]
                              vt_reach_up_eligible<2025-10, (default)> = [False]
                                VT<2025-10, (default)> = [False]
                            vt_reach_up<2025-11, (default)> = [0.]
                              vt_reach_up_eligible<2025-11, (default)> = [False]
                                VT<2025-11, (default)> = [False]
                            vt_reach_up<2025-12, (default)> = [0.]
                              vt_reach_up_eligible<2025-12, (default)> = [False]
                                VT<2025-12, (default)> = [False]
                          wi_works<2025, (default)> = [0.]
                            wi_works<2025-01, (default)> = [0.]
                              wi_works_eligible<2025-01, (default)> = [False]
                                WI<2025-01, (default)> = [False]
                            wi_works<2025-02, (default)> = [0.]
                              wi_works_eligible<2025-02, (default)> = [False]
                                WI<2025-02, (default)> = [False]
                            wi_works<2025-03, (default)> = [0.]
                              wi_works_eligible<2025-03, (default)> = [False]
                                WI<2025-03, (default)> = [False]
                            wi_works<2025-04, (default)> = [0.]
                              wi_works_eligible<2025-04, (default)> = [False]
                                WI<2025-04, (default)> = [False]
                            wi_works<2025-05, (default)> = [0.]
                              wi_works_eligible<2025-05, (default)> = [False]
                                WI<2025-05, (default)> = [False]
                            wi_works<2025-06, (default)> = [0.]
                              wi_works_eligible<2025-06, (default)> = [False]
                                WI<2025-06, (default)> = [False]
                            wi_works<2025-07, (default)> = [0.]
                              wi_works_eligible<2025-07, (default)> = [False]
                                WI<2025-07, (default)> = [False]
                            wi_works<2025-08, (default)> = [0.]
                              wi_works_eligible<2025-08, (default)> = [False]
                                WI<2025-08, (default)> = [False]
                            wi_works<2025-09, (default)> = [0.]
                              wi_works_eligible<2025-09, (default)> = [False]
                                WI<2025-09, (default)> = [False]
                            wi_works<2025-10, (default)> = [0.]
                              wi_works_eligible<2025-10, (default)> = [False]
                                WI<2025-10, (default)> = [False]
                            wi_works<2025-11, (default)> = [0.]
                              wi_works_eligible<2025-11, (default)> = [False]
                                WI<2025-11, (default)> = [False]
                            wi_works<2025-12, (default)> = [0.]
                              wi_works_eligible<2025-12, (default)> = [False]
                                WI<2025-12, (default)> = [False]
                          wv_works<2025, (default)> = [0.]
                            wv_works<2025-01, (default)> = [0.]
                              wv_works_eligible<2025-01, (default)> = [False]
                                WV<2025-01, (default)> = [False]
                            wv_works<2025-02, (default)> = [0.]
                              wv_works_eligible<2025-02, (default)> = [False]
                                WV<2025-02, (default)> = [False]
                            wv_works<2025-03, (default)> = [0.]
                              wv_works_eligible<2025-03, (default)> = [False]
                                WV<2025-03, (default)> = [False]
                            wv_works<2025-04, (default)> = [0.]
                              wv_works_eligible<2025-04, (default)> = [False]
                                WV<2025-04, (default)> = [False]
                            wv_works<2025-05, (default)> = [0.]
                              wv_works_eligible<2025-05, (default)> = [False]
                                WV<2025-05, (default)> = [False]
                            wv_works<2025-06, (default)> = [0.]
                              wv_works_eligible<2025-06, (default)> = [False]
                                WV<2025-06, (default)> = [False]
                            wv_works<2025-07, (default)> = [0.]
                              wv_works_eligible<2025-07, (default)> = [False]
                                WV<2025-07, (default)> = [False]
                            wv_works<2025-08, (default)> = [0.]
                              wv_works_eligible<2025-08, (default)> = [False]
                                WV<2025-08, (default)> = [False]
                            wv_works<2025-09, (default)> = [0.]
                              wv_works_eligible<2025-09, (default)> = [False]
                                WV<2025-09, (default)> = [False]
                            wv_works<2025-10, (default)> = [0.]
                              wv_works_eligible<2025-10, (default)> = [False]
                                WV<2025-10, (default)> = [False]
                            wv_works<2025-11, (default)> = [0.]
                              wv_works_eligible<2025-11, (default)> = [False]
                                WV<2025-11, (default)> = [False]
                            wv_works<2025-12, (default)> = [0.]
                              wv_works_eligible<2025-12, (default)> = [False]
                                WV<2025-12, (default)> = [False]
                          wy_power<2025, (default)> = [0.]
                            wy_power<2025-01, (default)> = [0.]
                              wy_power_eligible<2025-01, (default)> = [False]
                                WY<2025-01, (default)> = [False]
                            wy_power<2025-02, (default)> = [0.]
                              wy_power_eligible<2025-02, (default)> = [False]
                                WY<2025-02, (default)> = [False]
                            wy_power<2025-03, (default)> = [0.]
                              wy_power_eligible<2025-03, (default)> = [False]
                                WY<2025-03, (default)> = [False]
                            wy_power<2025-04, (default)> = [0.]
                              wy_power_eligible<2025-04, (default)> = [False]
                                WY<2025-04, (default)> = [False]
                            wy_power<2025-05, (default)> = [0.]
                              wy_power_eligible<2025-05, (default)> = [False]
                                WY<2025-05, (default)> = [False]
                            wy_power<2025-06, (default)> = [0.]
                              wy_power_eligible<2025-06, (default)> = [False]
                                WY<2025-06, (default)> = [False]
                            wy_power<2025-07, (default)> = [0.]
                              wy_power_eligible<2025-07, (default)> = [False]
                                WY<2025-07, (default)> = [False]
                            wy_power<2025-08, (default)> = [0.]
                              wy_power_eligible<2025-08, (default)> = [False]
                                WY<2025-08, (default)> = [False]
                            wy_power<2025-09, (default)> = [0.]
                              wy_power_eligible<2025-09, (default)> = [False]
                                WY<2025-09, (default)> = [False]
                            wy_power<2025-10, (default)> = [0.]
                              wy_power_eligible<2025-10, (default)> = [False]
                                WY<2025-10, (default)> = [False]
                            wy_power<2025-11, (default)> = [0.]
                              wy_power_eligible<2025-11, (default)> = [False]
                                WY<2025-11, (default)> = [False]
                            wy_power<2025-12, (default)> = [0.]
                              wy_power_eligible<2025-12, (default)> = [False]
                                WY<2025-12, (default)> = [False]
                      ssi<2025, (default)> = [0.]
                        ssi<2025-01, (default)> = [0.]
                        ssi<2025-02, (default)> = [0.]
                        ssi<2025-03, (default)> = [0.]
                        ssi<2025-04, (default)> = [0.]
                        ssi<2025-05, (default)> = [0.]
                        ssi<2025-06, (default)> = [0.]
                        ssi<2025-07, (default)> = [0.]
                        ssi<2025-08, (default)> = [0.]
                        ssi<2025-09, (default)> = [0.]
                        ssi<2025-10, (default)> = [0.]
                        ssi<2025-11, (default)> = [0.]
                        ssi<2025-12, (default)> = [0.]
                    state_code<2025, (default)> = ['TX']
                  local_sales_tax<2025, (default)> = [319.]
                    state_code_str<2025, (default)> = ['TX']
                    state_sales_tax<2025, (default)> = [1595.]
                real_estate_taxes<2025, (default)> = [0.]
              adjusted_gross_income<2025, (default)> = [300000.]
              exemptions<2025, (default)> = [0.]
              salt_cap<2025, (default)> = [40000.]
                filing_status<2025, (default)> = ['SINGLE']
                adjusted_gross_income<2025, (default)> = [300000.]
            medical_expense_deduction<2025, (default)> = [0.]
              itemized_medical_expenses<2025, (default)> = [0.]
                medical_expense_health_insurance_premiums<2025, (default)> = [0.]
                  health_insurance_premiums<2025, (default)> = [0.]
                  health_insurance_premiums_without_medicare_part_b<2025, (default)> = [0.]
                  medicare_enrolled<2025, (default)> = [False]
                    is_medicare_eligible<2025, (default)> = [False]
                      age<2025, (default)> = [40.]
                      social_security_disability<2025, (default)> = [0.]
                      months_receiving_social_security_disability<2025, (default)> = [0]
                  medicare_part_b_premium<2025, (default)> = [0.]
                    medicare_enrolled<2025, (default)> = [False]
                other_medical_expenses<2025, (default)> = [0.]
              positive_agi<2025, (default)> = [300000.]
            casualty_loss_deduction<2025, (default)> = [0.]
              casualty_loss<2025, (default)> = [0.]
              positive_agi<2025, (default)> = [300000.]
            misc_deduction<2025, (default)> = [0.]
          itemized_taxable_income_deductions_reduction<2025, (default)> = [0.]
        tax_liability_if_itemizing<2025, (default)> = [46792.22]
          income_tax<2025, (itemizing)> = [46792.22]
            income_tax_before_refundable_credits<2025, (itemizing)> = [46792.22]
              income_tax_before_credits<2025, (itemizing)> = [42992.22]
                income_tax_main_rates<2025, (itemizing)> = [5531.82]
                  taxable_income_plus_section_911_exclusion<2025, (itemizing)> = [298086.]
                    taxable_income<2025, (itemizing)> = [298086.]
                      adjusted_gross_income<2025, (itemizing)> = [300000.]
                      exemptions<2025, (itemizing)> = [0.]
                      taxable_income_deductions<2025, (itemizing)> = [1914.]
                        tax_unit_itemizes<2025, (itemizing)> = [ True]
                        taxable_income_deductions_if_itemizing<2025, (itemizing)> = [1914.]
                          qualified_business_income_deduction<2025, (itemizing)> = [0.]
                            qbid_amount<2025, (itemizing)> = [0.]
                              taxable_income_less_qbid<2025, (itemizing)> = [298086.]
                                adjusted_gross_income<2025, (itemizing)> = [300000.]
                                wagering_losses_deduction<2025, (itemizing)> = [0.]
                                  gambling_losses<2025, (itemizing)> = [0.]
                                  gambling_winnings<2025, (itemizing)> = [0.]
                                itemized_taxable_income_deductions<2025, (itemizing)> = [1914.]
                                tip_income_deduction<2025, (itemizing)> = [0.]
                                  tip_income_deduction_ssn_requirement_met<2025, (itemizing)> = [ True]
                                    ssn_card_type<2025, (itemizing)> = ['CITIZEN']
                                    tax_unit_is_joint<2025, (itemizing)> = [False]
                                      filing_status<2025, (itemizing)> = ['SINGLE']
                                    is_tax_unit_head_or_spouse<2025, (itemizing)> = [ True]
                                  tip_income<2025, (itemizing)> = [0.]
                                  tip_income_deduction_occupation_requirement_met<2025, (itemizing)> = [False]
                                    treasury_tipped_occupation_code<2025, (itemizing)> = [0]
                                    business_is_sstb<2025, (itemizing)> = [False]
                                    sstb_self_employment_income<2025, (itemizing)> = [0.]
                                  adjusted_gross_income<2025, (itemizing)> = [300000.]
                                  filing_status<2025, (itemizing)> = ['SINGLE']
                                overtime_income_deduction<2025, (itemizing)> = [0.]
                                  overtime_income_deduction_ssn_requirement_met<2025, (itemizing)> = [ True]
                                    ssn_card_type<2025, (itemizing)> = ['CITIZEN']
                                    tax_unit_is_joint<2025, (itemizing)> = [False]
                                    is_tax_unit_head_or_spouse<2025, (itemizing)> = [ True]
                                  fsla_overtime_premium<2025, (itemizing)> = [0.]
                                  adjusted_gross_income<2025, (itemizing)> = [300000.]
                                  filing_status<2025, (itemizing)> = ['SINGLE']
                                additional_senior_deduction<2025, (itemizing)> = [0.]
                                  additional_senior_deduction_eligible_person<2025, (itemizing)> = [False]
                                    ssn_card_type<2025, (itemizing)> = ['CITIZEN']
                                    filing_status<2025, (itemizing)> = ['SINGLE']
                                    is_tax_unit_head_or_spouse<2025, (itemizing)> = [ True]
                                    age<2025, (itemizing)> = [40.]
                                  additional_senior_deduction_magi<2025, (itemizing)> = [300000.]
                                    adjusted_gross_income<2025, (itemizing)> = [300000.]
                                    foreign_earned_income_exclusion<2025, (itemizing)> = [0.]
                                    specified_possession_income<2025, (itemizing)> = [0.]
                                    puerto_rico_income<2025, (itemizing)> = [0.]
                                  filing_status<2025, (itemizing)> = ['SINGLE']
                                auto_loan_interest_deduction<2025, (itemizing)> = [0.]
                                  qualified_passenger_vehicle_loan_interest<2025, (itemizing)> = [0.]
                                  filing_status<2025, (itemizing)> = ['SINGLE']
                                  adjusted_gross_income<2025, (itemizing)> = [300000.]
                                charitable_deduction_for_non_itemizers<2025, (itemizing)> = [0.]
                                  charitable_cash_donations<2025, (itemizing)> = [0.]
                                  filing_status<2025, (itemizing)> = ['SINGLE']
                                standard_deduction<2025, (itemizing)> = [15750.]
                                tip_income_deduction<2025, (itemizing)> = [0.]
                                overtime_income_deduction<2025, (itemizing)> = [0.]
                                additional_senior_deduction<2025, (itemizing)> = [0.]
                                auto_loan_interest_deduction<2025, (itemizing)> = [0.]
                                tax_unit_itemizes<2025, (itemizing)> = [ True]
                              filing_status<2025, (itemizing)> = ['SINGLE']
                              w2_wages_from_qualified_business<2025, (itemizing)> = [0.]
                              unadjusted_basis_qualified_property<2025, (itemizing)> = [0.]
                              qualified_business_income<2025, (itemizing)> = [0.]
                                business_is_qualified<2025, (itemizing)> = [ True]
                                self_employment_income<2025, (itemizing)> = [0.]
                                self_employment_income_would_be_qualified<2025, (itemizing)> = [ True]
                                partnership_s_corp_income<2025, (itemizing)> = [0.]
                                partnership_s_corp_income_would_be_qualified<2025, (itemizing)> = [ True]
                                farm_rent_income<2025, (itemizing)> = [0.]
                                farm_rent_income_would_be_qualified<2025, (itemizing)> = [ True]
                                farm_operations_income<2025, (itemizing)> = [0.]
                                farm_operations_income_would_be_qualified<2025, (itemizing)> = [ True]
                                rental_income<2025, (itemizing)> = [0.]
                                rental_income_would_be_qualified<2025, (itemizing)> = [ True]
                                estate_income<2025, (itemizing)> = [0.]
                                estate_income_would_be_qualified<2025, (itemizing)> = [ True]
                                sstb_self_employment_income<2025, (itemizing)> = [0.]
                                sstb_self_employment_income_would_be_qualified<2025, (itemizing)> = [ True]
                                self_employment_tax_ald_person<2025, (itemizing)> = [0.]
                                self_employed_health_insurance_ald_person<2025, (itemizing)> = [0.]
                                self_employed_pension_contribution_ald_person<2025, (itemizing)> = [0.]
                              sstb_qualified_business_income<2025, (itemizing)> = [0.]
                                self_employment_income<2025, (itemizing)> = [0.]
                                self_employment_income_would_be_qualified<2025, (itemizing)> = [ True]
                                partnership_s_corp_income<2025, (itemizing)> = [0.]
                                partnership_s_corp_income_would_be_qualified<2025, (itemizing)> = [ True]
                                farm_rent_income<2025, (itemizing)> = [0.]
                                farm_rent_income_would_be_qualified<2025, (itemizing)> = [ True]
                                farm_operations_income<2025, (itemizing)> = [0.]
                                farm_operations_income_would_be_qualified<2025, (itemizing)> = [ True]
                                rental_income<2025, (itemizing)> = [0.]
                                rental_income_would_be_qualified<2025, (itemizing)> = [ True]
                                estate_income<2025, (itemizing)> = [0.]
                                estate_income_would_be_qualified<2025, (itemizing)> = [ True]
                                sstb_self_employment_income<2025, (itemizing)> = [0.]
                                sstb_self_employment_income_would_be_qualified<2025, (itemizing)> = [ True]
                                self_employment_tax_ald_person<2025, (itemizing)> = [0.]
                                self_employed_health_insurance_ald_person<2025, (itemizing)> = [0.]
                                self_employed_pension_contribution_ald_person<2025, (itemizing)> = [0.]
                              business_is_sstb<2025, (itemizing)> = [False]
                              self_employment_income<2025, (itemizing)> = [0.]
                              self_employment_income_would_be_qualified<2025, (itemizing)> = [ True]
                              partnership_s_corp_income<2025, (itemizing)> = [0.]
                              partnership_s_corp_income_would_be_qualified<2025, (itemizing)> = [ True]
                              farm_rent_income<2025, (itemizing)> = [0.]
                              farm_rent_income_would_be_qualified<2025, (itemizing)> = [ True]
                              farm_operations_income<2025, (itemizing)> = [0.]
                              farm_operations_income_would_be_qualified<2025, (itemizing)> = [ True]
                              rental_income<2025, (itemizing)> = [0.]
                              rental_income_would_be_qualified<2025, (itemizing)> = [ True]
                              estate_income<2025, (itemizing)> = [0.]
                              estate_income_would_be_qualified<2025, (itemizing)> = [ True]
                              sstb_self_employment_income<2025, (itemizing)> = [0.]
                              sstb_self_employment_income_would_be_qualified<2025, (itemizing)> = [ True]
                              sstb_w2_wages_from_qualified_business<2025, (itemizing)> = [0.]
                              sstb_unadjusted_basis_qualified_property<2025, (itemizing)> = [0.]
                              qualified_reit_and_ptp_income<2025, (itemizing)> = [0.]
                            taxable_income_less_qbid<2025, (itemizing)> = [298086.]
                            adjusted_net_capital_gain<2025, (itemizing)> = [250000.]
                              net_capital_gain<2025, (itemizing)> = [250000.]
                                long_term_capital_gains<2025, (itemizing)> = [300000.]
                                is_tax_unit_dependent<2025, (itemizing)> = [False]
                                form_4952_capital_gain_distributions<2025, (itemizing)> = [0.]
                                short_term_capital_gains<2025, (itemizing)> = [0.]
                                is_tax_unit_dependent<2025, (itemizing)> = [False]
                                form_4952_elected_investment_income<2025, (itemizing)> = [50000.]
                                form_4952_net_capital_gain<2025, (itemizing)> = [300000.]
                                form_4952_qualified_dividends<2025, (itemizing)> = [0.]
                              dividend_income_reduced_by_investment_income<2025, (itemizing)> = [0.]
                                form_4952_qualified_dividends<2025, (itemizing)> = [0.]
                                long_term_capital_gains<2025, (itemizing)> = [300000.]
                                is_tax_unit_dependent<2025, (itemizing)> = [False]
                                short_term_capital_gains<2025, (itemizing)> = [0.]
                                is_tax_unit_dependent<2025, (itemizing)> = [False]
                                form_4952_capital_gain_distributions<2025, (itemizing)> = [0.]
                                form_4952_elected_investment_income<2025, (itemizing)> = [50000.]
                                form_4952_net_capital_gain<2025, (itemizing)> = [300000.]
                              schedule_d_unrecaptured_section_1250_gain<2025, (itemizing)> = [0.]
                                unrecaptured_section_1250_gain<2025, (itemizing)> = [0.]
                                unrecaptured_section_1250_gain_before_losses<2025, (itemizing)> = [0.]
                                capital_gains_28_percent_rate_gain<2025, (itemizing)> = [0.]
                                  long_term_capital_gains_on_collectibles<2025, (itemizing)> = [0.]
                                  long_term_capital_gains_on_small_business_stock<2025, (itemizing)> = [0.]
                                  collectibles_gain_or_loss<2025, (itemizing)> = [0.]
                                  section_1202_gain<2025, (itemizing)> = [0.]
                                  short_term_capital_gains<2025, (itemizing)> = [0.]
                                  long_term_capital_loss_carryover<2025, (itemizing)> = [0.]
                                collectibles_gain_or_loss<2025, (itemizing)> = [0.]
                                section_1202_gain<2025, (itemizing)> = [0.]
                                short_term_capital_gains<2025, (itemizing)> = [0.]
                                long_term_capital_loss_carryover<2025, (itemizing)> = [0.]
                              capital_gains_28_percent_rate_gain<2025, (itemizing)> = [0.]
                          wagering_losses_deduction<2025, (itemizing)> = [0.]
                          itemized_taxable_income_deductions<2025, (itemizing)> = [1914.]
                          tip_income_deduction<2025, (itemizing)> = [0.]
                          overtime_income_deduction<2025, (itemizing)> = [0.]
                          additional_senior_deduction<2025, (itemizing)> = [0.]
                          auto_loan_interest_deduction<2025, (itemizing)> = [0.]
                        taxable_income_deductions_if_not_itemizing<2025, (itemizing)> = [15750.]
                          charitable_deduction_for_non_itemizers<2025, (itemizing)> = [0.]
                          standard_deduction<2025, (itemizing)> = [15750.]
                          qualified_business_income_deduction<2025, (itemizing)> = [0.]
                          tip_income_deduction<2025, (itemizing)> = [0.]
                          overtime_income_deduction<2025, (itemizing)> = [0.]
                          additional_senior_deduction<2025, (itemizing)> = [0.]
                          auto_loan_interest_deduction<2025, (itemizing)> = [0.]
                    foreign_earned_income_exclusion<2025, (itemizing)> = [0.]
                  capital_gains_excluded_from_taxable_income<2025, (itemizing)> = [250000.]
                    section_911_net_capital_gain<2025, (itemizing)> = [250000.]
                      net_capital_gain<2025, (itemizing)> = [250000.]
                      section_911_capital_gain_excess<2025, (itemizing)> = [0.]
                        foreign_earned_income_exclusion<2025, (itemizing)> = [0.]
                        net_capital_gain<2025, (itemizing)> = [250000.]
                        taxable_income<2025, (itemizing)> = [298086.]
                    section_911_adjusted_net_capital_gain<2025, (itemizing)> = [250000.]
                      section_911_capital_gain_excess<2025, (itemizing)> = [0.]
                      net_capital_gain<2025, (itemizing)> = [250000.]
                      dividend_income_reduced_by_investment_income<2025, (itemizing)> = [0.]
                      section_911_capital_gain_excess<2025, (itemizing)> = [0.]
                      section_911_qualified_dividend_income<2025, (itemizing)> = [0.]
                        net_capital_gain<2025, (itemizing)> = [250000.]
                        dividend_income_reduced_by_investment_income<2025, (itemizing)> = [0.]
                        section_911_capital_gain_excess<2025, (itemizing)> = [0.]
                      section_911_unrecaptured_section_1250_gain<2025, (itemizing)> = [0.]
                        schedule_d_unrecaptured_section_1250_gain<2025, (itemizing)> = [0.]
                        capital_gains_28_percent_rate_gain<2025, (itemizing)> = [0.]
                        section_911_capital_gain_excess<2025, (itemizing)> = [0.]
                      section_911_28_percent_rate_gain<2025, (itemizing)> = [0.]
                        capital_gains_28_percent_rate_gain<2025, (itemizing)> = [0.]
                        section_911_capital_gain_excess<2025, (itemizing)> = [0.]
                      adjusted_net_capital_gain<2025, (itemizing)> = [250000.]
                    taxable_income_plus_section_911_exclusion<2025, (itemizing)> = [298086.]
                    taxable_income_taxed_below_25_percent<2025, (itemizing)> = [197300.]
                      taxable_income_plus_section_911_exclusion<2025, (itemizing)> = [298086.]
                      filing_status<2025, (itemizing)> = ['SINGLE']
                  filing_status<2025, (itemizing)> = ['SINGLE']
                  foreign_earned_income_exclusion<2025, (itemizing)> = [0.]
                capital_gains_tax<2025, (itemizing)> = [37460.4]
                  section_911_net_capital_gain<2025, (itemizing)> = [250000.]
                  taxable_income_plus_section_911_exclusion<2025, (itemizing)> = [298086.]
                  section_911_adjusted_net_capital_gain<2025, (itemizing)> = [250000.]
                  capital_gains_excluded_from_taxable_income<2025, (itemizing)> = [250000.]
                  filing_status<2025, (itemizing)> = ['SINGLE']
                  section_911_unrecaptured_section_1250_gain<2025, (itemizing)> = [0.]
                  net_capital_gain<2025, (itemizing)> = [250000.]
                  dividend_income_reduced_by_investment_income<2025, (itemizing)> = [0.]
                  section_911_capital_gain_excess<2025, (itemizing)> = [0.]
                  section_911_28_percent_rate_gain<2025, (itemizing)> = [0.]
                  tax_on_taxable_income_at_main_rates<2025, (itemizing)> = [73877.35]
                    taxable_income_plus_section_911_exclusion<2025, (itemizing)> = [298086.]
                    filing_status<2025, (itemizing)> = ['SINGLE']
                    foreign_earned_income_exclusion<2025, (itemizing)> = [0.]
                  income_tax_main_rates<2025, (itemizing)> = [5531.82]
                alternative_minimum_tax<2025, (itemizing)> = [0.]
                  amt_base_tax<2025, (itemizing)> = [55094.]
                    amt_lower_base_tax<2025, (itemizing)> = [55094.]
                      filing_status<2025, (itemizing)> = ['SINGLE']
                      amt_income_less_exemptions_plus_section_911_exclusion<2025, (itemizing)> = [211900.]
                        amt_income_less_exemptions<2025, (itemizing)> = [211900.]
                          amt_income<2025, (itemizing)> = [300000.]
                            taxable_income<2025, (itemizing)> = [298086.]
                            amt_excluded_deductions<2025, (itemizing)> = [1914.]
                              tax_unit_itemizes<2025, (itemizing)> = [ True]
                              standard_deduction<2025, (itemizing)> = [15750.]
                              salt_deduction<2025, (itemizing)> = [1914.]
                              misc_deduction<2025, (itemizing)> = [0.]
                            amt_separate_addition<2025, (itemizing)> = [0.]
                              taxable_income<2025, (itemizing)> = [298086.]
                              amt_excluded_deductions<2025, (itemizing)> = [1914.]
                              filing_status<2025, (itemizing)> = ['SINGLE']
                            exemptions<2025, (itemizing)> = [0.]
                          taxable_income<2025, (itemizing)> = [298086.]
                          amt_kiddie_tax_applies<2025, (itemizing)> = [False]
                            is_full_time_student<2025, (itemizing)> = [False]
                            is_tax_unit_head<2025, (itemizing)> = [ True]
                            is_tax_unit_spouse<2025, (itemizing)> = [False]
                            age_head<2025, (itemizing)> = [40]
                            age_spouse<2025, (itemizing)> = [0]
                          amt_exemption<2025, (itemizing)> = [88100.]
                            filing_status<2025, (itemizing)> = ['SINGLE']
                            amt_income<2025, (itemizing)> = [300000.]
                            amt_kiddie_tax_applies<2025, (itemizing)> = [False]
                            filer_adjusted_earnings<2025, (itemizing)> = [0.]
                              adjusted_earnings<2025, (itemizing)> = [0.]
                                self_employment_tax<2025, (itemizing)> = [0.]
                                earned_income<2025, (itemizing)> = [0.]
                              is_tax_unit_dependent<2025, (itemizing)> = [False]
                        foreign_earned_income_exclusion<2025, (itemizing)> = [0.]
                    amt_higher_base_tax<2025, (itemizing)> = [0.]
                      filing_status<2025, (itemizing)> = ['SINGLE']
                      amt_income_less_exemptions_plus_section_911_exclusion<2025, (itemizing)> = [211900.]
                  amt_part_iii_required<2025, (itemizing)> = [ True]
                    dwks10<2025, (itemizing)> = [250000.]
                      dividend_income_reduced_by_investment_income<2025, (itemizing)> = [0.]
                      dwks09<2025, (itemizing)> = [250000.]
                        long_term_capital_gains<2025, (itemizing)> = [300000.]
                        is_tax_unit_dependent<2025, (itemizing)> = [False]
                        short_term_capital_gains<2025, (itemizing)> = [0.]
                        is_tax_unit_dependent<2025, (itemizing)> = [False]
                        form_4952_capital_gain_distributions<2025, (itemizing)> = [0.]
                        form_4952_elected_investment_income<2025, (itemizing)> = [50000.]
                        form_4952_net_capital_gain<2025, (itemizing)> = [300000.]
                    dwks13<2025, (itemizing)> = [250000.]
                      capital_gains_28_percent_rate_gain<2025, (itemizing)> = [0.]
                      schedule_d_unrecaptured_section_1250_gain<2025, (itemizing)> = [0.]
                      dwks09<2025, (itemizing)> = [250000.]
                      dwks10<2025, (itemizing)> = [250000.]
                      has_qdiv_or_ltcg<2025, (itemizing)> = [ True]
                        qualified_dividend_income<2025, (itemizing)> = [0.]
                        is_tax_unit_dependent<2025, (itemizing)> = [False]
                        non_sch_d_capital_gains<2025, (itemizing)> = [0.]
                        long_term_capital_gains<2025, (itemizing)> = [300000.]
                        is_tax_unit_dependent<2025, (itemizing)> = [False]
                        short_term_capital_gains<2025, (itemizing)> = [0.]
                        is_tax_unit_dependent<2025, (itemizing)> = [False]
                    dwks14<2025, (itemizing)> = [48086.]
                      taxable_income_plus_section_911_exclusion<2025, (itemizing)> = [298086.]
                      taxable_income<2025, (itemizing)> = [298086.]
                      dwks09<2025, (itemizing)> = [250000.]
                      dwks10<2025, (itemizing)> = [250000.]
                      dwks13<2025, (itemizing)> = [250000.]
                      foreign_earned_income_exclusion<2025, (itemizing)> = [0.]
                      schedule_d_unrecaptured_section_1250_gain<2025, (itemizing)> = [0.]
                      capital_gains_28_percent_rate_gain<2025, (itemizing)> = [0.]
                      dividend_income_reduced_by_investment_income<2025, (itemizing)> = [0.]
                      has_qdiv_or_ltcg<2025, (itemizing)> = [ True]
                      has_qdiv_or_ltcg<2025, (itemizing)> = [ True]
                    dwks19<2025, (itemizing)> = [48086.]
                      dwks14<2025, (itemizing)> = [48086.]
                      taxable_income_plus_section_911_exclusion<2025, (itemizing)> = [298086.]
                      taxable_income<2025, (itemizing)> = [298086.]
                      dwks09<2025, (itemizing)> = [250000.]
                      dwks10<2025, (itemizing)> = [250000.]
                      dwks13<2025, (itemizing)> = [250000.]
                      foreign_earned_income_exclusion<2025, (itemizing)> = [0.]
                      schedule_d_unrecaptured_section_1250_gain<2025, (itemizing)> = [0.]
                      capital_gains_28_percent_rate_gain<2025, (itemizing)> = [0.]
                      dividend_income_reduced_by_investment_income<2025, (itemizing)> = [0.]
                      has_qdiv_or_ltcg<2025, (itemizing)> = [ True]
                      taxable_income_taxed_below_25_percent<2025, (itemizing)> = [197300.]
                      has_qdiv_or_ltcg<2025, (itemizing)> = [ True]
                    schedule_d_unrecaptured_section_1250_gain<2025, (itemizing)> = [0.]
                  amt_tax_including_cg<2025, (itemizing)> = [31745.4]
                    amt_income_less_exemptions_plus_section_911_exclusion<2025, (itemizing)> = [211900.]
                    amt_income_less_exemptions<2025, (itemizing)> = [211900.]
                    dwks09<2025, (itemizing)> = [250000.]
                    dwks10<2025, (itemizing)> = [250000.]
                    dwks13<2025, (itemizing)> = [250000.]
                    foreign_earned_income_exclusion<2025, (itemizing)> = [0.]
                    schedule_d_unrecaptured_section_1250_gain<2025, (itemizing)> = [0.]
                    capital_gains_28_percent_rate_gain<2025, (itemizing)> = [0.]
                    dividend_income_reduced_by_investment_income<2025, (itemizing)> = [0.]
                    has_qdiv_or_ltcg<2025, (itemizing)> = [ True]
                    filing_status<2025, (itemizing)> = ['SINGLE']
                    dwks14<2025, (itemizing)> = [48086.]
                    dwks19<2025, (itemizing)> = [48086.]
                  filing_status<2025, (itemizing)> = ['SINGLE']
                  amt_income_less_exemptions<2025, (itemizing)> = [211900.]
                  foreign_earned_income_exclusion<2025, (itemizing)> = [0.]
                  foreign_tax_credit_potential<2025, (itemizing)> = [0.]
                  regular_tax_before_credits<2025, (itemizing)> = [42992.22]
                    income_tax_main_rates<2025, (itemizing)> = [5531.82]
                    capital_gains_tax<2025, (itemizing)> = [37460.4]
                  form_4972_lumpsum_distributions<2025, (itemizing)> = [0.]
              net_investment_income_tax<2025, (itemizing)> = [3800.]
                filing_status<2025, (itemizing)> = ['SINGLE']
                niit_magi<2025, (itemizing)> = [300000.]
                  is_tax_unit_dependent<2025, (itemizing)> = [False]
                  estate_income_niit_magi_adjustment<2025, (itemizing)> = [0.]
                    estate_income_net_investment_income_adjustment<2025, (itemizing)> = [0.]
                  niit_magi_section_911_addition<2025, (itemizing)> = [0.]
                    foreign_earned_income_exclusion<2025, (itemizing)> = [0.]
                  adjusted_gross_income<2025, (itemizing)> = [300000.]
                net_investment_income<2025, (itemizing)> = [300000.]
                  taxable_interest_income<2025, (itemizing)> = [0.]
                  is_tax_unit_dependent<2025, (itemizing)> = [False]
                  dividend_income<2025, (itemizing)> = [0.]
                  is_tax_unit_dependent<2025, (itemizing)> = [False]
                  rental_income<2025, (itemizing)> = [0.]
                  is_tax_unit_dependent<2025, (itemizing)> = [False]
                  passive_partnership_s_corp_income<2025, (itemizing)> = [0.]
                  is_tax_unit_dependent<2025, (itemizing)> = [False]
                  estate_net_investment_income<2025, (itemizing)> = [0.]
                    estate_income<2025, (itemizing)> = [0.]
                    estate_income_net_investment_income_adjustment<2025, (itemizing)> = [0.]
                    is_tax_unit_dependent<2025, (itemizing)> = [False]
                  is_tax_unit_dependent<2025, (itemizing)> = [False]
                  filer_loss_limited_net_capital_gains<2025, (itemizing)> = [300000.]
                    filing_status<2025, (itemizing)> = ['SINGLE']
                    long_term_capital_gains<2025, (itemizing)> = [300000.]
                    is_tax_unit_dependent<2025, (itemizing)> = [False]
                    short_term_capital_gains<2025, (itemizing)> = [0.]
                    is_tax_unit_dependent<2025, (itemizing)> = [False]
                    is_tax_unit_dependent<2025, (itemizing)> = [False]
                    non_sch_d_capital_gains<2025, (itemizing)> = [0.]
              recapture_of_investment_credit<2025, (itemizing)> = [0.]
              unreported_payroll_tax<2025, (itemizing)> = [0.]
              qualified_retirement_penalty<2025, (itemizing)> = [0.]
              income_tax_capped_non_refundable_credits<2025, (itemizing)> = [0.]
                income_tax_non_refundable_credits<2025, (itemizing)> = [0.]
                  foreign_tax_credit<2025, (itemizing)> = [0.]
                    foreign_tax_credit_potential<2025, (itemizing)> = [0.]
                    foreign_tax_credit_credit_limit<2025, (itemizing)> = [42992.22]
                      income_tax_before_credits<2025, (itemizing)> = [42992.22]
                  cdcc<2025, (itemizing)> = [0.]
                    cdcc_credit_limit<2025, (itemizing)> = [42992.22]
                      income_tax_before_credits<2025, (itemizing)> = [42992.22]
                      foreign_tax_credit<2025, (itemizing)> = [0.]
                    cdcc_potential<2025, (itemizing)> = [0.]
                      cdcc_relevant_expenses<2025, (itemizing)> = [0.]
                        tax_unit_childcare_expenses<2025, (itemizing)> = [0.]
                          childcare_expenses<2025, (itemizing)> = [0.]
                          is_child<2025, (itemizing)> = [False]
                          is_child<2025, (itemizing)> = [False]
                        care_expenses<2025, (itemizing)> = [0.]
                        cdcc_limit<2025, (itemizing)> = [0.]
                          capped_count_cdcc_eligible<2025, (itemizing)> = [0]
                            count_cdcc_eligible<2025, (itemizing)> = [0]
                              is_cdcc_eligible<2025, (itemizing)> = [False]
                                age<2025, (itemizing)> = [40.]
                                is_tax_unit_dependent<2025, (itemizing)> = [False]
                                is_tax_unit_head_or_spouse<2025, (itemizing)> = [ True]
                                is_incapable_of_self_care<2025, (itemizing)> = [False]
                                tax_unit_married<2025, (itemizing)> = [False]
                              is_tax_unit_head_or_spouse<2025, (itemizing)> = [ True]
                          dependent_care_assistance_exclusion<2025, (itemizing)> = [0.]
                            dependent_care_employer_benefits<2025, (itemizing)> = [0.]
                            filing_status<2025, (itemizing)> = ['SINGLE']
                            min_head_spouse_earned<2025, (itemizing)> = [0.]
                              tax_unit_is_joint<2025, (itemizing)> = [False]
                              is_tax_unit_head<2025, (itemizing)> = [ True]
                              is_tax_unit_spouse<2025, (itemizing)> = [False]
                              cdcc_income_floor_eligible<2025, (itemizing)> = [False]
                                is_tax_unit_head_or_spouse<2025, (itemizing)> = [ True]
                                tax_unit_married<2025, (itemizing)> = [False]
                                is_full_time_student<2025, (itemizing)> = [False]
                                is_incapable_of_self_care<2025, (itemizing)> = [False]
                              head_earned<2025, (itemizing)> = [0.]
                                adjusted_earnings<2025, (itemizing)> = [0.]
                                is_tax_unit_head<2025, (itemizing)> = [ True]
                              spouse_earned<2025, (itemizing)> = [0.]
                                adjusted_earnings<2025, (itemizing)> = [0.]
                                is_tax_unit_spouse<2025, (itemizing)> = [False]
                              count_cdcc_eligible<2025, (itemizing)> = [0]
                        min_head_spouse_earned<2025, (itemizing)> = [0.]
                      cdcc_rate<2025, (itemizing)> = [0.2]
                        adjusted_gross_income<2025, (itemizing)> = [300000.]
                      cdcc_filing_status_eligible<2025, (itemizing)> = [ True]
                        filing_status<2025, (itemizing)> = ['SINGLE']
                        is_tax_unit_head_or_spouse<2025, (itemizing)> = [ True]
                        is_separated<2025, (itemizing)> = [False]
                        is_cdcc_eligible<2025, (itemizing)> = [False]
                        is_tax_unit_head_or_spouse<2025, (itemizing)> = [ True]
                  elderly_disabled_credit<2025, (itemizing)> = [0.]
                    elderly_disabled_credit_credit_limit<2025, (itemizing)> = [42992.22]
                      income_tax_before_credits<2025, (itemizing)> = [42992.22]
                      foreign_tax_credit<2025, (itemizing)> = [0.]
                      cdcc<2025, (itemizing)> = [0.]
                    elderly_disabled_credit_potential<2025, (itemizing)> = [0.]
                      section_22_income<2025, (itemizing)> = [0.]
                        filing_status<2025, (itemizing)> = ['SINGLE']
                        qualifies_for_elderly_or_disabled_credit<2025, (itemizing)> = [False]
                          age<2025, (itemizing)> = [40.]
                          retired_on_total_disability<2025, (itemizing)> = [False]
                        age<2025, (itemizing)> = [40.]
                        is_tax_unit_dependent<2025, (itemizing)> = [False]
                        total_disability_payments<2025, (itemizing)> = [0.]
                        pension_income<2025, (itemizing)> = [0.]
                        taxable_pension_income<2025, (itemizing)> = [0.]
                        tax_unit_social_security<2025, (itemizing)> = [0.]
                        tax_unit_taxable_social_security<2025, (itemizing)> = [0.]
                        adjusted_gross_income<2025, (itemizing)> = [300000.]
                  non_refundable_american_opportunity_credit<2025, (itemizing)> = [0.]
                    non_refundable_american_opportunity_credit_credit_limit<2025, (itemizing)> = [42992.22]
                      income_tax_before_credits<2025, (itemizing)> = [42992.22]
                      foreign_tax_credit<2025, (itemizing)> = [0.]
                      cdcc<2025, (itemizing)> = [0.]
                      elderly_disabled_credit<2025, (itemizing)> = [0.]
                    non_refundable_american_opportunity_credit_potential<2025, (itemizing)> = [0.]
                      american_opportunity_credit<2025, (itemizing)> = [0.]
                        is_eligible_for_american_opportunity_credit<2025, (itemizing)> = [False]
                          filing_status<2025, (itemizing)> = ['SINGLE']
                          has_american_opportunity_credit_1098_t_or_exception<2025, (itemizing)> = [False]
                          has_american_opportunity_credit_institution_ein<2025, (itemizing)> = [False]
                          is_pursuing_credential_for_american_opportunity_credit<2025, (itemizing)> = [False]
                          attends_eligible_educational_institution_for_american_opportunity_credit<2025, (itemizing)> = [False]
                          is_enrolled_at_least_half_time_for_american_opportunity_credit<2025, (itemizing)> = [False]
                          has_completed_first_four_years_of_postsecondary_education<2025, (itemizing)> = [False]
                          american_opportunity_credit_claimed_prior_years<2025, (itemizing)> = [0]
                          has_felony_drug_conviction<2025, (itemizing)> = [False]
                          meets_american_opportunity_credit_identification_requirements<2025, (itemizing)> = [ True]
                            has_tin<2025, (itemizing)> = [ True]
                          filer_meets_american_opportunity_credit_identification_requirements<2025, (itemizing)> = [ True]
                            is_tax_unit_head_or_spouse<2025, (itemizing)> = [ True]
                            meets_american_opportunity_credit_identification_requirements<2025, (itemizing)> = [ True]
                          is_nonresident_alien_for_american_opportunity_credit<2025, (itemizing)> = [False]
                          is_barred_from_american_opportunity_credit_due_to_improper_claims<2025, (itemizing)> = [False]
                        qualified_tuition_expenses<2025, (itemizing)> = [0.]
                        education_credit_phase_out<2025, (itemizing)> = [1.]
                          adjusted_gross_income<2025, (itemizing)> = [300000.]
                          tax_unit_is_joint<2025, (itemizing)> = [False]
                      refundable_american_opportunity_credit<2025, (itemizing)> = [0.]
                        american_opportunity_credit<2025, (itemizing)> = [0.]
                  lifetime_learning_credit<2025, (itemizing)> = [0.]
                    lifetime_learning_credit_credit_limit<2025, (itemizing)> = [42992.22]
                      income_tax_before_credits<2025, (itemizing)> = [42992.22]
                      foreign_tax_credit<2025, (itemizing)> = [0.]
                      cdcc<2025, (itemizing)> = [0.]
                      elderly_disabled_credit<2025, (itemizing)> = [0.]
                      non_refundable_american_opportunity_credit<2025, (itemizing)> = [0.]
                    lifetime_learning_credit_potential<2025, (itemizing)> = [0.]
                      is_eligible_for_american_opportunity_credit<2025, (itemizing)> = [False]
                      is_eligible_for_lifetime_learning_credit<2025, (itemizing)> = [False]
                        filing_status<2025, (itemizing)> = ['SINGLE']
                        has_lifetime_learning_credit_1098_t_or_exception<2025, (itemizing)> = [False]
                        attends_eligible_educational_institution_for_lifetime_learning_credit<2025, (itemizing)> = [False]
                        meets_lifetime_learning_credit_identification_requirements<2025, (itemizing)> = [ True]
                          has_tin<2025, (itemizing)> = [ True]
                        filer_meets_lifetime_learning_credit_identification_requirements<2025, (itemizing)> = [ True]
                          is_tax_unit_head_or_spouse<2025, (itemizing)> = [ True]
                          meets_lifetime_learning_credit_identification_requirements<2025, (itemizing)> = [ True]
                        is_nonresident_alien_for_lifetime_learning_credit<2025, (itemizing)> = [False]
                      qualified_tuition_expenses<2025, (itemizing)> = [0.]
                      lifetime_learning_credit_phase_out<2025, (itemizing)> = [1.]
                        adjusted_gross_income<2025, (itemizing)> = [300000.]
                        tax_unit_is_joint<2025, (itemizing)> = [False]
                  savers_credit<2025, (itemizing)> = [0.]
                    savers_credit_credit_limit<2025, (itemizing)> = [42992.22]
                      income_tax_before_credits<2025, (itemizing)> = [42992.22]
                      foreign_tax_credit<2025, (itemizing)> = [0.]
                      cdcc<2025, (itemizing)> = [0.]
                      elderly_disabled_credit<2025, (itemizing)> = [0.]
                      non_refundable_american_opportunity_credit<2025, (itemizing)> = [0.]
                      lifetime_learning_credit<2025, (itemizing)> = [0.]
                    savers_credit_potential<2025, (itemizing)> = [0.]
                      savers_credit_person<2025, (itemizing)> = [0.]
                        savers_credit_eligible_person<2025, (itemizing)> = [ True]
                          age<2025, (itemizing)> = [40.]
                          is_full_time_student<2025, (itemizing)> = [False]
                          claimed_as_dependent_on_another_return<2025, (itemizing)> = [False]
                          is_tax_unit_head_or_spouse<2025, (itemizing)> = [ True]
                        savers_credit_qualified_contributions<2025, (itemizing)> = [0.]
                          traditional_ira_contributions<2025, (itemizing)> = [0.]
                          roth_ira_contributions<2025, (itemizing)> = [0.]
                            roth_ira_contributions_desired<2025, (itemizing)> = [0.]
                            ira_contribution_scale<2025, (itemizing)> = [1.]
                          traditional_401k_contributions<2025, (itemizing)> = [0.]
                          traditional_403b_contributions<2025, (itemizing)> = [0.]
                          roth_401k_contributions<2025, (itemizing)> = [0.]
                            roth_401k_contributions_desired<2025, (itemizing)> = [0.]
                            elective_deferral_contribution_scale<2025, (itemizing)> = [1.]
                          roth_403b_contributions<2025, (itemizing)> = [0.]
                            roth_403b_contributions_desired<2025, (itemizing)> = [0.]
                            elective_deferral_contribution_scale<2025, (itemizing)> = [1.]
                          self_employed_pension_contributions<2025, (itemizing)> = [0.]
                          able_contributions_person<2025, (itemizing)> = [0.]
                          retirement_distributions<2025, (itemizing)> = [0.]
                        adjusted_gross_income<2025, (itemizing)> = [300000.]
                        filing_status<2025, (itemizing)> = ['SINGLE']
                  energy_efficient_home_improvement_credit<2025, (itemizing)> = [0.]
                    energy_efficient_home_improvement_credit_credit_limit<2025, (itemizing)> = [42992.22]
                      income_tax_before_credits<2025, (itemizing)> = [42992.22]
                      foreign_tax_credit<2025, (itemizing)> = [0.]
                      cdcc<2025, (itemizing)> = [0.]
                      elderly_disabled_credit<2025, (itemizing)> = [0.]
                      non_refundable_american_opportunity_credit<2025, (itemizing)> = [0.]
                      lifetime_learning_credit<2025, (itemizing)> = [0.]
                      savers_credit<2025, (itemizing)> = [0.]
                    energy_efficient_home_improvement_credit_potential<2025, (itemizing)> = [0.]
                      capped_heat_pump_heat_pump_water_heater_biomass_stove_boiler_credit<2025, (itemizing)> = [0.]
                        heat_pump_expenditures<2025, (itemizing)> = [0.]
                        heat_pump_water_heater_expenditures<2025, (itemizing)> = [0.]
                        biomass_stove_boiler_expenditures<2025, (itemizing)> = [0.]
                        capped_heat_pump_rebate<2025, (itemizing)> = [0.]
                          high_efficiency_electric_home_rebate_percent_covered<2025, (itemizing)> = [1.]
                            tax_unit_income_ami_ratio<2025, (itemizing)> = [0.]
                          heat_pump_expenditures<2025, (itemizing)> = [0.]
                        capped_heat_pump_water_heater_rebate<2025, (itemizing)> = [0.]
                          high_efficiency_electric_home_rebate_percent_covered<2025, (itemizing)> = [1.]
                          heat_pump_water_heater_expenditures<2025, (itemizing)> = [0.]
                      capped_energy_efficient_door_credit<2025, (itemizing)> = [0.]
                        energy_efficient_door_expenditures<2025, (itemizing)> = [0.]
                      capped_energy_efficient_insulation_credit<2025, (itemizing)> = [0.]
                        energy_efficient_insulation_expenditures<2025, (itemizing)> = [0.]
                        capped_insulation_air_sealing_ventilation_rebate<2025, (itemizing)> = [0.]
                          high_efficiency_electric_home_rebate_percent_covered<2025, (itemizing)> = [1.]
                          energy_efficient_insulation_expenditures<2025, (itemizing)> = [0.]
                          air_sealing_ventilation_expenditures<2025, (itemizing)> = [0.]
                      capped_energy_efficient_window_credit<2025, (itemizing)> = [0.]
                        energy_efficient_window_expenditures<2025, (itemizing)> = [0.]
                        prior_energy_efficient_window_credits<2025, (itemizing)> = [0.]
                      capped_advanced_main_air_circulating_fan_credit<2025, (itemizing)> = [0.]
                        advanced_main_air_circulating_fan_expenditures<2025, (itemizing)> = [0.]
                      capped_qualified_furnace_or_hot_water_boiler_credit<2025, (itemizing)> = [0.]
                        qualified_furnace_or_hot_water_boiler_expenditures<2025, (itemizing)> = [0.]
                      capped_advanced_main_air_circulating_fan_credit<2025, (itemizing)> = [0.]
                      capped_energy_efficient_central_air_conditioner_credit<2025, (itemizing)> = [0.]
                        energy_efficient_central_air_conditioner_expenditures<2025, (itemizing)> = [0.]
                      capped_heat_pump_heat_pump_water_heater_biomass_stove_boiler_credit<2025, (itemizing)> = [0.]
                      capped_qualified_furnace_or_hot_water_boiler_credit<2025, (itemizing)> = [0.]
                      capped_home_energy_audit_credit<2025, (itemizing)> = [0.]
                        home_energy_audit_expenditures<2025, (itemizing)> = [0.]
                      prior_energy_efficient_home_improvement_credits<2025, (itemizing)> = [0.]
                  used_clean_vehicle_credit<2025, (itemizing)> = [0.]
                    used_clean_vehicle_credit_eligible<2025, (itemizing)> = [False]
                      purchased_qualifying_used_clean_vehicle<2025, (itemizing)> = [False]
                  new_clean_vehicle_credit<2025, (itemizing)> = [0.]
                    new_clean_vehicle_credit_eligible<2025, (itemizing)> = [False]
                      purchased_qualifying_new_clean_vehicle<2025, (itemizing)> = [False]
                  non_refundable_ctc<2025, (itemizing)> = [0.]
                    ctc<2025, (itemizing)> = [0.]
                      filer_meets_ctc_identification_requirements<2025, (itemizing)> = [ True]
                        is_tax_unit_head_or_spouse<2025, (itemizing)> = [ True]
                        has_tin<2025, (itemizing)> = [ True]
                      ctc_maximum_with_arpa_addition<2025, (itemizing)> = [0.]
                        ctc_maximum<2025, (itemizing)> = [0.]
                          ctc_individual_maximum<2025, (itemizing)> = [0.]
                            ctc_child_individual_maximum<2025, (itemizing)> = [0.]
                              is_tax_unit_dependent<2025, (itemizing)> = [False]
                            ctc_adult_individual_maximum<2025, (itemizing)> = [0.]
                              is_tax_unit_dependent<2025, (itemizing)> = [False]
                        ctc_arpa_addition<2025, (itemizing)> = [0.]
                          ctc_arpa_max_addition<2025, (itemizing)> = [0.]
                          ctc_arpa_phase_out<2025, (itemizing)> = [0.]
                            ctc_arpa_phase_out_cap<2025, (itemizing)> = [0.]
                            ctc_arpa_uncapped_phase_out<2025, (itemizing)> = [0.]
                      ctc_phase_out<2025, (itemizing)> = [5000.]
                        adjusted_gross_income<2025, (itemizing)> = [300000.]
                        ctc_phase_out_threshold<2025, (itemizing)> = [200000.]
                          filing_status<2025, (itemizing)> = ['SINGLE']
                    refundable_ctc<2025, (itemizing)> = [0.]
                      ctc_refundable_maximum<2025, (itemizing)> = [0.]
                        ctc_child_individual_maximum<2025, (itemizing)> = [0.]
                        ctc_child_individual_maximum_arpa<2025, (itemizing)> = [0.]
                          ctc_qualifying_child<2025, (itemizing)> = [False]
                            is_tax_unit_dependent<2025, (itemizing)> = [False]
                      ctc<2025, (itemizing)> = [0.]
                      ctc_phase_in<2025, (itemizing)> = [0.]
                        ctc_phase_in_relevant_earnings<2025, (itemizing)> = [0.]
                          eitc_earned_income<2025, (itemizing)> = [0.]
                            employment_income<2025, (itemizing)> = [0.]
                            is_tax_unit_dependent<2025, (itemizing)> = [False]
                            self_employment_income<2025, (itemizing)> = [0.]
                            is_tax_unit_dependent<2025, (itemizing)> = [False]
                            sstb_self_employment_income<2025, (itemizing)> = [0.]
                            is_tax_unit_dependent<2025, (itemizing)> = [False]
                            farm_operations_income<2025, (itemizing)> = [0.]
                            is_tax_unit_dependent<2025, (itemizing)> = [False]
                            partnership_self_employment_net_earnings<2025, (itemizing)> = [0.]
                            is_tax_unit_dependent<2025, (itemizing)> = [False]
                            self_employment_tax_ald_person<2025, (itemizing)> = [0.]
                            is_tax_unit_dependent<2025, (itemizing)> = [False]
                        ctc_social_security_tax<2025, (itemizing)> = [0.]
                          employee_social_security_tax<2025, (itemizing)> = [0.]
                            taxable_earnings_for_social_security<2025, (itemizing)> = [0.]
                          is_tax_unit_dependent<2025, (itemizing)> = [False]
                          employee_medicare_tax<2025, (itemizing)> = [0.]
                            payroll_tax_gross_wages<2025, (itemizing)> = [0.]
                          is_tax_unit_dependent<2025, (itemizing)> = [False]
                          self_employment_tax_ald_person<2025, (itemizing)> = [0.]
                          is_tax_unit_dependent<2025, (itemizing)> = [False]
                          unreported_payroll_tax<2025, (itemizing)> = [0.]
                          additional_medicare_tax<2025, (itemizing)> = [0.]
                            payroll_tax_gross_wages<2025, (itemizing)> = [0.]
                            is_tax_unit_dependent<2025, (itemizing)> = [False]
                            taxable_self_employment_income<2025, (itemizing)> = [0.]
                            is_tax_unit_dependent<2025, (itemizing)> = [False]
                            filing_status<2025, (itemizing)> = ['SINGLE']
                          excess_payroll_tax_withheld<2025, (itemizing)> = [0.]
                        eitc<2025, (itemizing)> = [0.]
                          eitc_eligible<2025, (itemizing)> = [False]
                            eitc_investment_income_eligible<2025, (itemizing)> = [False]
                              eitc_relevant_investment_income<2025, (itemizing)> = [300000.]
                                taxable_interest_income<2025, (itemizing)> = [0.]
                                tax_exempt_interest_income<2025, (itemizing)> = [0.]
                                dividend_income<2025, (itemizing)> = [0.]
                                net_capital_gains<2025, (itemizing)> = [300000.]
                                  long_term_capital_gains<2025, (itemizing)> = [300000.]
                                  short_term_capital_gains<2025, (itemizing)> = [0.]
                                non_sch_d_capital_gains<2025, (itemizing)> = [0.]
                                rental_income<2025, (itemizing)> = [0.]
                                passive_partnership_s_corp_income<2025, (itemizing)> = [0.]
                            eitc_demographic_eligible<2025, (itemizing)> = [ True]
                              eitc_child_count<2025, (itemizing)> = [0]
                                is_tax_unit_dependent<2025, (itemizing)> = [False]
                                is_permanently_and_totally_disabled<2025, (itemizing)> = [False]
                                is_qualifying_child_dependent<2025, (itemizing)> = [False]
                                meets_eitc_identification_requirements<2025, (itemizing)> = [ True]
                                  ssn_card_type<2025, (itemizing)> = ['CITIZEN']
                              age<2025, (itemizing)> = [40.]
                              is_full_time_student<2025, (itemizing)> = [False]
                              is_tax_unit_dependent<2025, (itemizing)> = [False]
                            filer_meets_eitc_identification_requirements<2025, (itemizing)> = [ True]
                              is_tax_unit_head_or_spouse<2025, (itemizing)> = [ True]
                              meets_eitc_identification_requirements<2025, (itemizing)> = [ True]
                        ctc_qualifying_children<2025, (itemizing)> = [0]
                          ctc_qualifying_child<2025, (itemizing)> = [False]
                      ctc_limiting_tax_liability<2025, (itemizing)> = [42992.22]
                        ctc_tax_liability_after_preceding_credits<2025, (itemizing)> = [42992.22]
                          income_tax_before_credits<2025, (itemizing)> = [42992.22]
                          foreign_tax_credit<2025, (itemizing)> = [0.]
                          cdcc<2025, (itemizing)> = [0.]
                          elderly_disabled_credit<2025, (itemizing)> = [0.]
                          non_refundable_american_opportunity_credit<2025, (itemizing)> = [0.]
                          lifetime_learning_credit<2025, (itemizing)> = [0.]
                          savers_credit<2025, (itemizing)> = [0.]
                          energy_efficient_home_improvement_credit<2025, (itemizing)> = [0.]
                          used_clean_vehicle_credit<2025, (itemizing)> = [0.]
                          new_clean_vehicle_credit<2025, (itemizing)> = [0.]
                        residential_clean_energy_credit<2025, (itemizing)> = [0.]
                          residential_clean_energy_credit_credit_limit<2025, (itemizing)> = [42992.22]
                            income_tax_before_credits<2025, (itemizing)> = [42992.22]
                            foreign_tax_credit<2025, (itemizing)> = [0.]
                            cdcc<2025, (itemizing)> = [0.]
                            elderly_disabled_credit<2025, (itemizing)> = [0.]
                            non_refundable_american_opportunity_credit<2025, (itemizing)> = [0.]
                            lifetime_learning_credit<2025, (itemizing)> = [0.]
                            savers_credit<2025, (itemizing)> = [0.]
                            energy_efficient_home_improvement_credit<2025, (itemizing)> = [0.]
                            used_clean_vehicle_credit<2025, (itemizing)> = [0.]
                            new_clean_vehicle_credit<2025, (itemizing)> = [0.]
                            ctc<2025, (itemizing)> = [0.]
                            ctc_credit_limit_worksheet_b_applies<2025, (itemizing)> = [False]
                              ctc_qualifying_children<2025, (itemizing)> = [0]
                              foreign_earned_income_exclusion<2025, (itemizing)> = [0.]
                            ctc_non_refundable_minimum<2025, (itemizing)> = [0.]
                              ctc<2025, (itemizing)> = [0.]
                              ctc_refundable_maximum<2025, (itemizing)> = [0.]
                              ctc_phase_in<2025, (itemizing)> = [0.]
                          residential_clean_energy_credit_potential<2025, (itemizing)> = [0.]
                            geothermal_heat_pump_property_expenditures<2025, (itemizing)> = [0.]
                            small_wind_energy_property_expenditures<2025, (itemizing)> = [0.]
                            solar_electric_property_expenditures<2025, (itemizing)> = [0.]
                            solar_water_heating_property_expenditures<2025, (itemizing)> = [0.]
                            qualified_battery_storage_technology_expenditures<2025, (itemizing)> = [0.]
                            fuel_cell_property_expenditures<2025, (itemizing)> = [0.]
                            fuel_cell_property_capacity<2025, (itemizing)> = [0.]
                        ctc_credit_limit_worksheet_b_applies<2025, (itemizing)> = [False]
                  residential_clean_energy_credit<2025, (itemizing)> = [0.]
                income_tax_unavailable_non_refundable_credits<2025, (itemizing)> = [0.]
                  income_tax_before_credits<2025, (itemizing)> = [42992.22]
                  income_tax_non_refundable_credits<2025, (itemizing)> = [0.]
                  income_tax_non_refundable_credits<2025, (itemizing)> = [0.]
            income_tax_refundable_credits<2025, (itemizing)> = [0.]
              eitc<2025, (itemizing)> = [0.]
              refundable_american_opportunity_credit<2025, (itemizing)> = [0.]
              refundable_ctc<2025, (itemizing)> = [0.]
              recovery_rebate_credit<2025, (itemizing)> = [0.]
                rrc_cares<2025, (itemizing)> = [0.]
                  filing_status<2025, (itemizing)> = ['SINGLE']
                  adjusted_gross_income<2025, (itemizing)> = [300000.]
                  rrc_adult_count_with_valid_ssn<2025, (itemizing)> = [1]
                    is_tax_unit_head_or_spouse<2025, (itemizing)> = [ True]
                    meets_eitc_identification_requirements<2025, (itemizing)> = [ True]
                  rrc_qualifies_for_armed_forces_exception<2025, (itemizing)> = [False]
                    tax_unit_is_joint<2025, (itemizing)> = [False]
                    is_tax_unit_head_or_spouse<2025, (itemizing)> = [ True]
                    is_military<2025, (itemizing)> = [False]
                    meets_eitc_identification_requirements<2025, (itemizing)> = [ True]
                  tax_unit_is_joint<2025, (itemizing)> = [False]
                  rrc_cares_qualifying_children_with_valid_ssn<2025, (itemizing)> = [0]
                    ctc_qualifying_child<2025, (itemizing)> = [False]
                    meets_eitc_identification_requirements<2025, (itemizing)> = [ True]
                rrc_caa<2025, (itemizing)> = [0.]
                  filing_status<2025, (itemizing)> = ['SINGLE']
                  adjusted_gross_income<2025, (itemizing)> = [300000.]
                  rrc_adult_count_with_valid_ssn<2025, (itemizing)> = [1]
                  rrc_qualifies_for_armed_forces_exception<2025, (itemizing)> = [False]
                  tax_unit_is_joint<2025, (itemizing)> = [False]
                  rrc_cares_qualifying_children_with_valid_ssn<2025, (itemizing)> = [0]
                rrc_arpa<2025, (itemizing)> = [0.]
                  filing_status<2025, (itemizing)> = ['SINGLE']
                  adjusted_gross_income<2025, (itemizing)> = [300000.]
                  rrc_arpa_dependents_with_valid_ssn<2025, (itemizing)> = [0]
                    is_tax_unit_dependent<2025, (itemizing)> = [False]
                    meets_eitc_identification_requirements<2025, (itemizing)> = [ True]
                  rrc_qualifies_for_armed_forces_exception<2025, (itemizing)> = [False]
                  tax_unit_is_joint<2025, (itemizing)> = [False]
                  rrc_adult_count_with_valid_ssn<2025, (itemizing)> = [1]
              refundable_payroll_tax_credit<2025, (itemizing)> = [0.]
        tax_liability_if_not_itemizing<2025, (default)> = [43056.5]
          income_tax<2025, (not_itemizing)> = [43056.5]
            income_tax_before_refundable_credits<2025, (not_itemizing)> = [43056.5]
              income_tax_before_credits<2025, (not_itemizing)> = [39256.5]
                income_tax_main_rates<2025, (not_itemizing)> = [3871.5]
                  taxable_income_plus_section_911_exclusion<2025, (not_itemizing)> = [284250.]
                    taxable_income<2025, (not_itemizing)> = [284250.]
                      adjusted_gross_income<2025, (not_itemizing)> = [300000.]
                      exemptions<2025, (not_itemizing)> = [0.]
                      taxable_income_deductions<2025, (not_itemizing)> = [15750.]
                        tax_unit_itemizes<2025, (not_itemizing)> = [False]
                        taxable_income_deductions_if_itemizing<2025, (not_itemizing)> = [1914.]
                          qualified_business_income_deduction<2025, (not_itemizing)> = [0.]
                            qbid_amount<2025, (not_itemizing)> = [0.]
                              taxable_income_less_qbid<2025, (not_itemizing)> = [284250.]
                                adjusted_gross_income<2025, (not_itemizing)> = [300000.]
                                wagering_losses_deduction<2025, (not_itemizing)> = [0.]
                                  gambling_losses<2025, (not_itemizing)> = [0.]
                                  gambling_winnings<2025, (not_itemizing)> = [0.]
                                itemized_taxable_income_deductions<2025, (not_itemizing)> = [1914.]
                                tip_income_deduction<2025, (not_itemizing)> = [0.]
                                  tip_income_deduction_ssn_requirement_met<2025, (not_itemizing)> = [ True]
                                    ssn_card_type<2025, (not_itemizing)> = ['CITIZEN']
                                    tax_unit_is_joint<2025, (not_itemizing)> = [False]
                                      filing_status<2025, (not_itemizing)> = ['SINGLE']
                                    is_tax_unit_head_or_spouse<2025, (not_itemizing)> = [ True]
                                  tip_income<2025, (not_itemizing)> = [0.]
                                  tip_income_deduction_occupation_requirement_met<2025, (not_itemizing)> = [False]
                                    treasury_tipped_occupation_code<2025, (not_itemizing)> = [0]
                                    business_is_sstb<2025, (not_itemizing)> = [False]
                                    sstb_self_employment_income<2025, (not_itemizing)> = [0.]
                                  adjusted_gross_income<2025, (not_itemizing)> = [300000.]
                                  filing_status<2025, (not_itemizing)> = ['SINGLE']
                                overtime_income_deduction<2025, (not_itemizing)> = [0.]
                                  overtime_income_deduction_ssn_requirement_met<2025, (not_itemizing)> = [ True]
                                    ssn_card_type<2025, (not_itemizing)> = ['CITIZEN']
                                    tax_unit_is_joint<2025, (not_itemizing)> = [False]
                                    is_tax_unit_head_or_spouse<2025, (not_itemizing)> = [ True]
                                  fsla_overtime_premium<2025, (not_itemizing)> = [0.]
                                  adjusted_gross_income<2025, (not_itemizing)> = [300000.]
                                  filing_status<2025, (not_itemizing)> = ['SINGLE']
                                additional_senior_deduction<2025, (not_itemizing)> = [0.]
                                  additional_senior_deduction_eligible_person<2025, (not_itemizing)> = [False]
                                    ssn_card_type<2025, (not_itemizing)> = ['CITIZEN']
                                    filing_status<2025, (not_itemizing)> = ['SINGLE']
                                    is_tax_unit_head_or_spouse<2025, (not_itemizing)> = [ True]
                                    age<2025, (not_itemizing)> = [40.]
                                  additional_senior_deduction_magi<2025, (not_itemizing)> = [300000.]
                                    adjusted_gross_income<2025, (not_itemizing)> = [300000.]
                                    foreign_earned_income_exclusion<2025, (not_itemizing)> = [0.]
                                    specified_possession_income<2025, (not_itemizing)> = [0.]
                                    puerto_rico_income<2025, (not_itemizing)> = [0.]
                                  filing_status<2025, (not_itemizing)> = ['SINGLE']
                                auto_loan_interest_deduction<2025, (not_itemizing)> = [0.]
                                  qualified_passenger_vehicle_loan_interest<2025, (not_itemizing)> = [0.]
                                  filing_status<2025, (not_itemizing)> = ['SINGLE']
                                  adjusted_gross_income<2025, (not_itemizing)> = [300000.]
                                charitable_deduction_for_non_itemizers<2025, (not_itemizing)> = [0.]
                                  charitable_cash_donations<2025, (not_itemizing)> = [0.]
                                  filing_status<2025, (not_itemizing)> = ['SINGLE']
                                standard_deduction<2025, (not_itemizing)> = [15750.]
                                tip_income_deduction<2025, (not_itemizing)> = [0.]
                                overtime_income_deduction<2025, (not_itemizing)> = [0.]
                                additional_senior_deduction<2025, (not_itemizing)> = [0.]
                                auto_loan_interest_deduction<2025, (not_itemizing)> = [0.]
                                tax_unit_itemizes<2025, (not_itemizing)> = [False]
                              filing_status<2025, (not_itemizing)> = ['SINGLE']
                              w2_wages_from_qualified_business<2025, (not_itemizing)> = [0.]
                              unadjusted_basis_qualified_property<2025, (not_itemizing)> = [0.]
                              qualified_business_income<2025, (not_itemizing)> = [0.]
                                business_is_qualified<2025, (not_itemizing)> = [ True]
                                self_employment_income<2025, (not_itemizing)> = [0.]
                                self_employment_income_would_be_qualified<2025, (not_itemizing)> = [ True]
                                partnership_s_corp_income<2025, (not_itemizing)> = [0.]
                                partnership_s_corp_income_would_be_qualified<2025, (not_itemizing)> = [ True]
                                farm_rent_income<2025, (not_itemizing)> = [0.]
                                farm_rent_income_would_be_qualified<2025, (not_itemizing)> = [ True]
                                farm_operations_income<2025, (not_itemizing)> = [0.]
                                farm_operations_income_would_be_qualified<2025, (not_itemizing)> = [ True]
                                rental_income<2025, (not_itemizing)> = [0.]
                                rental_income_would_be_qualified<2025, (not_itemizing)> = [ True]
                                estate_income<2025, (not_itemizing)> = [0.]
                                estate_income_would_be_qualified<2025, (not_itemizing)> = [ True]
                                sstb_self_employment_income<2025, (not_itemizing)> = [0.]
                                sstb_self_employment_income_would_be_qualified<2025, (not_itemizing)> = [ True]
                                self_employment_tax_ald_person<2025, (not_itemizing)> = [0.]
                                self_employed_health_insurance_ald_person<2025, (not_itemizing)> = [0.]
                                self_employed_pension_contribution_ald_person<2025, (not_itemizing)> = [0.]
                              sstb_qualified_business_income<2025, (not_itemizing)> = [0.]
                                self_employment_income<2025, (not_itemizing)> = [0.]
                                self_employment_income_would_be_qualified<2025, (not_itemizing)> = [ True]
                                partnership_s_corp_income<2025, (not_itemizing)> = [0.]
                                partnership_s_corp_income_would_be_qualified<2025, (not_itemizing)> = [ True]
                                farm_rent_income<2025, (not_itemizing)> = [0.]
                                farm_rent_income_would_be_qualified<2025, (not_itemizing)> = [ True]
                                farm_operations_income<2025, (not_itemizing)> = [0.]
                                farm_operations_income_would_be_qualified<2025, (not_itemizing)> = [ True]
                                rental_income<2025, (not_itemizing)> = [0.]
                                rental_income_would_be_qualified<2025, (not_itemizing)> = [ True]
                                estate_income<2025, (not_itemizing)> = [0.]
                                estate_income_would_be_qualified<2025, (not_itemizing)> = [ True]
                                sstb_self_employment_income<2025, (not_itemizing)> = [0.]
                                sstb_self_employment_income_would_be_qualified<2025, (not_itemizing)> = [ True]
                                self_employment_tax_ald_person<2025, (not_itemizing)> = [0.]
                                self_employed_health_insurance_ald_person<2025, (not_itemizing)> = [0.]
                                self_employed_pension_contribution_ald_person<2025, (not_itemizing)> = [0.]
                              business_is_sstb<2025, (not_itemizing)> = [False]
                              self_employment_income<2025, (not_itemizing)> = [0.]
                              self_employment_income_would_be_qualified<2025, (not_itemizing)> = [ True]
                              partnership_s_corp_income<2025, (not_itemizing)> = [0.]
                              partnership_s_corp_income_would_be_qualified<2025, (not_itemizing)> = [ True]
                              farm_rent_income<2025, (not_itemizing)> = [0.]
                              farm_rent_income_would_be_qualified<2025, (not_itemizing)> = [ True]
                              farm_operations_income<2025, (not_itemizing)> = [0.]
                              farm_operations_income_would_be_qualified<2025, (not_itemizing)> = [ True]
                              rental_income<2025, (not_itemizing)> = [0.]
                              rental_income_would_be_qualified<2025, (not_itemizing)> = [ True]
                              estate_income<2025, (not_itemizing)> = [0.]
                              estate_income_would_be_qualified<2025, (not_itemizing)> = [ True]
                              sstb_self_employment_income<2025, (not_itemizing)> = [0.]
                              sstb_self_employment_income_would_be_qualified<2025, (not_itemizing)> = [ True]
                              sstb_w2_wages_from_qualified_business<2025, (not_itemizing)> = [0.]
                              sstb_unadjusted_basis_qualified_property<2025, (not_itemizing)> = [0.]
                              qualified_reit_and_ptp_income<2025, (not_itemizing)> = [0.]
                            taxable_income_less_qbid<2025, (not_itemizing)> = [284250.]
                            adjusted_net_capital_gain<2025, (not_itemizing)> = [250000.]
                              net_capital_gain<2025, (not_itemizing)> = [250000.]
                                long_term_capital_gains<2025, (not_itemizing)> = [300000.]
                                is_tax_unit_dependent<2025, (not_itemizing)> = [False]
                                form_4952_capital_gain_distributions<2025, (not_itemizing)> = [0.]
                                short_term_capital_gains<2025, (not_itemizing)> = [0.]
                                is_tax_unit_dependent<2025, (not_itemizing)> = [False]
                                form_4952_elected_investment_income<2025, (not_itemizing)> = [50000.]
                                form_4952_net_capital_gain<2025, (not_itemizing)> = [300000.]
                                form_4952_qualified_dividends<2025, (not_itemizing)> = [0.]
                              dividend_income_reduced_by_investment_income<2025, (not_itemizing)> = [0.]
                                form_4952_qualified_dividends<2025, (not_itemizing)> = [0.]
                                long_term_capital_gains<2025, (not_itemizing)> = [300000.]
                                is_tax_unit_dependent<2025, (not_itemizing)> = [False]
                                short_term_capital_gains<2025, (not_itemizing)> = [0.]
                                is_tax_unit_dependent<2025, (not_itemizing)> = [False]
                                form_4952_capital_gain_distributions<2025, (not_itemizing)> = [0.]
                                form_4952_elected_investment_income<2025, (not_itemizing)> = [50000.]
                                form_4952_net_capital_gain<2025, (not_itemizing)> = [300000.]
                              schedule_d_unrecaptured_section_1250_gain<2025, (not_itemizing)> = [0.]
                                unrecaptured_section_1250_gain<2025, (not_itemizing)> = [0.]
                                unrecaptured_section_1250_gain_before_losses<2025, (not_itemizing)> = [0.]
                                capital_gains_28_percent_rate_gain<2025, (not_itemizing)> = [0.]
                                  long_term_capital_gains_on_collectibles<2025, (not_itemizing)> = [0.]
                                  long_term_capital_gains_on_small_business_stock<2025, (not_itemizing)> = [0.]
                                  collectibles_gain_or_loss<2025, (not_itemizing)> = [0.]
                                  section_1202_gain<2025, (not_itemizing)> = [0.]
                                  short_term_capital_gains<2025, (not_itemizing)> = [0.]
                                  long_term_capital_loss_carryover<2025, (not_itemizing)> = [0.]
                                collectibles_gain_or_loss<2025, (not_itemizing)> = [0.]
                                section_1202_gain<2025, (not_itemizing)> = [0.]
                                short_term_capital_gains<2025, (not_itemizing)> = [0.]
                                long_term_capital_loss_carryover<2025, (not_itemizing)> = [0.]
                              capital_gains_28_percent_rate_gain<2025, (not_itemizing)> = [0.]
                          wagering_losses_deduction<2025, (not_itemizing)> = [0.]
                          itemized_taxable_income_deductions<2025, (not_itemizing)> = [1914.]
                          tip_income_deduction<2025, (not_itemizing)> = [0.]
                          overtime_income_deduction<2025, (not_itemizing)> = [0.]
                          additional_senior_deduction<2025, (not_itemizing)> = [0.]
                          auto_loan_interest_deduction<2025, (not_itemizing)> = [0.]
                        taxable_income_deductions_if_not_itemizing<2025, (not_itemizing)> = [15750.]
                          charitable_deduction_for_non_itemizers<2025, (not_itemizing)> = [0.]
                          standard_deduction<2025, (not_itemizing)> = [15750.]
                          qualified_business_income_deduction<2025, (not_itemizing)> = [0.]
                          tip_income_deduction<2025, (not_itemizing)> = [0.]
                          overtime_income_deduction<2025, (not_itemizing)> = [0.]
                          additional_senior_deduction<2025, (not_itemizing)> = [0.]
                          auto_loan_interest_deduction<2025, (not_itemizing)> = [0.]
                    foreign_earned_income_exclusion<2025, (not_itemizing)> = [0.]
                  capital_gains_excluded_from_taxable_income<2025, (not_itemizing)> = [250000.]
                    section_911_net_capital_gain<2025, (not_itemizing)> = [250000.]
                      net_capital_gain<2025, (not_itemizing)> = [250000.]
                      section_911_capital_gain_excess<2025, (not_itemizing)> = [0.]
                        foreign_earned_income_exclusion<2025, (not_itemizing)> = [0.]
                        net_capital_gain<2025, (not_itemizing)> = [250000.]
                        taxable_income<2025, (not_itemizing)> = [284250.]
                    section_911_adjusted_net_capital_gain<2025, (not_itemizing)> = [250000.]
                      section_911_capital_gain_excess<2025, (not_itemizing)> = [0.]
                      net_capital_gain<2025, (not_itemizing)> = [250000.]
                      dividend_income_reduced_by_investment_income<2025, (not_itemizing)> = [0.]
                      section_911_capital_gain_excess<2025, (not_itemizing)> = [0.]
                      section_911_qualified_dividend_income<2025, (not_itemizing)> = [0.]
                        net_capital_gain<2025, (not_itemizing)> = [250000.]
                        dividend_income_reduced_by_investment_income<2025, (not_itemizing)> = [0.]
                        section_911_capital_gain_excess<2025, (not_itemizing)> = [0.]
                      section_911_unrecaptured_section_1250_gain<2025, (not_itemizing)> = [0.]
                        schedule_d_unrecaptured_section_1250_gain<2025, (not_itemizing)> = [0.]
                        capital_gains_28_percent_rate_gain<2025, (not_itemizing)> = [0.]
                        section_911_capital_gain_excess<2025, (not_itemizing)> = [0.]
                      section_911_28_percent_rate_gain<2025, (not_itemizing)> = [0.]
                        capital_gains_28_percent_rate_gain<2025, (not_itemizing)> = [0.]
                        section_911_capital_gain_excess<2025, (not_itemizing)> = [0.]
                      adjusted_net_capital_gain<2025, (not_itemizing)> = [250000.]
                    taxable_income_plus_section_911_exclusion<2025, (not_itemizing)> = [284250.]
                    taxable_income_taxed_below_25_percent<2025, (not_itemizing)> = [197300.]
                      taxable_income_plus_section_911_exclusion<2025, (not_itemizing)> = [284250.]
                      filing_status<2025, (not_itemizing)> = ['SINGLE']
                  filing_status<2025, (not_itemizing)> = ['SINGLE']
                  foreign_earned_income_exclusion<2025, (not_itemizing)> = [0.]
                capital_gains_tax<2025, (not_itemizing)> = [35385.]
                  section_911_net_capital_gain<2025, (not_itemizing)> = [250000.]
                  taxable_income_plus_section_911_exclusion<2025, (not_itemizing)> = [284250.]
                  section_911_adjusted_net_capital_gain<2025, (not_itemizing)> = [250000.]
                  capital_gains_excluded_from_taxable_income<2025, (not_itemizing)> = [250000.]
                  filing_status<2025, (not_itemizing)> = ['SINGLE']
                  section_911_unrecaptured_section_1250_gain<2025, (not_itemizing)> = [0.]
                  net_capital_gain<2025, (not_itemizing)> = [250000.]
                  dividend_income_reduced_by_investment_income<2025, (not_itemizing)> = [0.]
                  section_911_capital_gain_excess<2025, (not_itemizing)> = [0.]
                  section_911_28_percent_rate_gain<2025, (not_itemizing)> = [0.]
                  tax_on_taxable_income_at_main_rates<2025, (not_itemizing)> = [69034.75]
                    taxable_income_plus_section_911_exclusion<2025, (not_itemizing)> = [284250.]
                    filing_status<2025, (not_itemizing)> = ['SINGLE']
                    foreign_earned_income_exclusion<2025, (not_itemizing)> = [0.]
                  income_tax_main_rates<2025, (not_itemizing)> = [3871.5]
                alternative_minimum_tax<2025, (not_itemizing)> = [0.]
                  amt_base_tax<2025, (not_itemizing)> = [55094.]
                    amt_lower_base_tax<2025, (not_itemizing)> = [55094.]
                      filing_status<2025, (not_itemizing)> = ['SINGLE']
                      amt_income_less_exemptions_plus_section_911_exclusion<2025, (not_itemizing)> = [211900.]
                        amt_income_less_exemptions<2025, (not_itemizing)> = [211900.]
                          amt_income<2025, (not_itemizing)> = [300000.]
                            taxable_income<2025, (not_itemizing)> = [284250.]
                            amt_excluded_deductions<2025, (not_itemizing)> = [15750.]
                              tax_unit_itemizes<2025, (not_itemizing)> = [False]
                              standard_deduction<2025, (not_itemizing)> = [15750.]
                              salt_deduction<2025, (not_itemizing)> = [1914.]
                              misc_deduction<2025, (not_itemizing)> = [0.]
                            amt_separate_addition<2025, (not_itemizing)> = [0.]
                              taxable_income<2025, (not_itemizing)> = [284250.]
                              amt_excluded_deductions<2025, (not_itemizing)> = [15750.]
                              filing_status<2025, (not_itemizing)> = ['SINGLE']
                            exemptions<2025, (not_itemizing)> = [0.]
                          taxable_income<2025, (not_itemizing)> = [284250.]
                          amt_kiddie_tax_applies<2025, (not_itemizing)> = [False]
                            is_full_time_student<2025, (not_itemizing)> = [False]
                            is_tax_unit_head<2025, (not_itemizing)> = [ True]
                            is_tax_unit_spouse<2025, (not_itemizing)> = [False]
                            age_head<2025, (not_itemizing)> = [40]
                            age_spouse<2025, (not_itemizing)> = [0]
                          amt_exemption<2025, (not_itemizing)> = [88100.]
                            filing_status<2025, (not_itemizing)> = ['SINGLE']
                            amt_income<2025, (not_itemizing)> = [300000.]
                            amt_kiddie_tax_applies<2025, (not_itemizing)> = [False]
                            filer_adjusted_earnings<2025, (not_itemizing)> = [0.]
                              adjusted_earnings<2025, (not_itemizing)> = [0.]
                                self_employment_tax<2025, (not_itemizing)> = [0.]
                                earned_income<2025, (not_itemizing)> = [0.]
                              is_tax_unit_dependent<2025, (not_itemizing)> = [False]
                        foreign_earned_income_exclusion<2025, (not_itemizing)> = [0.]
                    amt_higher_base_tax<2025, (not_itemizing)> = [0.]
                      filing_status<2025, (not_itemizing)> = ['SINGLE']
                      amt_income_less_exemptions_plus_section_911_exclusion<2025, (not_itemizing)> = [211900.]
                  amt_part_iii_required<2025, (not_itemizing)> = [ True]
                    dwks10<2025, (not_itemizing)> = [250000.]
                      dividend_income_reduced_by_investment_income<2025, (not_itemizing)> = [0.]
                      dwks09<2025, (not_itemizing)> = [250000.]
                        long_term_capital_gains<2025, (not_itemizing)> = [300000.]
                        is_tax_unit_dependent<2025, (not_itemizing)> = [False]
                        short_term_capital_gains<2025, (not_itemizing)> = [0.]
                        is_tax_unit_dependent<2025, (not_itemizing)> = [False]
                        form_4952_capital_gain_distributions<2025, (not_itemizing)> = [0.]
                        form_4952_elected_investment_income<2025, (not_itemizing)> = [50000.]
                        form_4952_net_capital_gain<2025, (not_itemizing)> = [300000.]
                    dwks13<2025, (not_itemizing)> = [250000.]
                      capital_gains_28_percent_rate_gain<2025, (not_itemizing)> = [0.]
                      schedule_d_unrecaptured_section_1250_gain<2025, (not_itemizing)> = [0.]
                      dwks09<2025, (not_itemizing)> = [250000.]
                      dwks10<2025, (not_itemizing)> = [250000.]
                      has_qdiv_or_ltcg<2025, (not_itemizing)> = [ True]
                        qualified_dividend_income<2025, (not_itemizing)> = [0.]
                        is_tax_unit_dependent<2025, (not_itemizing)> = [False]
                        non_sch_d_capital_gains<2025, (not_itemizing)> = [0.]
                        long_term_capital_gains<2025, (not_itemizing)> = [300000.]
                        is_tax_unit_dependent<2025, (not_itemizing)> = [False]
                        short_term_capital_gains<2025, (not_itemizing)> = [0.]
                        is_tax_unit_dependent<2025, (not_itemizing)> = [False]
                    dwks14<2025, (not_itemizing)> = [34250.]
                      taxable_income_plus_section_911_exclusion<2025, (not_itemizing)> = [284250.]
                      taxable_income<2025, (not_itemizing)> = [284250.]
                      dwks09<2025, (not_itemizing)> = [250000.]
                      dwks10<2025, (not_itemizing)> = [250000.]
                      dwks13<2025, (not_itemizing)> = [250000.]
                      foreign_earned_income_exclusion<2025, (not_itemizing)> = [0.]
                      schedule_d_unrecaptured_section_1250_gain<2025, (not_itemizing)> = [0.]
                      capital_gains_28_percent_rate_gain<2025, (not_itemizing)> = [0.]
                      dividend_income_reduced_by_investment_income<2025, (not_itemizing)> = [0.]
                      has_qdiv_or_ltcg<2025, (not_itemizing)> = [ True]
                      has_qdiv_or_ltcg<2025, (not_itemizing)> = [ True]
                    dwks19<2025, (not_itemizing)> = [34250.]
                      dwks14<2025, (not_itemizing)> = [34250.]
                      taxable_income_plus_section_911_exclusion<2025, (not_itemizing)> = [284250.]
                      taxable_income<2025, (not_itemizing)> = [284250.]
                      dwks09<2025, (not_itemizing)> = [250000.]
                      dwks10<2025, (not_itemizing)> = [250000.]
                      dwks13<2025, (not_itemizing)> = [250000.]
                      foreign_earned_income_exclusion<2025, (not_itemizing)> = [0.]
                      schedule_d_unrecaptured_section_1250_gain<2025, (not_itemizing)> = [0.]
                      capital_gains_28_percent_rate_gain<2025, (not_itemizing)> = [0.]
                      dividend_income_reduced_by_investment_income<2025, (not_itemizing)> = [0.]
                      has_qdiv_or_ltcg<2025, (not_itemizing)> = [ True]
                      taxable_income_taxed_below_25_percent<2025, (not_itemizing)> = [197300.]
                      has_qdiv_or_ltcg<2025, (not_itemizing)> = [ True]
                    schedule_d_unrecaptured_section_1250_gain<2025, (not_itemizing)> = [0.]
                  amt_tax_including_cg<2025, (not_itemizing)> = [29670.]
                    amt_income_less_exemptions_plus_section_911_exclusion<2025, (not_itemizing)> = [211900.]
                    amt_income_less_exemptions<2025, (not_itemizing)> = [211900.]
                    dwks09<2025, (not_itemizing)> = [250000.]
                    dwks10<2025, (not_itemizing)> = [250000.]
                    dwks13<2025, (not_itemizing)> = [250000.]
                    foreign_earned_income_exclusion<2025, (not_itemizing)> = [0.]
                    schedule_d_unrecaptured_section_1250_gain<2025, (not_itemizing)> = [0.]
                    capital_gains_28_percent_rate_gain<2025, (not_itemizing)> = [0.]
                    dividend_income_reduced_by_investment_income<2025, (not_itemizing)> = [0.]
                    has_qdiv_or_ltcg<2025, (not_itemizing)> = [ True]
                    filing_status<2025, (not_itemizing)> = ['SINGLE']
                    dwks14<2025, (not_itemizing)> = [34250.]
                    dwks19<2025, (not_itemizing)> = [34250.]
                  filing_status<2025, (not_itemizing)> = ['SINGLE']
                  amt_income_less_exemptions<2025, (not_itemizing)> = [211900.]
                  foreign_earned_income_exclusion<2025, (not_itemizing)> = [0.]
                  foreign_tax_credit_potential<2025, (not_itemizing)> = [0.]
                  regular_tax_before_credits<2025, (not_itemizing)> = [39256.5]
                    income_tax_main_rates<2025, (not_itemizing)> = [3871.5]
                    capital_gains_tax<2025, (not_itemizing)> = [35385.]
                  form_4972_lumpsum_distributions<2025, (not_itemizing)> = [0.]
              net_investment_income_tax<2025, (not_itemizing)> = [3800.]
                filing_status<2025, (not_itemizing)> = ['SINGLE']
                niit_magi<2025, (not_itemizing)> = [300000.]
                  is_tax_unit_dependent<2025, (not_itemizing)> = [False]
                  estate_income_niit_magi_adjustment<2025, (not_itemizing)> = [0.]
                    estate_income_net_investment_income_adjustment<2025, (not_itemizing)> = [0.]
                  niit_magi_section_911_addition<2025, (not_itemizing)> = [0.]
                    foreign_earned_income_exclusion<2025, (not_itemizing)> = [0.]
                  adjusted_gross_income<2025, (not_itemizing)> = [300000.]
                net_investment_income<2025, (not_itemizing)> = [300000.]
                  taxable_interest_income<2025, (not_itemizing)> = [0.]
                  is_tax_unit_dependent<2025, (not_itemizing)> = [False]
                  dividend_income<2025, (not_itemizing)> = [0.]
                  is_tax_unit_dependent<2025, (not_itemizing)> = [False]
                  rental_income<2025, (not_itemizing)> = [0.]
                  is_tax_unit_dependent<2025, (not_itemizing)> = [False]
                  passive_partnership_s_corp_income<2025, (not_itemizing)> = [0.]
                  is_tax_unit_dependent<2025, (not_itemizing)> = [False]
                  estate_net_investment_income<2025, (not_itemizing)> = [0.]
                    estate_income<2025, (not_itemizing)> = [0.]
                    estate_income_net_investment_income_adjustment<2025, (not_itemizing)> = [0.]
                    is_tax_unit_dependent<2025, (not_itemizing)> = [False]
                  is_tax_unit_dependent<2025, (not_itemizing)> = [False]
                  filer_loss_limited_net_capital_gains<2025, (not_itemizing)> = [300000.]
                    filing_status<2025, (not_itemizing)> = ['SINGLE']
                    long_term_capital_gains<2025, (not_itemizing)> = [300000.]
                    is_tax_unit_dependent<2025, (not_itemizing)> = [False]
                    short_term_capital_gains<2025, (not_itemizing)> = [0.]
                    is_tax_unit_dependent<2025, (not_itemizing)> = [False]
                    is_tax_unit_dependent<2025, (not_itemizing)> = [False]
                    non_sch_d_capital_gains<2025, (not_itemizing)> = [0.]
              recapture_of_investment_credit<2025, (not_itemizing)> = [0.]
              unreported_payroll_tax<2025, (not_itemizing)> = [0.]
              qualified_retirement_penalty<2025, (not_itemizing)> = [0.]
              income_tax_capped_non_refundable_credits<2025, (not_itemizing)> = [0.]
                income_tax_non_refundable_credits<2025, (not_itemizing)> = [0.]
                  foreign_tax_credit<2025, (not_itemizing)> = [0.]
                    foreign_tax_credit_potential<2025, (not_itemizing)> = [0.]
                    foreign_tax_credit_credit_limit<2025, (not_itemizing)> = [39256.5]
                      income_tax_before_credits<2025, (not_itemizing)> = [39256.5]
                  cdcc<2025, (not_itemizing)> = [0.]
                    cdcc_credit_limit<2025, (not_itemizing)> = [39256.5]
                      income_tax_before_credits<2025, (not_itemizing)> = [39256.5]
                      foreign_tax_credit<2025, (not_itemizing)> = [0.]
                    cdcc_potential<2025, (not_itemizing)> = [0.]
                      cdcc_relevant_expenses<2025, (not_itemizing)> = [0.]
                        tax_unit_childcare_expenses<2025, (not_itemizing)> = [0.]
                          childcare_expenses<2025, (not_itemizing)> = [0.]
                          is_child<2025, (not_itemizing)> = [False]
                          is_child<2025, (not_itemizing)> = [False]
                        care_expenses<2025, (not_itemizing)> = [0.]
                        cdcc_limit<2025, (not_itemizing)> = [0.]
                          capped_count_cdcc_eligible<2025, (not_itemizing)> = [0]
                            count_cdcc_eligible<2025, (not_itemizing)> = [0]
                              is_cdcc_eligible<2025, (not_itemizing)> = [False]
                                age<2025, (not_itemizing)> = [40.]
                                is_tax_unit_dependent<2025, (not_itemizing)> = [False]
                                is_tax_unit_head_or_spouse<2025, (not_itemizing)> = [ True]
                                is_incapable_of_self_care<2025, (not_itemizing)> = [False]
                                tax_unit_married<2025, (not_itemizing)> = [False]
                              is_tax_unit_head_or_spouse<2025, (not_itemizing)> = [ True]
                          dependent_care_assistance_exclusion<2025, (not_itemizing)> = [0.]
                            dependent_care_employer_benefits<2025, (not_itemizing)> = [0.]
                            filing_status<2025, (not_itemizing)> = ['SINGLE']
                            min_head_spouse_earned<2025, (not_itemizing)> = [0.]
                              tax_unit_is_joint<2025, (not_itemizing)> = [False]
                              is_tax_unit_head<2025, (not_itemizing)> = [ True]
                              is_tax_unit_spouse<2025, (not_itemizing)> = [False]
                              cdcc_income_floor_eligible<2025, (not_itemizing)> = [False]
                                is_tax_unit_head_or_spouse<2025, (not_itemizing)> = [ True]
                                tax_unit_married<2025, (not_itemizing)> = [False]
                                is_full_time_student<2025, (not_itemizing)> = [False]
                                is_incapable_of_self_care<2025, (not_itemizing)> = [False]
                              head_earned<2025, (not_itemizing)> = [0.]
                                adjusted_earnings<2025, (not_itemizing)> = [0.]
                                is_tax_unit_head<2025, (not_itemizing)> = [ True]
                              spouse_earned<2025, (not_itemizing)> = [0.]
                                adjusted_earnings<2025, (not_itemizing)> = [0.]
                                is_tax_unit_spouse<2025, (not_itemizing)> = [False]
                              count_cdcc_eligible<2025, (not_itemizing)> = [0]
                        min_head_spouse_earned<2025, (not_itemizing)> = [0.]
                      cdcc_rate<2025, (not_itemizing)> = [0.2]
                        adjusted_gross_income<2025, (not_itemizing)> = [300000.]
                      cdcc_filing_status_eligible<2025, (not_itemizing)> = [ True]
                        filing_status<2025, (not_itemizing)> = ['SINGLE']
                        is_tax_unit_head_or_spouse<2025, (not_itemizing)> = [ True]
                        is_separated<2025, (not_itemizing)> = [False]
                        is_cdcc_eligible<2025, (not_itemizing)> = [False]
                        is_tax_unit_head_or_spouse<2025, (not_itemizing)> = [ True]
                  elderly_disabled_credit<2025, (not_itemizing)> = [0.]
                    elderly_disabled_credit_credit_limit<2025, (not_itemizing)> = [39256.5]
                      income_tax_before_credits<2025, (not_itemizing)> = [39256.5]
                      foreign_tax_credit<2025, (not_itemizing)> = [0.]
                      cdcc<2025, (not_itemizing)> = [0.]
                    elderly_disabled_credit_potential<2025, (not_itemizing)> = [0.]
                      section_22_income<2025, (not_itemizing)> = [0.]
                        filing_status<2025, (not_itemizing)> = ['SINGLE']
                        qualifies_for_elderly_or_disabled_credit<2025, (not_itemizing)> = [False]
                          age<2025, (not_itemizing)> = [40.]
                          retired_on_total_disability<2025, (not_itemizing)> = [False]
                        age<2025, (not_itemizing)> = [40.]
                        is_tax_unit_dependent<2025, (not_itemizing)> = [False]
                        total_disability_payments<2025, (not_itemizing)> = [0.]
                        pension_income<2025, (not_itemizing)> = [0.]
                        taxable_pension_income<2025, (not_itemizing)> = [0.]
                        tax_unit_social_security<2025, (not_itemizing)> = [0.]
                        tax_unit_taxable_social_security<2025, (not_itemizing)> = [0.]
                        adjusted_gross_income<2025, (not_itemizing)> = [300000.]
                  non_refundable_american_opportunity_credit<2025, (not_itemizing)> = [0.]
                    non_refundable_american_opportunity_credit_credit_limit<2025, (not_itemizing)> = [39256.5]
                      income_tax_before_credits<2025, (not_itemizing)> = [39256.5]
                      foreign_tax_credit<2025, (not_itemizing)> = [0.]
                      cdcc<2025, (not_itemizing)> = [0.]
                      elderly_disabled_credit<2025, (not_itemizing)> = [0.]
                    non_refundable_american_opportunity_credit_potential<2025, (not_itemizing)> = [0.]
                      american_opportunity_credit<2025, (not_itemizing)> = [0.]
                        is_eligible_for_american_opportunity_credit<2025, (not_itemizing)> = [False]
                          filing_status<2025, (not_itemizing)> = ['SINGLE']
                          has_american_opportunity_credit_1098_t_or_exception<2025, (not_itemizing)> = [False]
                          has_american_opportunity_credit_institution_ein<2025, (not_itemizing)> = [False]
                          is_pursuing_credential_for_american_opportunity_credit<2025, (not_itemizing)> = [False]
                          attends_eligible_educational_institution_for_american_opportunity_credit<2025, (not_itemizing)> = [False]
                          is_enrolled_at_least_half_time_for_american_opportunity_credit<2025, (not_itemizing)> = [False]
                          has_completed_first_four_years_of_postsecondary_education<2025, (not_itemizing)> = [False]
                          american_opportunity_credit_claimed_prior_years<2025, (not_itemizing)> = [0]
                          has_felony_drug_conviction<2025, (not_itemizing)> = [False]
                          meets_american_opportunity_credit_identification_requirements<2025, (not_itemizing)> = [ True]
                            has_tin<2025, (not_itemizing)> = [ True]
                          filer_meets_american_opportunity_credit_identification_requirements<2025, (not_itemizing)> = [ True]
                            is_tax_unit_head_or_spouse<2025, (not_itemizing)> = [ True]
                            meets_american_opportunity_credit_identification_requirements<2025, (not_itemizing)> = [ True]
                          is_nonresident_alien_for_american_opportunity_credit<2025, (not_itemizing)> = [False]
                          is_barred_from_american_opportunity_credit_due_to_improper_claims<2025, (not_itemizing)> = [False]
                        qualified_tuition_expenses<2025, (not_itemizing)> = [0.]
                        education_credit_phase_out<2025, (not_itemizing)> = [1.]
                          adjusted_gross_income<2025, (not_itemizing)> = [300000.]
                          tax_unit_is_joint<2025, (not_itemizing)> = [False]
                      refundable_american_opportunity_credit<2025, (not_itemizing)> = [0.]
                        american_opportunity_credit<2025, (not_itemizing)> = [0.]
                  lifetime_learning_credit<2025, (not_itemizing)> = [0.]
                    lifetime_learning_credit_credit_limit<2025, (not_itemizing)> = [39256.5]
                      income_tax_before_credits<2025, (not_itemizing)> = [39256.5]
                      foreign_tax_credit<2025, (not_itemizing)> = [0.]
                      cdcc<2025, (not_itemizing)> = [0.]
                      elderly_disabled_credit<2025, (not_itemizing)> = [0.]
                      non_refundable_american_opportunity_credit<2025, (not_itemizing)> = [0.]
                    lifetime_learning_credit_potential<2025, (not_itemizing)> = [0.]
                      is_eligible_for_american_opportunity_credit<2025, (not_itemizing)> = [False]
                      is_eligible_for_lifetime_learning_credit<2025, (not_itemizing)> = [False]
                        filing_status<2025, (not_itemizing)> = ['SINGLE']
                        has_lifetime_learning_credit_1098_t_or_exception<2025, (not_itemizing)> = [False]
                        attends_eligible_educational_institution_for_lifetime_learning_credit<2025, (not_itemizing)> = [False]
                        meets_lifetime_learning_credit_identification_requirements<2025, (not_itemizing)> = [ True]
                          has_tin<2025, (not_itemizing)> = [ True]
                        filer_meets_lifetime_learning_credit_identification_requirements<2025, (not_itemizing)> = [ True]
                          is_tax_unit_head_or_spouse<2025, (not_itemizing)> = [ True]
                          meets_lifetime_learning_credit_identification_requirements<2025, (not_itemizing)> = [ True]
                        is_nonresident_alien_for_lifetime_learning_credit<2025, (not_itemizing)> = [False]
                      qualified_tuition_expenses<2025, (not_itemizing)> = [0.]
                      lifetime_learning_credit_phase_out<2025, (not_itemizing)> = [1.]
                        adjusted_gross_income<2025, (not_itemizing)> = [300000.]
                        tax_unit_is_joint<2025, (not_itemizing)> = [False]
                  savers_credit<2025, (not_itemizing)> = [0.]
                    savers_credit_credit_limit<2025, (not_itemizing)> = [39256.5]
                      income_tax_before_credits<2025, (not_itemizing)> = [39256.5]
                      foreign_tax_credit<2025, (not_itemizing)> = [0.]
                      cdcc<2025, (not_itemizing)> = [0.]
                      elderly_disabled_credit<2025, (not_itemizing)> = [0.]
                      non_refundable_american_opportunity_credit<2025, (not_itemizing)> = [0.]
                      lifetime_learning_credit<2025, (not_itemizing)> = [0.]
                    savers_credit_potential<2025, (not_itemizing)> = [0.]
                      savers_credit_person<2025, (not_itemizing)> = [0.]
                        savers_credit_eligible_person<2025, (not_itemizing)> = [ True]
                          age<2025, (not_itemizing)> = [40.]
                          is_full_time_student<2025, (not_itemizing)> = [False]
                          claimed_as_dependent_on_another_return<2025, (not_itemizing)> = [False]
                          is_tax_unit_head_or_spouse<2025, (not_itemizing)> = [ True]
                        savers_credit_qualified_contributions<2025, (not_itemizing)> = [0.]
                          traditional_ira_contributions<2025, (not_itemizing)> = [0.]
                          roth_ira_contributions<2025, (not_itemizing)> = [0.]
                            roth_ira_contributions_desired<2025, (not_itemizing)> = [0.]
                            ira_contribution_scale<2025, (not_itemizing)> = [1.]
                          traditional_401k_contributions<2025, (not_itemizing)> = [0.]
                          traditional_403b_contributions<2025, (not_itemizing)> = [0.]
                          roth_401k_contributions<2025, (not_itemizing)> = [0.]
                            roth_401k_contributions_desired<2025, (not_itemizing)> = [0.]
                            elective_deferral_contribution_scale<2025, (not_itemizing)> = [1.]
                          roth_403b_contributions<2025, (not_itemizing)> = [0.]
                            roth_403b_contributions_desired<2025, (not_itemizing)> = [0.]
                            elective_deferral_contribution_scale<2025, (not_itemizing)> = [1.]
                          self_employed_pension_contributions<2025, (not_itemizing)> = [0.]
                          able_contributions_person<2025, (not_itemizing)> = [0.]
                          retirement_distributions<2025, (not_itemizing)> = [0.]
                        adjusted_gross_income<2025, (not_itemizing)> = [300000.]
                        filing_status<2025, (not_itemizing)> = ['SINGLE']
                  energy_efficient_home_improvement_credit<2025, (not_itemizing)> = [0.]
                    energy_efficient_home_improvement_credit_credit_limit<2025, (not_itemizing)> = [39256.5]
                      income_tax_before_credits<2025, (not_itemizing)> = [39256.5]
                      foreign_tax_credit<2025, (not_itemizing)> = [0.]
                      cdcc<2025, (not_itemizing)> = [0.]
                      elderly_disabled_credit<2025, (not_itemizing)> = [0.]
                      non_refundable_american_opportunity_credit<2025, (not_itemizing)> = [0.]
                      lifetime_learning_credit<2025, (not_itemizing)> = [0.]
                      savers_credit<2025, (not_itemizing)> = [0.]
                    energy_efficient_home_improvement_credit_potential<2025, (not_itemizing)> = [0.]
                      capped_heat_pump_heat_pump_water_heater_biomass_stove_boiler_credit<2025, (not_itemizing)> = [0.]
                        heat_pump_expenditures<2025, (not_itemizing)> = [0.]
                        heat_pump_water_heater_expenditures<2025, (not_itemizing)> = [0.]
                        biomass_stove_boiler_expenditures<2025, (not_itemizing)> = [0.]
                        capped_heat_pump_rebate<2025, (not_itemizing)> = [0.]
                          high_efficiency_electric_home_rebate_percent_covered<2025, (not_itemizing)> = [1.]
                            tax_unit_income_ami_ratio<2025, (not_itemizing)> = [0.]
                          heat_pump_expenditures<2025, (not_itemizing)> = [0.]
                        capped_heat_pump_water_heater_rebate<2025, (not_itemizing)> = [0.]
                          high_efficiency_electric_home_rebate_percent_covered<2025, (not_itemizing)> = [1.]
                          heat_pump_water_heater_expenditures<2025, (not_itemizing)> = [0.]
                      capped_energy_efficient_door_credit<2025, (not_itemizing)> = [0.]
                        energy_efficient_door_expenditures<2025, (not_itemizing)> = [0.]
                      capped_energy_efficient_insulation_credit<2025, (not_itemizing)> = [0.]
                        energy_efficient_insulation_expenditures<2025, (not_itemizing)> = [0.]
                        capped_insulation_air_sealing_ventilation_rebate<2025, (not_itemizing)> = [0.]
                          high_efficiency_electric_home_rebate_percent_covered<2025, (not_itemizing)> = [1.]
                          energy_efficient_insulation_expenditures<2025, (not_itemizing)> = [0.]
                          air_sealing_ventilation_expenditures<2025, (not_itemizing)> = [0.]
                      capped_energy_efficient_window_credit<2025, (not_itemizing)> = [0.]
                        energy_efficient_window_expenditures<2025, (not_itemizing)> = [0.]
                        prior_energy_efficient_window_credits<2025, (not_itemizing)> = [0.]
                      capped_advanced_main_air_circulating_fan_credit<2025, (not_itemizing)> = [0.]
                        advanced_main_air_circulating_fan_expenditures<2025, (not_itemizing)> = [0.]
                      capped_qualified_furnace_or_hot_water_boiler_credit<2025, (not_itemizing)> = [0.]
                        qualified_furnace_or_hot_water_boiler_expenditures<2025, (not_itemizing)> = [0.]
                      capped_advanced_main_air_circulating_fan_credit<2025, (not_itemizing)> = [0.]
                      capped_energy_efficient_central_air_conditioner_credit<2025, (not_itemizing)> = [0.]
                        energy_efficient_central_air_conditioner_expenditures<2025, (not_itemizing)> = [0.]
                      capped_heat_pump_heat_pump_water_heater_biomass_stove_boiler_credit<2025, (not_itemizing)> = [0.]
                      capped_qualified_furnace_or_hot_water_boiler_credit<2025, (not_itemizing)> = [0.]
                      capped_home_energy_audit_credit<2025, (not_itemizing)> = [0.]
                        home_energy_audit_expenditures<2025, (not_itemizing)> = [0.]
                      prior_energy_efficient_home_improvement_credits<2025, (not_itemizing)> = [0.]
                  used_clean_vehicle_credit<2025, (not_itemizing)> = [0.]
                    used_clean_vehicle_credit_eligible<2025, (not_itemizing)> = [False]
                      purchased_qualifying_used_clean_vehicle<2025, (not_itemizing)> = [False]
                  new_clean_vehicle_credit<2025, (not_itemizing)> = [0.]
                    new_clean_vehicle_credit_eligible<2025, (not_itemizing)> = [False]
                      purchased_qualifying_new_clean_vehicle<2025, (not_itemizing)> = [False]
                  non_refundable_ctc<2025, (not_itemizing)> = [0.]
                    ctc<2025, (not_itemizing)> = [0.]
                      filer_meets_ctc_identification_requirements<2025, (not_itemizing)> = [ True]
                        is_tax_unit_head_or_spouse<2025, (not_itemizing)> = [ True]
                        has_tin<2025, (not_itemizing)> = [ True]
                      ctc_maximum_with_arpa_addition<2025, (not_itemizing)> = [0.]
                        ctc_maximum<2025, (not_itemizing)> = [0.]
                          ctc_individual_maximum<2025, (not_itemizing)> = [0.]
                            ctc_child_individual_maximum<2025, (not_itemizing)> = [0.]
                              is_tax_unit_dependent<2025, (not_itemizing)> = [False]
                            ctc_adult_individual_maximum<2025, (not_itemizing)> = [0.]
                              is_tax_unit_dependent<2025, (not_itemizing)> = [False]
                        ctc_arpa_addition<2025, (not_itemizing)> = [0.]
                          ctc_arpa_max_addition<2025, (not_itemizing)> = [0.]
                          ctc_arpa_phase_out<2025, (not_itemizing)> = [0.]
                            ctc_arpa_phase_out_cap<2025, (not_itemizing)> = [0.]
                            ctc_arpa_uncapped_phase_out<2025, (not_itemizing)> = [0.]
                      ctc_phase_out<2025, (not_itemizing)> = [5000.]
                        adjusted_gross_income<2025, (not_itemizing)> = [300000.]
                        ctc_phase_out_threshold<2025, (not_itemizing)> = [200000.]
                          filing_status<2025, (not_itemizing)> = ['SINGLE']
                    refundable_ctc<2025, (not_itemizing)> = [0.]
                      ctc_refundable_maximum<2025, (not_itemizing)> = [0.]
                        ctc_child_individual_maximum<2025, (not_itemizing)> = [0.]
                        ctc_child_individual_maximum_arpa<2025, (not_itemizing)> = [0.]
                          ctc_qualifying_child<2025, (not_itemizing)> = [False]
                            is_tax_unit_dependent<2025, (not_itemizing)> = [False]
                      ctc<2025, (not_itemizing)> = [0.]
                      ctc_phase_in<2025, (not_itemizing)> = [0.]
                        ctc_phase_in_relevant_earnings<2025, (not_itemizing)> = [0.]
                          eitc_earned_income<2025, (not_itemizing)> = [0.]
                            employment_income<2025, (not_itemizing)> = [0.]
                            is_tax_unit_dependent<2025, (not_itemizing)> = [False]
                            self_employment_income<2025, (not_itemizing)> = [0.]
                            is_tax_unit_dependent<2025, (not_itemizing)> = [False]
                            sstb_self_employment_income<2025, (not_itemizing)> = [0.]
                            is_tax_unit_dependent<2025, (not_itemizing)> = [False]
                            farm_operations_income<2025, (not_itemizing)> = [0.]
                            is_tax_unit_dependent<2025, (not_itemizing)> = [False]
                            partnership_self_employment_net_earnings<2025, (not_itemizing)> = [0.]
                            is_tax_unit_dependent<2025, (not_itemizing)> = [False]
                            self_employment_tax_ald_person<2025, (not_itemizing)> = [0.]
                            is_tax_unit_dependent<2025, (not_itemizing)> = [False]
                        ctc_social_security_tax<2025, (not_itemizing)> = [0.]
                          employee_social_security_tax<2025, (not_itemizing)> = [0.]
                            taxable_earnings_for_social_security<2025, (not_itemizing)> = [0.]
                          is_tax_unit_dependent<2025, (not_itemizing)> = [False]
                          employee_medicare_tax<2025, (not_itemizing)> = [0.]
                            payroll_tax_gross_wages<2025, (not_itemizing)> = [0.]
                          is_tax_unit_dependent<2025, (not_itemizing)> = [False]
                          self_employment_tax_ald_person<2025, (not_itemizing)> = [0.]
                          is_tax_unit_dependent<2025, (not_itemizing)> = [False]
                          unreported_payroll_tax<2025, (not_itemizing)> = [0.]
                          additional_medicare_tax<2025, (not_itemizing)> = [0.]
                            payroll_tax_gross_wages<2025, (not_itemizing)> = [0.]
                            is_tax_unit_dependent<2025, (not_itemizing)> = [False]
                            taxable_self_employment_income<2025, (not_itemizing)> = [0.]
                            is_tax_unit_dependent<2025, (not_itemizing)> = [False]
                            filing_status<2025, (not_itemizing)> = ['SINGLE']
                          excess_payroll_tax_withheld<2025, (not_itemizing)> = [0.]
                        eitc<2025, (not_itemizing)> = [0.]
                          eitc_eligible<2025, (not_itemizing)> = [False]
                            eitc_investment_income_eligible<2025, (not_itemizing)> = [False]
                              eitc_relevant_investment_income<2025, (not_itemizing)> = [300000.]
                                taxable_interest_income<2025, (not_itemizing)> = [0.]
                                tax_exempt_interest_income<2025, (not_itemizing)> = [0.]
                                dividend_income<2025, (not_itemizing)> = [0.]
                                net_capital_gains<2025, (not_itemizing)> = [300000.]
                                  long_term_capital_gains<2025, (not_itemizing)> = [300000.]
                                  short_term_capital_gains<2025, (not_itemizing)> = [0.]
                                non_sch_d_capital_gains<2025, (not_itemizing)> = [0.]
                                rental_income<2025, (not_itemizing)> = [0.]
                                passive_partnership_s_corp_income<2025, (not_itemizing)> = [0.]
                            eitc_demographic_eligible<2025, (not_itemizing)> = [ True]
                              eitc_child_count<2025, (not_itemizing)> = [0]
                                is_tax_unit_dependent<2025, (not_itemizing)> = [False]
                                is_permanently_and_totally_disabled<2025, (not_itemizing)> = [False]
                                is_qualifying_child_dependent<2025, (not_itemizing)> = [False]
                                meets_eitc_identification_requirements<2025, (not_itemizing)> = [ True]
                                  ssn_card_type<2025, (not_itemizing)> = ['CITIZEN']
                              age<2025, (not_itemizing)> = [40.]
                              is_full_time_student<2025, (not_itemizing)> = [False]
                              is_tax_unit_dependent<2025, (not_itemizing)> = [False]
                            filer_meets_eitc_identification_requirements<2025, (not_itemizing)> = [ True]
                              is_tax_unit_head_or_spouse<2025, (not_itemizing)> = [ True]
                              meets_eitc_identification_requirements<2025, (not_itemizing)> = [ True]
                        ctc_qualifying_children<2025, (not_itemizing)> = [0]
                          ctc_qualifying_child<2025, (not_itemizing)> = [False]
                      ctc_limiting_tax_liability<2025, (not_itemizing)> = [39256.5]
                        ctc_tax_liability_after_preceding_credits<2025, (not_itemizing)> = [39256.5]
                          income_tax_before_credits<2025, (not_itemizing)> = [39256.5]
                          foreign_tax_credit<2025, (not_itemizing)> = [0.]
                          cdcc<2025, (not_itemizing)> = [0.]
                          elderly_disabled_credit<2025, (not_itemizing)> = [0.]
                          non_refundable_american_opportunity_credit<2025, (not_itemizing)> = [0.]
                          lifetime_learning_credit<2025, (not_itemizing)> = [0.]
                          savers_credit<2025, (not_itemizing)> = [0.]
                          energy_efficient_home_improvement_credit<2025, (not_itemizing)> = [0.]
                          used_clean_vehicle_credit<2025, (not_itemizing)> = [0.]
                          new_clean_vehicle_credit<2025, (not_itemizing)> = [0.]
                        residential_clean_energy_credit<2025, (not_itemizing)> = [0.]
                          residential_clean_energy_credit_credit_limit<2025, (not_itemizing)> = [39256.5]
                            income_tax_before_credits<2025, (not_itemizing)> = [39256.5]
                            foreign_tax_credit<2025, (not_itemizing)> = [0.]
                            cdcc<2025, (not_itemizing)> = [0.]
                            elderly_disabled_credit<2025, (not_itemizing)> = [0.]
                            non_refundable_american_opportunity_credit<2025, (not_itemizing)> = [0.]
                            lifetime_learning_credit<2025, (not_itemizing)> = [0.]
                            savers_credit<2025, (not_itemizing)> = [0.]
                            energy_efficient_home_improvement_credit<2025, (not_itemizing)> = [0.]
                            used_clean_vehicle_credit<2025, (not_itemizing)> = [0.]
                            new_clean_vehicle_credit<2025, (not_itemizing)> = [0.]
                            ctc<2025, (not_itemizing)> = [0.]
                            ctc_credit_limit_worksheet_b_applies<2025, (not_itemizing)> = [False]
                              ctc_qualifying_children<2025, (not_itemizing)> = [0]
                              foreign_earned_income_exclusion<2025, (not_itemizing)> = [0.]
                            ctc_non_refundable_minimum<2025, (not_itemizing)> = [0.]
                              ctc<2025, (not_itemizing)> = [0.]
                              ctc_refundable_maximum<2025, (not_itemizing)> = [0.]
                              ctc_phase_in<2025, (not_itemizing)> = [0.]
                          residential_clean_energy_credit_potential<2025, (not_itemizing)> = [0.]
                            geothermal_heat_pump_property_expenditures<2025, (not_itemizing)> = [0.]
                            small_wind_energy_property_expenditures<2025, (not_itemizing)> = [0.]
                            solar_electric_property_expenditures<2025, (not_itemizing)> = [0.]
                            solar_water_heating_property_expenditures<2025, (not_itemizing)> = [0.]
                            qualified_battery_storage_technology_expenditures<2025, (not_itemizing)> = [0.]
                            fuel_cell_property_expenditures<2025, (not_itemizing)> = [0.]
                            fuel_cell_property_capacity<2025, (not_itemizing)> = [0.]
                        ctc_credit_limit_worksheet_b_applies<2025, (not_itemizing)> = [False]
                  residential_clean_energy_credit<2025, (not_itemizing)> = [0.]
                income_tax_unavailable_non_refundable_credits<2025, (not_itemizing)> = [0.]
                  income_tax_before_credits<2025, (not_itemizing)> = [39256.5]
                  income_tax_non_refundable_credits<2025, (not_itemizing)> = [0.]
                  income_tax_non_refundable_credits<2025, (not_itemizing)> = [0.]
            income_tax_refundable_credits<2025, (not_itemizing)> = [0.]
              eitc<2025, (not_itemizing)> = [0.]
              refundable_american_opportunity_credit<2025, (not_itemizing)> = [0.]
              refundable_ctc<2025, (not_itemizing)> = [0.]
              recovery_rebate_credit<2025, (not_itemizing)> = [0.]
                rrc_cares<2025, (not_itemizing)> = [0.]
                  filing_status<2025, (not_itemizing)> = ['SINGLE']
                  adjusted_gross_income<2025, (not_itemizing)> = [300000.]
                  rrc_adult_count_with_valid_ssn<2025, (not_itemizing)> = [1]
                    is_tax_unit_head_or_spouse<2025, (not_itemizing)> = [ True]
                    meets_eitc_identification_requirements<2025, (not_itemizing)> = [ True]
                  rrc_qualifies_for_armed_forces_exception<2025, (not_itemizing)> = [False]
                    tax_unit_is_joint<2025, (not_itemizing)> = [False]
                    is_tax_unit_head_or_spouse<2025, (not_itemizing)> = [ True]
                    is_military<2025, (not_itemizing)> = [False]
                    meets_eitc_identification_requirements<2025, (not_itemizing)> = [ True]
                  tax_unit_is_joint<2025, (not_itemizing)> = [False]
                  rrc_cares_qualifying_children_with_valid_ssn<2025, (not_itemizing)> = [0]
                    ctc_qualifying_child<2025, (not_itemizing)> = [False]
                    meets_eitc_identification_requirements<2025, (not_itemizing)> = [ True]
                rrc_caa<2025, (not_itemizing)> = [0.]
                  filing_status<2025, (not_itemizing)> = ['SINGLE']
                  adjusted_gross_income<2025, (not_itemizing)> = [300000.]
                  rrc_adult_count_with_valid_ssn<2025, (not_itemizing)> = [1]
                  rrc_qualifies_for_armed_forces_exception<2025, (not_itemizing)> = [False]
                  tax_unit_is_joint<2025, (not_itemizing)> = [False]
                  rrc_cares_qualifying_children_with_valid_ssn<2025, (not_itemizing)> = [0]
                rrc_arpa<2025, (not_itemizing)> = [0.]
                  filing_status<2025, (not_itemizing)> = ['SINGLE']
                  adjusted_gross_income<2025, (not_itemizing)> = [300000.]
                  rrc_arpa_dependents_with_valid_ssn<2025, (not_itemizing)> = [0]
                    is_tax_unit_dependent<2025, (not_itemizing)> = [False]
                    meets_eitc_identification_requirements<2025, (not_itemizing)> = [ True]
                  rrc_qualifies_for_armed_forces_exception<2025, (not_itemizing)> = [False]
                  tax_unit_is_joint<2025, (not_itemizing)> = [False]
                  rrc_adult_count_with_valid_ssn<2025, (not_itemizing)> = [1]
              refundable_payroll_tax_credit<2025, (not_itemizing)> = [0.]
      taxable_income_deductions_if_itemizing<2025, (default)> = [1914.]
        qualified_business_income_deduction<2025, (default)> = [0.]
          qbid_amount<2025, (default)> = [0.]
            taxable_income_less_qbid<2025, (default)> = [284250.]
              adjusted_gross_income<2025, (default)> = [300000.]
              wagering_losses_deduction<2025, (default)> = [0.]
                gambling_losses<2025, (default)> = [0.]
                gambling_winnings<2025, (default)> = [0.]
              itemized_taxable_income_deductions<2025, (default)> = [1914.]
              tip_income_deduction<2025, (default)> = [0.]
                tip_income_deduction_ssn_requirement_met<2025, (default)> = [ True]
                  ssn_card_type<2025, (default)> = ['CITIZEN']
                  tax_unit_is_joint<2025, (default)> = [False]
                    filing_status<2025, (default)> = ['SINGLE']
                  is_tax_unit_head_or_spouse<2025, (default)> = [ True]
                tip_income<2025, (default)> = [0.]
                tip_income_deduction_occupation_requirement_met<2025, (default)> = [False]
                  treasury_tipped_occupation_code<2025, (default)> = [0]
                  business_is_sstb<2025, (default)> = [False]
                  sstb_self_employment_income<2025, (default)> = [0.]
                adjusted_gross_income<2025, (default)> = [300000.]
                filing_status<2025, (default)> = ['SINGLE']
              overtime_income_deduction<2025, (default)> = [0.]
                overtime_income_deduction_ssn_requirement_met<2025, (default)> = [ True]
                  ssn_card_type<2025, (default)> = ['CITIZEN']
                  tax_unit_is_joint<2025, (default)> = [False]
                  is_tax_unit_head_or_spouse<2025, (default)> = [ True]
                fsla_overtime_premium<2025, (default)> = [0.]
                adjusted_gross_income<2025, (default)> = [300000.]
                filing_status<2025, (default)> = ['SINGLE']
              additional_senior_deduction<2025, (default)> = [0.]
                additional_senior_deduction_eligible_person<2025, (default)> = [False]
                  ssn_card_type<2025, (default)> = ['CITIZEN']
                  filing_status<2025, (default)> = ['SINGLE']
                  is_tax_unit_head_or_spouse<2025, (default)> = [ True]
                  age<2025, (default)> = [40.]
                additional_senior_deduction_magi<2025, (default)> = [300000.]
                  adjusted_gross_income<2025, (default)> = [300000.]
                  foreign_earned_income_exclusion<2025, (default)> = [0.]
                  specified_possession_income<2025, (default)> = [0.]
                  puerto_rico_income<2025, (default)> = [0.]
                filing_status<2025, (default)> = ['SINGLE']
              auto_loan_interest_deduction<2025, (default)> = [0.]
                qualified_passenger_vehicle_loan_interest<2025, (default)> = [0.]
                filing_status<2025, (default)> = ['SINGLE']
                adjusted_gross_income<2025, (default)> = [300000.]
              charitable_deduction_for_non_itemizers<2025, (default)> = [0.]
                charitable_cash_donations<2025, (default)> = [0.]
                filing_status<2025, (default)> = ['SINGLE']
              standard_deduction<2025, (default)> = [15750.]
              tip_income_deduction<2025, (default)> = [0.]
              overtime_income_deduction<2025, (default)> = [0.]
              additional_senior_deduction<2025, (default)> = [0.]
              auto_loan_interest_deduction<2025, (default)> = [0.]
              tax_unit_itemizes<2025, (default)> = [False]
            filing_status<2025, (default)> = ['SINGLE']
            w2_wages_from_qualified_business<2025, (default)> = [0.]
            unadjusted_basis_qualified_property<2025, (default)> = [0.]
            qualified_business_income<2025, (default)> = [0.]
              business_is_qualified<2025, (default)> = [ True]
              self_employment_income<2025, (default)> = [0.]
              self_employment_income_would_be_qualified<2025, (default)> = [ True]
              partnership_s_corp_income<2025, (default)> = [0.]
              partnership_s_corp_income_would_be_qualified<2025, (default)> = [ True]
              farm_rent_income<2025, (default)> = [0.]
              farm_rent_income_would_be_qualified<2025, (default)> = [ True]
              farm_operations_income<2025, (default)> = [0.]
              farm_operations_income_would_be_qualified<2025, (default)> = [ True]
              rental_income<2025, (default)> = [0.]
              rental_income_would_be_qualified<2025, (default)> = [ True]
              estate_income<2025, (default)> = [0.]
              estate_income_would_be_qualified<2025, (default)> = [ True]
              sstb_self_employment_income<2025, (default)> = [0.]
              sstb_self_employment_income_would_be_qualified<2025, (default)> = [ True]
              self_employment_tax_ald_person<2025, (default)> = [0.]
              self_employed_health_insurance_ald_person<2025, (default)> = [0.]
              self_employed_pension_contribution_ald_person<2025, (default)> = [0.]
            sstb_qualified_business_income<2025, (default)> = [0.]
              self_employment_income<2025, (default)> = [0.]
              self_employment_income_would_be_qualified<2025, (default)> = [ True]
              partnership_s_corp_income<2025, (default)> = [0.]
              partnership_s_corp_income_would_be_qualified<2025, (default)> = [ True]
              farm_rent_income<2025, (default)> = [0.]
              farm_rent_income_would_be_qualified<2025, (default)> = [ True]
              farm_operations_income<2025, (default)> = [0.]
              farm_operations_income_would_be_qualified<2025, (default)> = [ True]
              rental_income<2025, (default)> = [0.]
              rental_income_would_be_qualified<2025, (default)> = [ True]
              estate_income<2025, (default)> = [0.]
              estate_income_would_be_qualified<2025, (default)> = [ True]
              sstb_self_employment_income<2025, (default)> = [0.]
              sstb_self_employment_income_would_be_qualified<2025, (default)> = [ True]
              self_employment_tax_ald_person<2025, (default)> = [0.]
              self_employed_health_insurance_ald_person<2025, (default)> = [0.]
              self_employed_pension_contribution_ald_person<2025, (default)> = [0.]
            business_is_sstb<2025, (default)> = [False]
            self_employment_income<2025, (default)> = [0.]
            self_employment_income_would_be_qualified<2025, (default)> = [ True]
            partnership_s_corp_income<2025, (default)> = [0.]
            partnership_s_corp_income_would_be_qualified<2025, (default)> = [ True]
            farm_rent_income<2025, (default)> = [0.]
            farm_rent_income_would_be_qualified<2025, (default)> = [ True]
            farm_operations_income<2025, (default)> = [0.]
            farm_operations_income_would_be_qualified<2025, (default)> = [ True]
            rental_income<2025, (default)> = [0.]
            rental_income_would_be_qualified<2025, (default)> = [ True]
            estate_income<2025, (default)> = [0.]
            estate_income_would_be_qualified<2025, (default)> = [ True]
            sstb_self_employment_income<2025, (default)> = [0.]
            sstb_self_employment_income_would_be_qualified<2025, (default)> = [ True]
            sstb_w2_wages_from_qualified_business<2025, (default)> = [0.]
            sstb_unadjusted_basis_qualified_property<2025, (default)> = [0.]
            qualified_reit_and_ptp_income<2025, (default)> = [0.]
          taxable_income_less_qbid<2025, (default)> = [284250.]
          adjusted_net_capital_gain<2025, (default)> = [250000.]
            net_capital_gain<2025, (default)> = [250000.]
              long_term_capital_gains<2025, (default)> = [300000.]
              is_tax_unit_dependent<2025, (default)> = [False]
              form_4952_capital_gain_distributions<2025, (default)> = [0.]
              short_term_capital_gains<2025, (default)> = [0.]
              is_tax_unit_dependent<2025, (default)> = [False]
              form_4952_elected_investment_income<2025, (default)> = [50000.]
              form_4952_net_capital_gain<2025, (default)> = [300000.]
              form_4952_qualified_dividends<2025, (default)> = [0.]
            dividend_income_reduced_by_investment_income<2025, (default)> = [0.]
              form_4952_qualified_dividends<2025, (default)> = [0.]
              long_term_capital_gains<2025, (default)> = [300000.]
              is_tax_unit_dependent<2025, (default)> = [False]
              short_term_capital_gains<2025, (default)> = [0.]
              is_tax_unit_dependent<2025, (default)> = [False]
              form_4952_capital_gain_distributions<2025, (default)> = [0.]
              form_4952_elected_investment_income<2025, (default)> = [50000.]
              form_4952_net_capital_gain<2025, (default)> = [300000.]
            schedule_d_unrecaptured_section_1250_gain<2025, (default)> = [0.]
              unrecaptured_section_1250_gain<2025, (default)> = [0.]
              unrecaptured_section_1250_gain_before_losses<2025, (default)> = [0.]
              capital_gains_28_percent_rate_gain<2025, (default)> = [0.]
                long_term_capital_gains_on_collectibles<2025, (default)> = [0.]
                long_term_capital_gains_on_small_business_stock<2025, (default)> = [0.]
                collectibles_gain_or_loss<2025, (default)> = [0.]
                section_1202_gain<2025, (default)> = [0.]
                short_term_capital_gains<2025, (default)> = [0.]
                long_term_capital_loss_carryover<2025, (default)> = [0.]
              collectibles_gain_or_loss<2025, (default)> = [0.]
              section_1202_gain<2025, (default)> = [0.]
              short_term_capital_gains<2025, (default)> = [0.]
              long_term_capital_loss_carryover<2025, (default)> = [0.]
            capital_gains_28_percent_rate_gain<2025, (default)> = [0.]
        wagering_losses_deduction<2025, (default)> = [0.]
        itemized_taxable_income_deductions<2025, (default)> = [1914.]
        tip_income_deduction<2025, (default)> = [0.]
        overtime_income_deduction<2025, (default)> = [0.]
        additional_senior_deduction<2025, (default)> = [0.]
        auto_loan_interest_deduction<2025, (default)> = [0.]
      taxable_income_deductions_if_not_itemizing<2025, (default)> = [15750.]
        charitable_deduction_for_non_itemizers<2025, (default)> = [0.]
        standard_deduction<2025, (default)> = [15750.]
        qualified_business_income_deduction<2025, (default)> = [0.]
        tip_income_deduction<2025, (default)> = [0.]
        overtime_income_deduction<2025, (default)> = [0.]
        additional_senior_deduction<2025, (default)> = [0.]
        auto_loan_interest_deduction<2025, (default)> = [0.]
  dwks13<2025, (default)> = [250000.]
    capital_gains_28_percent_rate_gain<2025, (default)> = [0.]
    schedule_d_unrecaptured_section_1250_gain<2025, (default)> = [0.]
    dwks09<2025, (default)> = [250000.]
      long_term_capital_gains<2025, (default)> = [300000.]
      is_tax_unit_dependent<2025, (default)> = [False]
      short_term_capital_gains<2025, (default)> = [0.]
      is_tax_unit_dependent<2025, (default)> = [False]
      form_4952_capital_gain_distributions<2025, (default)> = [0.]
      form_4952_elected_investment_income<2025, (default)> = [50000.]
      form_4952_net_capital_gain<2025, (default)> = [300000.]
    dwks10<2025, (default)> = [250000.]
      dividend_income_reduced_by_investment_income<2025, (default)> = [0.]
      dwks09<2025, (default)> = [250000.]
    has_qdiv_or_ltcg<2025, (default)> = [ True]
      qualified_dividend_income<2025, (default)> = [0.]
      is_tax_unit_dependent<2025, (default)> = [False]
      non_sch_d_capital_gains<2025, (default)> = [0.]
      long_term_capital_gains<2025, (default)> = [300000.]
      is_tax_unit_dependent<2025, (default)> = [False]
      short_term_capital_gains<2025, (default)> = [0.]
      is_tax_unit_dependent<2025, (default)> = [False]
  dwks14<2025, (default)> = [34250.]
    taxable_income_plus_section_911_exclusion<2025, (default)> = [284250.]
      taxable_income<2025, (default)> = [284250.]
      foreign_earned_income_exclusion<2025, (default)> = [0.]
    taxable_income<2025, (default)> = [284250.]
    dwks09<2025, (default)> = [250000.]
    dwks10<2025, (default)> = [250000.]
    dwks13<2025, (default)> = [250000.]
    foreign_earned_income_exclusion<2025, (default)> = [0.]
    schedule_d_unrecaptured_section_1250_gain<2025, (default)> = [0.]
    capital_gains_28_percent_rate_gain<2025, (default)> = [0.]
    dividend_income_reduced_by_investment_income<2025, (default)> = [0.]
    has_qdiv_or_ltcg<2025, (default)> = [ True]
    has_qdiv_or_ltcg<2025, (default)> = [ True]
  income_tax_main_rates<2025, (default)> = [3871.5]
    taxable_income_plus_section_911_exclusion<2025, (default)> = [284250.]
    capital_gains_excluded_from_taxable_income<2025, (default)> = [250000.]
      section_911_net_capital_gain<2025, (default)> = [250000.]
        net_capital_gain<2025, (default)> = [250000.]
        section_911_capital_gain_excess<2025, (default)> = [0.]
          foreign_earned_income_exclusion<2025, (default)> = [0.]
          net_capital_gain<2025, (default)> = [250000.]
          taxable_income<2025, (default)> = [284250.]
      section_911_adjusted_net_capital_gain<2025, (default)> = [250000.]
        section_911_capital_gain_excess<2025, (default)> = [0.]
        net_capital_gain<2025, (default)> = [250000.]
        dividend_income_reduced_by_investment_income<2025, (default)> = [0.]
        section_911_capital_gain_excess<2025, (default)> = [0.]
        section_911_qualified_dividend_income<2025, (default)> = [0.]
          net_capital_gain<2025, (default)> = [250000.]
          dividend_income_reduced_by_investment_income<2025, (default)> = [0.]
          section_911_capital_gain_excess<2025, (default)> = [0.]
        section_911_unrecaptured_section_1250_gain<2025, (default)> = [0.]
          schedule_d_unrecaptured_section_1250_gain<2025, (default)> = [0.]
          capital_gains_28_percent_rate_gain<2025, (default)> = [0.]
          section_911_capital_gain_excess<2025, (default)> = [0.]
        section_911_28_percent_rate_gain<2025, (default)> = [0.]
          capital_gains_28_percent_rate_gain<2025, (default)> = [0.]
          section_911_capital_gain_excess<2025, (default)> = [0.]
        adjusted_net_capital_gain<2025, (default)> = [250000.]
      taxable_income_plus_section_911_exclusion<2025, (default)> = [284250.]
      taxable_income_taxed_below_25_percent<2025, (default)> = [197300.]
        taxable_income_plus_section_911_exclusion<2025, (default)> = [284250.]
        filing_status<2025, (default)> = ['SINGLE']
    filing_status<2025, (default)> = ['SINGLE']
    foreign_earned_income_exclusion<2025, (default)> = [0.]
  capital_gains_tax<2025, (default)> = [35385.]
    section_911_net_capital_gain<2025, (default)> = [250000.]
    taxable_income_plus_section_911_exclusion<2025, (default)> = [284250.]
    section_911_adjusted_net_capital_gain<2025, (default)> = [250000.]
    capital_gains_excluded_from_taxable_income<2025, (default)> = [250000.]
    filing_status<2025, (default)> = ['SINGLE']
    section_911_unrecaptured_section_1250_gain<2025, (default)> = [0.]
    net_capital_gain<2025, (default)> = [250000.]
    dividend_income_reduced_by_investment_income<2025, (default)> = [0.]
    section_911_capital_gain_excess<2025, (default)> = [0.]
    section_911_28_percent_rate_gain<2025, (default)> = [0.]
    tax_on_taxable_income_at_main_rates<2025, (default)> = [69034.75]
      taxable_income_plus_section_911_exclusion<2025, (default)> = [284250.]
      filing_status<2025, (default)> = ['SINGLE']
      foreign_earned_income_exclusion<2025, (default)> = [0.]
    income_tax_main_rates<2025, (default)> = [3871.5]
  amt_tax_including_cg<2025, (default)> = [29670.]
    amt_income_less_exemptions_plus_section_911_exclusion<2025, (default)> = [211900.]
      amt_income_less_exemptions<2025, (default)> = [211900.]
        amt_income<2025, (default)> = [300000.]
          taxable_income<2025, (default)> = [284250.]
          amt_excluded_deductions<2025, (default)> = [15750.]
            tax_unit_itemizes<2025, (default)> = [False]
            standard_deduction<2025, (default)> = [15750.]
            salt_deduction<2025, (default)> = [1914.]
            misc_deduction<2025, (default)> = [0.]
          amt_separate_addition<2025, (default)> = [0.]
            taxable_income<2025, (default)> = [284250.]
            amt_excluded_deductions<2025, (default)> = [15750.]
            filing_status<2025, (default)> = ['SINGLE']
          exemptions<2025, (default)> = [0.]
        taxable_income<2025, (default)> = [284250.]
        amt_kiddie_tax_applies<2025, (default)> = [False]
          is_full_time_student<2025, (default)> = [False]
          is_tax_unit_head<2025, (default)> = [ True]
          is_tax_unit_spouse<2025, (default)> = [False]
          age_head<2025, (default)> = [40]
          age_spouse<2025, (default)> = [0]
        amt_exemption<2025, (default)> = [88100.]
          filing_status<2025, (default)> = ['SINGLE']
          amt_income<2025, (default)> = [300000.]
          amt_kiddie_tax_applies<2025, (default)> = [False]
          filer_adjusted_earnings<2025, (default)> = [0.]
            adjusted_earnings<2025, (default)> = [0.]
              self_employment_tax<2025, (default)> = [0.]
              earned_income<2025, (default)> = [0.]
            is_tax_unit_dependent<2025, (default)> = [False]
      foreign_earned_income_exclusion<2025, (default)> = [0.]
    amt_income_less_exemptions<2025, (default)> = [211900.]
    dwks09<2025, (default)> = [250000.]
    dwks10<2025, (default)> = [250000.]
    dwks13<2025, (default)> = [250000.]
    foreign_earned_income_exclusion<2025, (default)> = [0.]
    schedule_d_unrecaptured_section_1250_gain<2025, (default)> = [0.]
    capital_gains_28_percent_rate_gain<2025, (default)> = [0.]
    dividend_income_reduced_by_investment_income<2025, (default)> = [0.]
    has_qdiv_or_ltcg<2025, (default)> = [ True]
    filing_status<2025, (default)> = ['SINGLE']
    dwks14<2025, (default)> = [34250.]
    dwks19<2025, (default)> = [34250.]
      dwks14<2025, (default)> = [34250.]
      taxable_income_plus_section_911_exclusion<2025, (default)> = [284250.]
      taxable_income<2025, (default)> = [284250.]
      dwks09<2025, (default)> = [250000.]
      dwks10<2025, (default)> = [250000.]
      dwks13<2025, (default)> = [250000.]
      foreign_earned_income_exclusion<2025, (default)> = [0.]
      schedule_d_unrecaptured_section_1250_gain<2025, (default)> = [0.]
      capital_gains_28_percent_rate_gain<2025, (default)> = [0.]
      dividend_income_reduced_by_investment_income<2025, (default)> = [0.]
      has_qdiv_or_ltcg<2025, (default)> = [ True]
      taxable_income_taxed_below_25_percent<2025, (default)> = [197300.]
      has_qdiv_or_ltcg<2025, (default)> = [ True]
.

=============================== warnings summary ===============================
../../../PolicyEngine/_worktrees/pe-us-backlog/main/.venv/lib/python3.13/site-packages/_pytest/config/__init__.py:1345
  /Users/maxghenis/PolicyEngine/_worktrees/pe-us-backlog/main/.venv/lib/python3.13/site-packages/_pytest/config/__init__.py:1345: PytestAssertRewriteWarning: Module already imported so cannot be rewritten; anyio
    self._mark_plugins_for_rewrite(hook, disable_autoload)

-- Docs: https://docs.pytest.org/en/stable/how-to/capture-warnings.html
======================== 13 passed, 1 warning in 11.64s ========================
LOCAL_RESOURCE wall_seconds=32.98 max_rss_bytes=1964556288 user_seconds=23.47 sys_seconds=2.72
