============================= test session starts ==============================
platform darwin -- Python 3.13.9, pytest-9.1.1, pluggy-1.6.0
rootdir: /Users/maxghenis/.subfleet/worktrees/20261007-055850-hub-resume-sol2-163d
configfile: pyproject.toml
plugins: hypothesis-6.168.3, anyio-4.15.1
collected 25 items

policyengine_us/tests/policy/baseline/gov/irs/income/taxable_income/deductions/itemizing/investment_interest/form_4952.yaml Computation log:
  form_4952_total_investment_interest_expense<2025, (default)> = [6000.]
    investment_interest_expense<2025, (default)> = [6000.]
    is_tax_unit_dependent<2025, (default)> = [False]
      is_tax_unit_head<2025, (default)> = [ True]
        is_child<2025, (default)> = [False]
          age<2025, (default)> = [40.]
        age<2025, (default)> = [40.]
      is_tax_unit_spouse<2025, (default)> = [False]
        is_separated<2025, (default)> = [False]
        is_child<2025, (default)> = [False]
        is_tax_unit_head<2025, (default)> = [ True]
        age<2025, (default)> = [40.]
    form_4952_disallowed_investment_interest_expense_prior_year<2025, (default)> = [0.]
  form_4952_gross_investment_income<2025, (default)> = [10000.]
    taxable_interest_income<2025, (default)> = [10000.]
    is_tax_unit_dependent<2025, (default)> = [False]
    ordinary_dividend_income<2025, (default)> = [0.]
      qualified_dividend_income<2025, (default)> = [0.]
      non_qualified_dividend_income<2025, (default)> = [0.]
    is_tax_unit_dependent<2025, (default)> = [False]
  form_4952_qualified_dividends<2025, (default)> = [0.]
    qualified_dividend_income<2025, (default)> = [0.]
    is_tax_unit_dependent<2025, (default)> = [False]
  form_4952_net_investment_gain<2025, (default)> = [0.]
    long_term_capital_gains<2025, (default)> = [0.]
      long_term_capital_gains_before_response<2025, (default)> = [0.]
      capital_gains_behavioral_response<2025, (default)> = [0.]
    is_tax_unit_dependent<2025, (default)> = [False]
    short_term_capital_gains<2025, (default)> = [0.]
    is_tax_unit_dependent<2025, (default)> = [False]
    form_4952_capital_gain_distributions<2025, (default)> = [0.]
      is_tax_unit_dependent<2025, (default)> = [False]
      non_sch_d_capital_gains<2025, (default)> = [0.]
  form_4952_net_capital_gain<2025, (default)> = [0.]
    form_4952_net_investment_gain<2025, (default)> = [0.]
    long_term_capital_gains<2025, (default)> = [0.]
    is_tax_unit_dependent<2025, (default)> = [False]
    form_4952_capital_gain_distributions<2025, (default)> = [0.]
    short_term_capital_gains<2025, (default)> = [0.]
    is_tax_unit_dependent<2025, (default)> = [False]
  form_4952_elected_investment_income<2025, (default)> = [0.]
    investment_income_elected_form_4952<2025, (default)> = [0.]
    is_tax_unit_dependent<2025, (default)> = [False]
    form_4952_qualified_dividends<2025, (default)> = [0.]
    form_4952_net_capital_gain<2025, (default)> = [0.]
  form_4952_investment_income<2025, (default)> = [10000.]
    form_4952_gross_investment_income<2025, (default)> = [10000.]
    form_4952_qualified_dividends<2025, (default)> = [0.]
    form_4952_net_investment_gain<2025, (default)> = [0.]
    form_4952_net_capital_gain<2025, (default)> = [0.]
    form_4952_elected_investment_income<2025, (default)> = [0.]
  form_4952_investment_expenses<2025, (default)> = [0.]
  form_4952_net_investment_income<2025, (default)> = [10000.]
    form_4952_investment_income<2025, (default)> = [10000.]
    form_4952_investment_expenses<2025, (default)> = [0.]
  form_4952_investment_interest_carryforward<2025, (default)> = [0.]
    form_4952_total_investment_interest_expense<2025, (default)> = [6000.]
    form_4952_net_investment_income<2025, (default)> = [10000.]
  investment_interest_expense_deduction<2025, (default)> = [6000.]
    form_4952_total_investment_interest_expense<2025, (default)> = [6000.]
    form_4952_net_investment_income<2025, (default)> = [10000.]
.Computation log:
  form_4952_net_investment_income<2025, (default)> = [0.]
    form_4952_investment_income<2025, (default)> = [0.]
      form_4952_gross_investment_income<2025, (default)> = [0.]
        taxable_interest_income<2025, (default)> = [0.]
        is_tax_unit_dependent<2025, (default)> = [False]
          is_tax_unit_head<2025, (default)> = [ True]
            is_child<2025, (default)> = [False]
              age<2025, (default)> = [40.]
            age<2025, (default)> = [40.]
          is_tax_unit_spouse<2025, (default)> = [False]
            is_separated<2025, (default)> = [False]
            is_child<2025, (default)> = [False]
            is_tax_unit_head<2025, (default)> = [ True]
            age<2025, (default)> = [40.]
        ordinary_dividend_income<2025, (default)> = [0.]
          qualified_dividend_income<2025, (default)> = [0.]
          non_qualified_dividend_income<2025, (default)> = [0.]
        is_tax_unit_dependent<2025, (default)> = [False]
      form_4952_qualified_dividends<2025, (default)> = [0.]
        qualified_dividend_income<2025, (default)> = [0.]
        is_tax_unit_dependent<2025, (default)> = [False]
      form_4952_net_investment_gain<2025, (default)> = [0.]
        long_term_capital_gains<2025, (default)> = [0.]
          long_term_capital_gains_before_response<2025, (default)> = [0.]
          capital_gains_behavioral_response<2025, (default)> = [0.]
        is_tax_unit_dependent<2025, (default)> = [False]
        short_term_capital_gains<2025, (default)> = [0.]
        is_tax_unit_dependent<2025, (default)> = [False]
        form_4952_capital_gain_distributions<2025, (default)> = [0.]
          is_tax_unit_dependent<2025, (default)> = [False]
          non_sch_d_capital_gains<2025, (default)> = [0.]
      form_4952_net_capital_gain<2025, (default)> = [0.]
        form_4952_net_investment_gain<2025, (default)> = [0.]
        long_term_capital_gains<2025, (default)> = [0.]
        is_tax_unit_dependent<2025, (default)> = [False]
        form_4952_capital_gain_distributions<2025, (default)> = [0.]
        short_term_capital_gains<2025, (default)> = [0.]
        is_tax_unit_dependent<2025, (default)> = [False]
      form_4952_elected_investment_income<2025, (default)> = [0.]
        investment_income_elected_form_4952<2025, (default)> = [0.]
        is_tax_unit_dependent<2025, (default)> = [False]
        form_4952_qualified_dividends<2025, (default)> = [0.]
        form_4952_net_capital_gain<2025, (default)> = [0.]
    form_4952_investment_expenses<2025, (default)> = [0.]
  form_4952_investment_interest_carryforward<2025, (default)> = [6000.]
    form_4952_total_investment_interest_expense<2025, (default)> = [6000.]
      investment_interest_expense<2025, (default)> = [6000.]
      is_tax_unit_dependent<2025, (default)> = [False]
      form_4952_disallowed_investment_interest_expense_prior_year<2025, (default)> = [0.]
    form_4952_net_investment_income<2025, (default)> = [0.]
  investment_interest_expense_deduction<2025, (default)> = [0.]
    form_4952_total_investment_interest_expense<2025, (default)> = [6000.]
    form_4952_net_investment_income<2025, (default)> = [0.]
.Computation log:
  form_4952_gross_investment_income<2025, (default)> = [5000.]
    taxable_interest_income<2025, (default)> = [0.]
    is_tax_unit_dependent<2025, (default)> = [False]
      is_tax_unit_head<2025, (default)> = [ True]
        is_child<2025, (default)> = [False]
          age<2025, (default)> = [40.]
        age<2025, (default)> = [40.]
      is_tax_unit_spouse<2025, (default)> = [False]
        is_separated<2025, (default)> = [False]
        is_child<2025, (default)> = [False]
        is_tax_unit_head<2025, (default)> = [ True]
        age<2025, (default)> = [40.]
    ordinary_dividend_income<2025, (default)> = [5000.]
      qualified_dividend_income<2025, (default)> = [5000.]
      non_qualified_dividend_income<2025, (default)> = [0.]
    is_tax_unit_dependent<2025, (default)> = [False]
  form_4952_qualified_dividends<2025, (default)> = [5000.]
    qualified_dividend_income<2025, (default)> = [5000.]
    is_tax_unit_dependent<2025, (default)> = [False]
  form_4952_investment_income<2025, (default)> = [0.]
    form_4952_gross_investment_income<2025, (default)> = [5000.]
    form_4952_qualified_dividends<2025, (default)> = [5000.]
    form_4952_net_investment_gain<2025, (default)> = [0.]
      long_term_capital_gains<2025, (default)> = [0.]
        long_term_capital_gains_before_response<2025, (default)> = [0.]
        capital_gains_behavioral_response<2025, (default)> = [0.]
      is_tax_unit_dependent<2025, (default)> = [False]
      short_term_capital_gains<2025, (default)> = [0.]
      is_tax_unit_dependent<2025, (default)> = [False]
      form_4952_capital_gain_distributions<2025, (default)> = [0.]
        is_tax_unit_dependent<2025, (default)> = [False]
        non_sch_d_capital_gains<2025, (default)> = [0.]
    form_4952_net_capital_gain<2025, (default)> = [0.]
      form_4952_net_investment_gain<2025, (default)> = [0.]
      long_term_capital_gains<2025, (default)> = [0.]
      is_tax_unit_dependent<2025, (default)> = [False]
      form_4952_capital_gain_distributions<2025, (default)> = [0.]
      short_term_capital_gains<2025, (default)> = [0.]
      is_tax_unit_dependent<2025, (default)> = [False]
    form_4952_elected_investment_income<2025, (default)> = [0.]
      investment_income_elected_form_4952<2025, (default)> = [0.]
      is_tax_unit_dependent<2025, (default)> = [False]
      form_4952_qualified_dividends<2025, (default)> = [5000.]
      form_4952_net_capital_gain<2025, (default)> = [0.]
  investment_interest_expense_deduction<2025, (default)> = [0.]
    form_4952_total_investment_interest_expense<2025, (default)> = [4000.]
      investment_interest_expense<2025, (default)> = [4000.]
      is_tax_unit_dependent<2025, (default)> = [False]
      form_4952_disallowed_investment_interest_expense_prior_year<2025, (default)> = [0.]
    form_4952_net_investment_income<2025, (default)> = [0.]
      form_4952_investment_income<2025, (default)> = [0.]
      form_4952_investment_expenses<2025, (default)> = [0.]
  form_4952_investment_interest_carryforward<2025, (default)> = [4000.]
    form_4952_total_investment_interest_expense<2025, (default)> = [4000.]
    form_4952_net_investment_income<2025, (default)> = [0.]
.Computation log:
  form_4952_elected_investment_income<2025, (default)> = [2000.]
    investment_income_elected_form_4952<2025, (default)> = [2000.]
    is_tax_unit_dependent<2025, (default)> = [False]
      is_tax_unit_head<2025, (default)> = [ True]
        is_child<2025, (default)> = [False]
          age<2025, (default)> = [40.]
        age<2025, (default)> = [40.]
      is_tax_unit_spouse<2025, (default)> = [False]
        is_separated<2025, (default)> = [False]
        is_child<2025, (default)> = [False]
        is_tax_unit_head<2025, (default)> = [ True]
        age<2025, (default)> = [40.]
    form_4952_qualified_dividends<2025, (default)> = [5000.]
      qualified_dividend_income<2025, (default)> = [5000.]
      is_tax_unit_dependent<2025, (default)> = [False]
    form_4952_net_capital_gain<2025, (default)> = [0.]
      form_4952_net_investment_gain<2025, (default)> = [0.]
        long_term_capital_gains<2025, (default)> = [0.]
          long_term_capital_gains_before_response<2025, (default)> = [0.]
          capital_gains_behavioral_response<2025, (default)> = [0.]
        is_tax_unit_dependent<2025, (default)> = [False]
        short_term_capital_gains<2025, (default)> = [0.]
        is_tax_unit_dependent<2025, (default)> = [False]
        form_4952_capital_gain_distributions<2025, (default)> = [0.]
          is_tax_unit_dependent<2025, (default)> = [False]
          non_sch_d_capital_gains<2025, (default)> = [0.]
      long_term_capital_gains<2025, (default)> = [0.]
      is_tax_unit_dependent<2025, (default)> = [False]
      form_4952_capital_gain_distributions<2025, (default)> = [0.]
      short_term_capital_gains<2025, (default)> = [0.]
      is_tax_unit_dependent<2025, (default)> = [False]
  form_4952_investment_income<2025, (default)> = [2000.]
    form_4952_gross_investment_income<2025, (default)> = [5000.]
      taxable_interest_income<2025, (default)> = [0.]
      is_tax_unit_dependent<2025, (default)> = [False]
      ordinary_dividend_income<2025, (default)> = [5000.]
        qualified_dividend_income<2025, (default)> = [5000.]
        non_qualified_dividend_income<2025, (default)> = [0.]
      is_tax_unit_dependent<2025, (default)> = [False]
    form_4952_qualified_dividends<2025, (default)> = [5000.]
    form_4952_net_investment_gain<2025, (default)> = [0.]
    form_4952_net_capital_gain<2025, (default)> = [0.]
    form_4952_elected_investment_income<2025, (default)> = [2000.]
  investment_interest_expense_deduction<2025, (default)> = [2000.]
    form_4952_total_investment_interest_expense<2025, (default)> = [4000.]
      investment_interest_expense<2025, (default)> = [4000.]
      is_tax_unit_dependent<2025, (default)> = [False]
      form_4952_disallowed_investment_interest_expense_prior_year<2025, (default)> = [0.]
    form_4952_net_investment_income<2025, (default)> = [2000.]
      form_4952_investment_income<2025, (default)> = [2000.]
      form_4952_investment_expenses<2025, (default)> = [0.]
  form_4952_investment_interest_carryforward<2025, (default)> = [2000.]
    form_4952_total_investment_interest_expense<2025, (default)> = [4000.]
    form_4952_net_investment_income<2025, (default)> = [2000.]
.Computation log:
  form_4952_net_investment_gain<2025, (default)> = [3000.]
    long_term_capital_gains<2025, (default)> = [3000.]
    is_tax_unit_dependent<2025, (default)> = [False]
      is_tax_unit_head<2025, (default)> = [ True]
        is_child<2025, (default)> = [False]
          age<2025, (default)> = [40.]
        age<2025, (default)> = [40.]
      is_tax_unit_spouse<2025, (default)> = [False]
        is_separated<2025, (default)> = [False]
        is_child<2025, (default)> = [False]
        is_tax_unit_head<2025, (default)> = [ True]
        age<2025, (default)> = [40.]
    short_term_capital_gains<2025, (default)> = [0.]
    is_tax_unit_dependent<2025, (default)> = [False]
    form_4952_capital_gain_distributions<2025, (default)> = [0.]
      is_tax_unit_dependent<2025, (default)> = [False]
      non_sch_d_capital_gains<2025, (default)> = [0.]
  form_4952_net_capital_gain<2025, (default)> = [3000.]
    form_4952_net_investment_gain<2025, (default)> = [3000.]
    long_term_capital_gains<2025, (default)> = [3000.]
    is_tax_unit_dependent<2025, (default)> = [False]
    form_4952_capital_gain_distributions<2025, (default)> = [0.]
    short_term_capital_gains<2025, (default)> = [0.]
    is_tax_unit_dependent<2025, (default)> = [False]
  form_4952_elected_investment_income<2025, (default)> = [8000.]
    investment_income_elected_form_4952<2025, (default)> = [20000.]
    is_tax_unit_dependent<2025, (default)> = [False]
    form_4952_qualified_dividends<2025, (default)> = [5000.]
      qualified_dividend_income<2025, (default)> = [5000.]
      is_tax_unit_dependent<2025, (default)> = [False]
    form_4952_net_capital_gain<2025, (default)> = [3000.]
  form_4952_net_investment_income<2025, (default)> = [8000.]
    form_4952_investment_income<2025, (default)> = [8000.]
      form_4952_gross_investment_income<2025, (default)> = [5000.]
        taxable_interest_income<2025, (default)> = [0.]
        is_tax_unit_dependent<2025, (default)> = [False]
        ordinary_dividend_income<2025, (default)> = [5000.]
          qualified_dividend_income<2025, (default)> = [5000.]
          non_qualified_dividend_income<2025, (default)> = [0.]
        is_tax_unit_dependent<2025, (default)> = [False]
      form_4952_qualified_dividends<2025, (default)> = [5000.]
      form_4952_net_investment_gain<2025, (default)> = [3000.]
      form_4952_net_capital_gain<2025, (default)> = [3000.]
      form_4952_elected_investment_income<2025, (default)> = [8000.]
    form_4952_investment_expenses<2025, (default)> = [0.]
  investment_interest_expense_deduction<2025, (default)> = [8000.]
    form_4952_total_investment_interest_expense<2025, (default)> = [15000.]
      investment_interest_expense<2025, (default)> = [15000.]
      is_tax_unit_dependent<2025, (default)> = [False]
      form_4952_disallowed_investment_interest_expense_prior_year<2025, (default)> = [0.]
    form_4952_net_investment_income<2025, (default)> = [8000.]
  form_4952_investment_interest_carryforward<2025, (default)> = [7000.]
    form_4952_total_investment_interest_expense<2025, (default)> = [15000.]
    form_4952_net_investment_income<2025, (default)> = [8000.]
.Computation log:
  form_4952_elected_investment_income<2025, (default)> = [0.]
    investment_income_elected_form_4952<2025, (default)> = [-1000.]
    is_tax_unit_dependent<2025, (default)> = [False]
      is_tax_unit_head<2025, (default)> = [ True]
        is_child<2025, (default)> = [False]
          age<2025, (default)> = [40.]
        age<2025, (default)> = [40.]
      is_tax_unit_spouse<2025, (default)> = [False]
        is_separated<2025, (default)> = [False]
        is_child<2025, (default)> = [False]
        is_tax_unit_head<2025, (default)> = [ True]
        age<2025, (default)> = [40.]
    form_4952_qualified_dividends<2025, (default)> = [5000.]
      qualified_dividend_income<2025, (default)> = [5000.]
      is_tax_unit_dependent<2025, (default)> = [False]
    form_4952_net_capital_gain<2025, (default)> = [0.]
      form_4952_net_investment_gain<2025, (default)> = [0.]
        long_term_capital_gains<2025, (default)> = [0.]
          long_term_capital_gains_before_response<2025, (default)> = [0.]
          capital_gains_behavioral_response<2025, (default)> = [0.]
        is_tax_unit_dependent<2025, (default)> = [False]
        short_term_capital_gains<2025, (default)> = [0.]
        is_tax_unit_dependent<2025, (default)> = [False]
        form_4952_capital_gain_distributions<2025, (default)> = [0.]
          is_tax_unit_dependent<2025, (default)> = [False]
          non_sch_d_capital_gains<2025, (default)> = [0.]
      long_term_capital_gains<2025, (default)> = [0.]
      is_tax_unit_dependent<2025, (default)> = [False]
      form_4952_capital_gain_distributions<2025, (default)> = [0.]
      short_term_capital_gains<2025, (default)> = [0.]
      is_tax_unit_dependent<2025, (default)> = [False]
  investment_interest_expense_deduction<2025, (default)> = [0.]
    form_4952_total_investment_interest_expense<2025, (default)> = [4000.]
      investment_interest_expense<2025, (default)> = [4000.]
      is_tax_unit_dependent<2025, (default)> = [False]
      form_4952_disallowed_investment_interest_expense_prior_year<2025, (default)> = [0.]
    form_4952_net_investment_income<2025, (default)> = [0.]
      form_4952_investment_income<2025, (default)> = [0.]
        form_4952_gross_investment_income<2025, (default)> = [5000.]
          taxable_interest_income<2025, (default)> = [0.]
          is_tax_unit_dependent<2025, (default)> = [False]
          ordinary_dividend_income<2025, (default)> = [5000.]
            qualified_dividend_income<2025, (default)> = [5000.]
            non_qualified_dividend_income<2025, (default)> = [0.]
          is_tax_unit_dependent<2025, (default)> = [False]
        form_4952_qualified_dividends<2025, (default)> = [5000.]
        form_4952_net_investment_gain<2025, (default)> = [0.]
        form_4952_net_capital_gain<2025, (default)> = [0.]
        form_4952_elected_investment_income<2025, (default)> = [0.]
      form_4952_investment_expenses<2025, (default)> = [0.]
.Computation log:
  form_4952_net_investment_gain<2025, (default)> = [10000.]
    long_term_capital_gains<2025, (default)> = [7000.]
    is_tax_unit_dependent<2025, (default)> = [False]
      is_tax_unit_head<2025, (default)> = [ True]
        is_child<2025, (default)> = [False]
          age<2025, (default)> = [40.]
        age<2025, (default)> = [40.]
      is_tax_unit_spouse<2025, (default)> = [False]
        is_separated<2025, (default)> = [False]
        is_child<2025, (default)> = [False]
        is_tax_unit_head<2025, (default)> = [ True]
        age<2025, (default)> = [40.]
    short_term_capital_gains<2025, (default)> = [3000.]
    is_tax_unit_dependent<2025, (default)> = [False]
    form_4952_capital_gain_distributions<2025, (default)> = [0.]
      is_tax_unit_dependent<2025, (default)> = [False]
      non_sch_d_capital_gains<2025, (default)> = [0.]
  form_4952_net_capital_gain<2025, (default)> = [7000.]
    form_4952_net_investment_gain<2025, (default)> = [10000.]
    long_term_capital_gains<2025, (default)> = [7000.]
    is_tax_unit_dependent<2025, (default)> = [False]
    form_4952_capital_gain_distributions<2025, (default)> = [0.]
    short_term_capital_gains<2025, (default)> = [3000.]
    is_tax_unit_dependent<2025, (default)> = [False]
  form_4952_investment_income<2025, (default)> = [3000.]
    form_4952_gross_investment_income<2025, (default)> = [0.]
      taxable_interest_income<2025, (default)> = [0.]
      is_tax_unit_dependent<2025, (default)> = [False]
      ordinary_dividend_income<2025, (default)> = [0.]
        qualified_dividend_income<2025, (default)> = [0.]
        non_qualified_dividend_income<2025, (default)> = [0.]
      is_tax_unit_dependent<2025, (default)> = [False]
    form_4952_qualified_dividends<2025, (default)> = [0.]
      qualified_dividend_income<2025, (default)> = [0.]
      is_tax_unit_dependent<2025, (default)> = [False]
    form_4952_net_investment_gain<2025, (default)> = [10000.]
    form_4952_net_capital_gain<2025, (default)> = [7000.]
    form_4952_elected_investment_income<2025, (default)> = [0.]
      investment_income_elected_form_4952<2025, (default)> = [0.]
      is_tax_unit_dependent<2025, (default)> = [False]
      form_4952_qualified_dividends<2025, (default)> = [0.]
      form_4952_net_capital_gain<2025, (default)> = [7000.]
  investment_interest_expense_deduction<2025, (default)> = [3000.]
    form_4952_total_investment_interest_expense<2025, (default)> = [12000.]
      investment_interest_expense<2025, (default)> = [12000.]
      is_tax_unit_dependent<2025, (default)> = [False]
      form_4952_disallowed_investment_interest_expense_prior_year<2025, (default)> = [0.]
    form_4952_net_investment_income<2025, (default)> = [3000.]
      form_4952_investment_income<2025, (default)> = [3000.]
      form_4952_investment_expenses<2025, (default)> = [0.]
  form_4952_investment_interest_carryforward<2025, (default)> = [9000.]
    form_4952_total_investment_interest_expense<2025, (default)> = [12000.]
    form_4952_net_investment_income<2025, (default)> = [3000.]
.Computation log:
  form_4952_investment_income<2025, (default)> = [8000.]
    form_4952_gross_investment_income<2025, (default)> = [0.]
      taxable_interest_income<2025, (default)> = [0.]
      is_tax_unit_dependent<2025, (default)> = [False]
        is_tax_unit_head<2025, (default)> = [ True]
          is_child<2025, (default)> = [False]
            age<2025, (default)> = [40.]
          age<2025, (default)> = [40.]
        is_tax_unit_spouse<2025, (default)> = [False]
          is_separated<2025, (default)> = [False]
          is_child<2025, (default)> = [False]
          is_tax_unit_head<2025, (default)> = [ True]
          age<2025, (default)> = [40.]
      ordinary_dividend_income<2025, (default)> = [0.]
        qualified_dividend_income<2025, (default)> = [0.]
        non_qualified_dividend_income<2025, (default)> = [0.]
      is_tax_unit_dependent<2025, (default)> = [False]
    form_4952_qualified_dividends<2025, (default)> = [0.]
      qualified_dividend_income<2025, (default)> = [0.]
      is_tax_unit_dependent<2025, (default)> = [False]
    form_4952_net_investment_gain<2025, (default)> = [10000.]
      long_term_capital_gains<2025, (default)> = [7000.]
      is_tax_unit_dependent<2025, (default)> = [False]
      short_term_capital_gains<2025, (default)> = [3000.]
      is_tax_unit_dependent<2025, (default)> = [False]
      form_4952_capital_gain_distributions<2025, (default)> = [0.]
        is_tax_unit_dependent<2025, (default)> = [False]
        non_sch_d_capital_gains<2025, (default)> = [0.]
    form_4952_net_capital_gain<2025, (default)> = [7000.]
      form_4952_net_investment_gain<2025, (default)> = [10000.]
      long_term_capital_gains<2025, (default)> = [7000.]
      is_tax_unit_dependent<2025, (default)> = [False]
      form_4952_capital_gain_distributions<2025, (default)> = [0.]
      short_term_capital_gains<2025, (default)> = [3000.]
      is_tax_unit_dependent<2025, (default)> = [False]
    form_4952_elected_investment_income<2025, (default)> = [5000.]
      investment_income_elected_form_4952<2025, (default)> = [5000.]
      is_tax_unit_dependent<2025, (default)> = [False]
      form_4952_qualified_dividends<2025, (default)> = [0.]
      form_4952_net_capital_gain<2025, (default)> = [7000.]
  investment_interest_expense_deduction<2025, (default)> = [8000.]
    form_4952_total_investment_interest_expense<2025, (default)> = [12000.]
      investment_interest_expense<2025, (default)> = [12000.]
      is_tax_unit_dependent<2025, (default)> = [False]
      form_4952_disallowed_investment_interest_expense_prior_year<2025, (default)> = [0.]
    form_4952_net_investment_income<2025, (default)> = [8000.]
      form_4952_investment_income<2025, (default)> = [8000.]
      form_4952_investment_expenses<2025, (default)> = [0.]
  form_4952_investment_interest_carryforward<2025, (default)> = [4000.]
    form_4952_total_investment_interest_expense<2025, (default)> = [12000.]
    form_4952_net_investment_income<2025, (default)> = [8000.]
.Computation log:
  form_4952_net_investment_gain<2025, (default)> = [5000.]
    long_term_capital_gains<2025, (default)> = [8000.]
    is_tax_unit_dependent<2025, (default)> = [False]
      is_tax_unit_head<2025, (default)> = [ True]
        is_child<2025, (default)> = [False]
          age<2025, (default)> = [40.]
        age<2025, (default)> = [40.]
      is_tax_unit_spouse<2025, (default)> = [False]
        is_separated<2025, (default)> = [False]
        is_child<2025, (default)> = [False]
        is_tax_unit_head<2025, (default)> = [ True]
        age<2025, (default)> = [40.]
    short_term_capital_gains<2025, (default)> = [-3000.]
    is_tax_unit_dependent<2025, (default)> = [False]
    form_4952_capital_gain_distributions<2025, (default)> = [0.]
      is_tax_unit_dependent<2025, (default)> = [False]
      non_sch_d_capital_gains<2025, (default)> = [0.]
  form_4952_net_capital_gain<2025, (default)> = [5000.]
    form_4952_net_investment_gain<2025, (default)> = [5000.]
    long_term_capital_gains<2025, (default)> = [8000.]
    is_tax_unit_dependent<2025, (default)> = [False]
    form_4952_capital_gain_distributions<2025, (default)> = [0.]
    short_term_capital_gains<2025, (default)> = [-3000.]
    is_tax_unit_dependent<2025, (default)> = [False]
  form_4952_investment_income<2025, (default)> = [4000.]
    form_4952_gross_investment_income<2025, (default)> = [0.]
      taxable_interest_income<2025, (default)> = [0.]
      is_tax_unit_dependent<2025, (default)> = [False]
      ordinary_dividend_income<2025, (default)> = [0.]
        qualified_dividend_income<2025, (default)> = [0.]
        non_qualified_dividend_income<2025, (default)> = [0.]
      is_tax_unit_dependent<2025, (default)> = [False]
    form_4952_qualified_dividends<2025, (default)> = [0.]
      qualified_dividend_income<2025, (default)> = [0.]
      is_tax_unit_dependent<2025, (default)> = [False]
    form_4952_net_investment_gain<2025, (default)> = [5000.]
    form_4952_net_capital_gain<2025, (default)> = [5000.]
    form_4952_elected_investment_income<2025, (default)> = [4000.]
      investment_income_elected_form_4952<2025, (default)> = [4000.]
      is_tax_unit_dependent<2025, (default)> = [False]
      form_4952_qualified_dividends<2025, (default)> = [0.]
      form_4952_net_capital_gain<2025, (default)> = [5000.]
  investment_interest_expense_deduction<2025, (default)> = [4000.]
    form_4952_total_investment_interest_expense<2025, (default)> = [6000.]
      investment_interest_expense<2025, (default)> = [6000.]
      is_tax_unit_dependent<2025, (default)> = [False]
      form_4952_disallowed_investment_interest_expense_prior_year<2025, (default)> = [0.]
    form_4952_net_investment_income<2025, (default)> = [4000.]
      form_4952_investment_income<2025, (default)> = [4000.]
      form_4952_investment_expenses<2025, (default)> = [0.]
  form_4952_investment_interest_carryforward<2025, (default)> = [2000.]
    form_4952_total_investment_interest_expense<2025, (default)> = [6000.]
    form_4952_net_investment_income<2025, (default)> = [4000.]
.Computation log:
  form_4952_net_investment_gain<2025, (default)> = [2000.]
    long_term_capital_gains<2025, (default)> = [-8000.]
    is_tax_unit_dependent<2025, (default)> = [False]
      is_tax_unit_head<2025, (default)> = [ True]
        is_child<2025, (default)> = [False]
          age<2025, (default)> = [40.]
        age<2025, (default)> = [40.]
      is_tax_unit_spouse<2025, (default)> = [False]
        is_separated<2025, (default)> = [False]
        is_child<2025, (default)> = [False]
        is_tax_unit_head<2025, (default)> = [ True]
        age<2025, (default)> = [40.]
    short_term_capital_gains<2025, (default)> = [10000.]
    is_tax_unit_dependent<2025, (default)> = [False]
    form_4952_capital_gain_distributions<2025, (default)> = [0.]
      is_tax_unit_dependent<2025, (default)> = [False]
      non_sch_d_capital_gains<2025, (default)> = [0.]
  form_4952_net_capital_gain<2025, (default)> = [0.]
    form_4952_net_investment_gain<2025, (default)> = [2000.]
    long_term_capital_gains<2025, (default)> = [-8000.]
    is_tax_unit_dependent<2025, (default)> = [False]
    form_4952_capital_gain_distributions<2025, (default)> = [0.]
    short_term_capital_gains<2025, (default)> = [10000.]
    is_tax_unit_dependent<2025, (default)> = [False]
  investment_interest_expense_deduction<2025, (default)> = [2000.]
    form_4952_total_investment_interest_expense<2025, (default)> = [6000.]
      investment_interest_expense<2025, (default)> = [6000.]
      is_tax_unit_dependent<2025, (default)> = [False]
      form_4952_disallowed_investment_interest_expense_prior_year<2025, (default)> = [0.]
    form_4952_net_investment_income<2025, (default)> = [2000.]
      form_4952_investment_income<2025, (default)> = [2000.]
        form_4952_gross_investment_income<2025, (default)> = [0.]
          taxable_interest_income<2025, (default)> = [0.]
          is_tax_unit_dependent<2025, (default)> = [False]
          ordinary_dividend_income<2025, (default)> = [0.]
            qualified_dividend_income<2025, (default)> = [0.]
            non_qualified_dividend_income<2025, (default)> = [0.]
          is_tax_unit_dependent<2025, (default)> = [False]
        form_4952_qualified_dividends<2025, (default)> = [0.]
          qualified_dividend_income<2025, (default)> = [0.]
          is_tax_unit_dependent<2025, (default)> = [False]
        form_4952_net_investment_gain<2025, (default)> = [2000.]
        form_4952_net_capital_gain<2025, (default)> = [0.]
        form_4952_elected_investment_income<2025, (default)> = [0.]
          investment_income_elected_form_4952<2025, (default)> = [0.]
          is_tax_unit_dependent<2025, (default)> = [False]
          form_4952_qualified_dividends<2025, (default)> = [0.]
          form_4952_net_capital_gain<2025, (default)> = [0.]
      form_4952_investment_expenses<2025, (default)> = [0.]
  form_4952_investment_interest_carryforward<2025, (default)> = [4000.]
    form_4952_total_investment_interest_expense<2025, (default)> = [6000.]
    form_4952_net_investment_income<2025, (default)> = [2000.]
.Computation log:
  form_4952_net_investment_gain<2025, (default)> = [3000.]
    long_term_capital_gains<2025, (default)> = [0.]
      long_term_capital_gains_before_response<2025, (default)> = [0.]
      capital_gains_behavioral_response<2025, (default)> = [0.]
    is_tax_unit_dependent<2025, (default)> = [False]
      is_tax_unit_head<2025, (default)> = [ True]
        is_child<2025, (default)> = [False]
          age<2025, (default)> = [40.]
        age<2025, (default)> = [40.]
      is_tax_unit_spouse<2025, (default)> = [False]
        is_separated<2025, (default)> = [False]
        is_child<2025, (default)> = [False]
        is_tax_unit_head<2025, (default)> = [ True]
        age<2025, (default)> = [40.]
    short_term_capital_gains<2025, (default)> = [0.]
    is_tax_unit_dependent<2025, (default)> = [False]
    form_4952_capital_gain_distributions<2025, (default)> = [3000.]
      is_tax_unit_dependent<2025, (default)> = [False]
      non_sch_d_capital_gains<2025, (default)> = [3000.]
  form_4952_net_capital_gain<2025, (default)> = [3000.]
    form_4952_net_investment_gain<2025, (default)> = [3000.]
    long_term_capital_gains<2025, (default)> = [0.]
    is_tax_unit_dependent<2025, (default)> = [False]
    form_4952_capital_gain_distributions<2025, (default)> = [3000.]
    short_term_capital_gains<2025, (default)> = [0.]
    is_tax_unit_dependent<2025, (default)> = [False]
  investment_interest_expense_deduction<2025, (default)> = [0.]
    form_4952_total_investment_interest_expense<2025, (default)> = [4000.]
      investment_interest_expense<2025, (default)> = [4000.]
      is_tax_unit_dependent<2025, (default)> = [False]
      form_4952_disallowed_investment_interest_expense_prior_year<2025, (default)> = [0.]
    form_4952_net_investment_income<2025, (default)> = [0.]
      form_4952_investment_income<2025, (default)> = [0.]
        form_4952_gross_investment_income<2025, (default)> = [0.]
          taxable_interest_income<2025, (default)> = [0.]
          is_tax_unit_dependent<2025, (default)> = [False]
          ordinary_dividend_income<2025, (default)> = [0.]
            qualified_dividend_income<2025, (default)> = [0.]
            non_qualified_dividend_income<2025, (default)> = [0.]
          is_tax_unit_dependent<2025, (default)> = [False]
        form_4952_qualified_dividends<2025, (default)> = [0.]
          qualified_dividend_income<2025, (default)> = [0.]
          is_tax_unit_dependent<2025, (default)> = [False]
        form_4952_net_investment_gain<2025, (default)> = [3000.]
        form_4952_net_capital_gain<2025, (default)> = [3000.]
        form_4952_elected_investment_income<2025, (default)> = [0.]
          investment_income_elected_form_4952<2025, (default)> = [0.]
          is_tax_unit_dependent<2025, (default)> = [False]
          form_4952_qualified_dividends<2025, (default)> = [0.]
          form_4952_net_capital_gain<2025, (default)> = [3000.]
      form_4952_investment_expenses<2025, (default)> = [0.]
.Computation log:
  form_4952_net_investment_gain<2025, (default)> = [8000.]
    long_term_capital_gains<2025, (default)> = [5000.]
    is_tax_unit_dependent<2025, (default)> = [False]
      is_tax_unit_head<2025, (default)> = [ True]
        is_child<2025, (default)> = [False]
          age<2025, (default)> = [40.]
        age<2025, (default)> = [40.]
      is_tax_unit_spouse<2025, (default)> = [False]
        is_separated<2025, (default)> = [False]
        is_child<2025, (default)> = [False]
        is_tax_unit_head<2025, (default)> = [ True]
        age<2025, (default)> = [40.]
    short_term_capital_gains<2025, (default)> = [0.]
    is_tax_unit_dependent<2025, (default)> = [False]
    form_4952_capital_gain_distributions<2025, (default)> = [3000.]
      is_tax_unit_dependent<2025, (default)> = [False]
      non_sch_d_capital_gains<2025, (default)> = [3000.]
  form_4952_net_capital_gain<2025, (default)> = [8000.]
    form_4952_net_investment_gain<2025, (default)> = [8000.]
    long_term_capital_gains<2025, (default)> = [5000.]
    is_tax_unit_dependent<2025, (default)> = [False]
    form_4952_capital_gain_distributions<2025, (default)> = [3000.]
    short_term_capital_gains<2025, (default)> = [0.]
    is_tax_unit_dependent<2025, (default)> = [False]
  form_4952_elected_investment_income<2025, (default)> = [8000.]
    investment_income_elected_form_4952<2025, (default)> = [10000.]
    is_tax_unit_dependent<2025, (default)> = [False]
    form_4952_qualified_dividends<2025, (default)> = [0.]
      qualified_dividend_income<2025, (default)> = [0.]
      is_tax_unit_dependent<2025, (default)> = [False]
    form_4952_net_capital_gain<2025, (default)> = [8000.]
  investment_interest_expense_deduction<2025, (default)> = [8000.]
    form_4952_total_investment_interest_expense<2025, (default)> = [12000.]
      investment_interest_expense<2025, (default)> = [12000.]
      is_tax_unit_dependent<2025, (default)> = [False]
      form_4952_disallowed_investment_interest_expense_prior_year<2025, (default)> = [0.]
    form_4952_net_investment_income<2025, (default)> = [8000.]
      form_4952_investment_income<2025, (default)> = [8000.]
        form_4952_gross_investment_income<2025, (default)> = [0.]
          taxable_interest_income<2025, (default)> = [0.]
          is_tax_unit_dependent<2025, (default)> = [False]
          ordinary_dividend_income<2025, (default)> = [0.]
            qualified_dividend_income<2025, (default)> = [0.]
            non_qualified_dividend_income<2025, (default)> = [0.]
          is_tax_unit_dependent<2025, (default)> = [False]
        form_4952_qualified_dividends<2025, (default)> = [0.]
        form_4952_net_investment_gain<2025, (default)> = [8000.]
        form_4952_net_capital_gain<2025, (default)> = [8000.]
        form_4952_elected_investment_income<2025, (default)> = [8000.]
      form_4952_investment_expenses<2025, (default)> = [0.]
.Computation log:
  form_4952_total_investment_interest_expense<2025, (default)> = [10000.]
    investment_interest_expense<2025, (default)> = [6000. 4000.  500.]
    is_tax_unit_dependent<2025, (default)> = [False False  True]
    form_4952_disallowed_investment_interest_expense_prior_year<2025, (default)> = [0.]
  form_4952_gross_investment_income<2025, (default)> = [12000.]
    taxable_interest_income<2025, (default)> = [ 4000.  3000. 50000.]
    is_tax_unit_dependent<2025, (default)> = [False False  True]
    ordinary_dividend_income<2025, (default)> = [ 1000.  4000. 20000.]
      qualified_dividend_income<2025, (default)> = [ 1000.  2000. 10000.]
      non_qualified_dividend_income<2025, (default)> = [    0.  2000. 10000.]
    is_tax_unit_dependent<2025, (default)> = [False False  True]
  form_4952_qualified_dividends<2025, (default)> = [3000.]
    qualified_dividend_income<2025, (default)> = [ 1000.  2000. 10000.]
    is_tax_unit_dependent<2025, (default)> = [False False  True]
  form_4952_investment_income<2025, (default)> = [9000.]
    form_4952_gross_investment_income<2025, (default)> = [12000.]
    form_4952_qualified_dividends<2025, (default)> = [3000.]
    form_4952_net_investment_gain<2025, (default)> = [0.]
      long_term_capital_gains<2025, (default)> = [0. 0. 0.]
        long_term_capital_gains_before_response<2025, (default)> = [0. 0. 0.]
        capital_gains_behavioral_response<2025, (default)> = [0. 0. 0.]
      is_tax_unit_dependent<2025, (default)> = [False False  True]
      short_term_capital_gains<2025, (default)> = [0. 0. 0.]
      is_tax_unit_dependent<2025, (default)> = [False False  True]
      form_4952_capital_gain_distributions<2025, (default)> = [0.]
        is_tax_unit_dependent<2025, (default)> = [False False  True]
        non_sch_d_capital_gains<2025, (default)> = [0. 0. 0.]
    form_4952_net_capital_gain<2025, (default)> = [0.]
      form_4952_net_investment_gain<2025, (default)> = [0.]
      long_term_capital_gains<2025, (default)> = [0. 0. 0.]
      is_tax_unit_dependent<2025, (default)> = [False False  True]
      form_4952_capital_gain_distributions<2025, (default)> = [0.]
      short_term_capital_gains<2025, (default)> = [0. 0. 0.]
      is_tax_unit_dependent<2025, (default)> = [False False  True]
    form_4952_elected_investment_income<2025, (default)> = [0.]
      investment_income_elected_form_4952<2025, (default)> = [0. 0. 0.]
      is_tax_unit_dependent<2025, (default)> = [False False  True]
      form_4952_qualified_dividends<2025, (default)> = [3000.]
      form_4952_net_capital_gain<2025, (default)> = [0.]
  investment_interest_expense_deduction<2025, (default)> = [9000.]
    form_4952_total_investment_interest_expense<2025, (default)> = [10000.]
    form_4952_net_investment_income<2025, (default)> = [9000.]
      form_4952_investment_income<2025, (default)> = [9000.]
      form_4952_investment_expenses<2025, (default)> = [0.]
  form_4952_investment_interest_carryforward<2025, (default)> = [1000.]
    form_4952_total_investment_interest_expense<2025, (default)> = [10000.]
    form_4952_net_investment_income<2025, (default)> = [9000.]
.Computation log:
  form_4952_gross_investment_income<2025, (default)> = [0.]
    taxable_interest_income<2025, (default)> = [0.]
    is_tax_unit_dependent<2025, (default)> = [False]
      is_tax_unit_head<2025, (default)> = [ True]
        is_child<2025, (default)> = [False]
          age<2025, (default)> = [40.]
        age<2025, (default)> = [40.]
      is_tax_unit_spouse<2025, (default)> = [False]
        is_separated<2025, (default)> = [False]
        is_child<2025, (default)> = [False]
        is_tax_unit_head<2025, (default)> = [ True]
        age<2025, (default)> = [40.]
    ordinary_dividend_income<2025, (default)> = [0.]
      qualified_dividend_income<2025, (default)> = [0.]
      non_qualified_dividend_income<2025, (default)> = [0.]
    is_tax_unit_dependent<2025, (default)> = [False]
  form_4952_net_investment_gain<2025, (default)> = [0.]
    long_term_capital_gains<2025, (default)> = [0.]
      long_term_capital_gains_before_response<2025, (default)> = [0.]
      capital_gains_behavioral_response<2025, (default)> = [0.]
    is_tax_unit_dependent<2025, (default)> = [False]
    short_term_capital_gains<2025, (default)> = [0.]
    is_tax_unit_dependent<2025, (default)> = [False]
    form_4952_capital_gain_distributions<2025, (default)> = [0.]
      is_tax_unit_dependent<2025, (default)> = [False]
      non_sch_d_capital_gains<2025, (default)> = [0.]
  investment_interest_expense_deduction<2025, (default)> = [0.]
    form_4952_total_investment_interest_expense<2025, (default)> = [4000.]
      investment_interest_expense<2025, (default)> = [4000.]
      is_tax_unit_dependent<2025, (default)> = [False]
      form_4952_disallowed_investment_interest_expense_prior_year<2025, (default)> = [0.]
    form_4952_net_investment_income<2025, (default)> = [0.]
      form_4952_investment_income<2025, (default)> = [0.]
        form_4952_gross_investment_income<2025, (default)> = [0.]
        form_4952_qualified_dividends<2025, (default)> = [0.]
          qualified_dividend_income<2025, (default)> = [0.]
          is_tax_unit_dependent<2025, (default)> = [False]
        form_4952_net_investment_gain<2025, (default)> = [0.]
        form_4952_net_capital_gain<2025, (default)> = [0.]
          form_4952_net_investment_gain<2025, (default)> = [0.]
          long_term_capital_gains<2025, (default)> = [0.]
          is_tax_unit_dependent<2025, (default)> = [False]
          form_4952_capital_gain_distributions<2025, (default)> = [0.]
          short_term_capital_gains<2025, (default)> = [0.]
          is_tax_unit_dependent<2025, (default)> = [False]
        form_4952_elected_investment_income<2025, (default)> = [0.]
          investment_income_elected_form_4952<2025, (default)> = [0.]
          is_tax_unit_dependent<2025, (default)> = [False]
          form_4952_qualified_dividends<2025, (default)> = [0.]
          form_4952_net_capital_gain<2025, (default)> = [0.]
      form_4952_investment_expenses<2025, (default)> = [0.]
.Computation log:
  total_misc_deductions<2017, (default)> = [4000.]
    unreimbursed_business_employee_expenses<2017, (default)> = [500.]
    tax_preparation_fees<2017, (default)> = [500.]
    investment_expenses<2017, (default)> = [3000.]
    is_tax_unit_dependent<2017, (default)> = [False]
      is_tax_unit_head<2017, (default)> = [ True]
        is_child<2017, (default)> = [False]
          age<2017, (default)> = [40.]
        age<2017, (default)> = [40.]
      is_tax_unit_spouse<2017, (default)> = [False]
        is_separated<2017, (default)> = [False]
        is_child<2017, (default)> = [False]
        is_tax_unit_head<2017, (default)> = [ True]
        age<2017, (default)> = [40.]
  misc_deduction<2017, (default)> = [2000.]
    total_misc_deductions<2017, (default)> = [4000.]
    positive_agi<2017, (default)> = [100000.]
      adjusted_gross_income<2017, (default)> = [100000.]
  form_4952_investment_expenses<2017, (default)> = [2000.]
    investment_expenses<2017, (default)> = [3000.]
    is_tax_unit_dependent<2017, (default)> = [False]
    unreimbursed_business_employee_expenses<2017, (default)> = [500.]
    is_tax_unit_dependent<2017, (default)> = [False]
    tax_preparation_fees<2017, (default)> = [500.]
    is_tax_unit_dependent<2017, (default)> = [False]
    investment_expenses<2017, (default)> = [3000.]
    is_tax_unit_dependent<2017, (default)> = [False]
    positive_agi<2017, (default)> = [100000.]
    misc_deduction<2017, (default)> = [2000.]
  form_4952_net_investment_income<2017, (default)> = [10000.]
    form_4952_investment_income<2017, (default)> = [12000.]
      form_4952_gross_investment_income<2017, (default)> = [12000.]
        taxable_interest_income<2017, (default)> = [12000.]
        is_tax_unit_dependent<2017, (default)> = [False]
        ordinary_dividend_income<2017, (default)> = [0.]
          qualified_dividend_income<2017, (default)> = [0.]
          non_qualified_dividend_income<2017, (default)> = [0.]
        is_tax_unit_dependent<2017, (default)> = [False]
      form_4952_qualified_dividends<2017, (default)> = [0.]
        qualified_dividend_income<2017, (default)> = [0.]
        is_tax_unit_dependent<2017, (default)> = [False]
      form_4952_net_investment_gain<2017, (default)> = [0.]
        long_term_capital_gains<2017, (default)> = [0.]
          long_term_capital_gains_before_response<2017, (default)> = [0.]
          capital_gains_behavioral_response<2017, (default)> = [0.]
        is_tax_unit_dependent<2017, (default)> = [False]
        short_term_capital_gains<2017, (default)> = [0.]
        is_tax_unit_dependent<2017, (default)> = [False]
        form_4952_capital_gain_distributions<2017, (default)> = [0.]
          is_tax_unit_dependent<2017, (default)> = [False]
          non_sch_d_capital_gains<2017, (default)> = [0.]
      form_4952_net_capital_gain<2017, (default)> = [0.]
        form_4952_net_investment_gain<2017, (default)> = [0.]
        long_term_capital_gains<2017, (default)> = [0.]
        is_tax_unit_dependent<2017, (default)> = [False]
        form_4952_capital_gain_distributions<2017, (default)> = [0.]
        short_term_capital_gains<2017, (default)> = [0.]
        is_tax_unit_dependent<2017, (default)> = [False]
      form_4952_elected_investment_income<2017, (default)> = [0.]
        investment_income_elected_form_4952<2017, (default)> = [0.]
        is_tax_unit_dependent<2017, (default)> = [False]
        form_4952_qualified_dividends<2017, (default)> = [0.]
        form_4952_net_capital_gain<2017, (default)> = [0.]
    form_4952_investment_expenses<2017, (default)> = [2000.]
  investment_interest_expense_deduction<2017, (default)> = [10000.]
    form_4952_total_investment_interest_expense<2017, (default)> = [20000.]
      investment_interest_expense<2017, (default)> = [20000.]
      is_tax_unit_dependent<2017, (default)> = [False]
      form_4952_disallowed_investment_interest_expense_prior_year<2017, (default)> = [0.]
    form_4952_net_investment_income<2017, (default)> = [10000.]
  form_4952_investment_interest_carryforward<2017, (default)> = [10000.]
    form_4952_total_investment_interest_expense<2017, (default)> = [20000.]
    form_4952_net_investment_income<2017, (default)> = [10000.]
.Computation log:
  misc_deduction<2017, (default)> = [4000.]
    total_misc_deductions<2017, (default)> = [6000.]
      unreimbursed_business_employee_expenses<2017, (default)> = [0.]
      tax_preparation_fees<2017, (default)> = [3000.]
      investment_expenses<2017, (default)> = [3000.]
      is_tax_unit_dependent<2017, (default)> = [False]
        is_tax_unit_head<2017, (default)> = [ True]
          is_child<2017, (default)> = [False]
            age<2017, (default)> = [40.]
          age<2017, (default)> = [40.]
        is_tax_unit_spouse<2017, (default)> = [False]
          is_separated<2017, (default)> = [False]
          is_child<2017, (default)> = [False]
          is_tax_unit_head<2017, (default)> = [ True]
          age<2017, (default)> = [40.]
    positive_agi<2017, (default)> = [100000.]
      adjusted_gross_income<2017, (default)> = [100000.]
  form_4952_investment_expenses<2017, (default)> = [3000.]
    investment_expenses<2017, (default)> = [3000.]
    is_tax_unit_dependent<2017, (default)> = [False]
    unreimbursed_business_employee_expenses<2017, (default)> = [0.]
    is_tax_unit_dependent<2017, (default)> = [False]
    tax_preparation_fees<2017, (default)> = [3000.]
    is_tax_unit_dependent<2017, (default)> = [False]
    investment_expenses<2017, (default)> = [3000.]
    is_tax_unit_dependent<2017, (default)> = [False]
    positive_agi<2017, (default)> = [100000.]
    misc_deduction<2017, (default)> = [4000.]
  investment_interest_expense_deduction<2017, (default)> = [9000.]
    form_4952_total_investment_interest_expense<2017, (default)> = [20000.]
      investment_interest_expense<2017, (default)> = [20000.]
      is_tax_unit_dependent<2017, (default)> = [False]
      form_4952_disallowed_investment_interest_expense_prior_year<2017, (default)> = [0.]
    form_4952_net_investment_income<2017, (default)> = [9000.]
      form_4952_investment_income<2017, (default)> = [12000.]
        form_4952_gross_investment_income<2017, (default)> = [12000.]
          taxable_interest_income<2017, (default)> = [12000.]
          is_tax_unit_dependent<2017, (default)> = [False]
          ordinary_dividend_income<2017, (default)> = [0.]
            qualified_dividend_income<2017, (default)> = [0.]
            non_qualified_dividend_income<2017, (default)> = [0.]
          is_tax_unit_dependent<2017, (default)> = [False]
        form_4952_qualified_dividends<2017, (default)> = [0.]
          qualified_dividend_income<2017, (default)> = [0.]
          is_tax_unit_dependent<2017, (default)> = [False]
        form_4952_net_investment_gain<2017, (default)> = [0.]
          long_term_capital_gains<2017, (default)> = [0.]
            long_term_capital_gains_before_response<2017, (default)> = [0.]
            capital_gains_behavioral_response<2017, (default)> = [0.]
          is_tax_unit_dependent<2017, (default)> = [False]
          short_term_capital_gains<2017, (default)> = [0.]
          is_tax_unit_dependent<2017, (default)> = [False]
          form_4952_capital_gain_distributions<2017, (default)> = [0.]
            is_tax_unit_dependent<2017, (default)> = [False]
            non_sch_d_capital_gains<2017, (default)> = [0.]
        form_4952_net_capital_gain<2017, (default)> = [0.]
          form_4952_net_investment_gain<2017, (default)> = [0.]
          long_term_capital_gains<2017, (default)> = [0.]
          is_tax_unit_dependent<2017, (default)> = [False]
          form_4952_capital_gain_distributions<2017, (default)> = [0.]
          short_term_capital_gains<2017, (default)> = [0.]
          is_tax_unit_dependent<2017, (default)> = [False]
        form_4952_elected_investment_income<2017, (default)> = [0.]
          investment_income_elected_form_4952<2017, (default)> = [0.]
          is_tax_unit_dependent<2017, (default)> = [False]
          form_4952_qualified_dividends<2017, (default)> = [0.]
          form_4952_net_capital_gain<2017, (default)> = [0.]
      form_4952_investment_expenses<2017, (default)> = [3000.]
.Computation log:
  form_4952_investment_expenses<2017, (default)> = [0.]
    investment_expenses<2017, (default)> = [500.]
    is_tax_unit_dependent<2017, (default)> = [False]
      is_tax_unit_head<2017, (default)> = [ True]
        is_child<2017, (default)> = [False]
          age<2017, (default)> = [40.]
        age<2017, (default)> = [40.]
      is_tax_unit_spouse<2017, (default)> = [False]
        is_separated<2017, (default)> = [False]
        is_child<2017, (default)> = [False]
        is_tax_unit_head<2017, (default)> = [ True]
        age<2017, (default)> = [40.]
    unreimbursed_business_employee_expenses<2017, (default)> = [0.]
    is_tax_unit_dependent<2017, (default)> = [False]
    tax_preparation_fees<2017, (default)> = [0.]
    is_tax_unit_dependent<2017, (default)> = [False]
    investment_expenses<2017, (default)> = [500.]
    is_tax_unit_dependent<2017, (default)> = [False]
    positive_agi<2017, (default)> = [100000.]
      adjusted_gross_income<2017, (default)> = [100000.]
    misc_deduction<2017, (default)> = [0.]
      total_misc_deductions<2017, (default)> = [500.]
        unreimbursed_business_employee_expenses<2017, (default)> = [0.]
        tax_preparation_fees<2017, (default)> = [0.]
        investment_expenses<2017, (default)> = [500.]
        is_tax_unit_dependent<2017, (default)> = [False]
      positive_agi<2017, (default)> = [100000.]
  investment_interest_expense_deduction<2017, (default)> = [12000.]
    form_4952_total_investment_interest_expense<2017, (default)> = [20000.]
      investment_interest_expense<2017, (default)> = [20000.]
      is_tax_unit_dependent<2017, (default)> = [False]
      form_4952_disallowed_investment_interest_expense_prior_year<2017, (default)> = [0.]
    form_4952_net_investment_income<2017, (default)> = [12000.]
      form_4952_investment_income<2017, (default)> = [12000.]
        form_4952_gross_investment_income<2017, (default)> = [12000.]
          taxable_interest_income<2017, (default)> = [12000.]
          is_tax_unit_dependent<2017, (default)> = [False]
          ordinary_dividend_income<2017, (default)> = [0.]
            qualified_dividend_income<2017, (default)> = [0.]
            non_qualified_dividend_income<2017, (default)> = [0.]
          is_tax_unit_dependent<2017, (default)> = [False]
        form_4952_qualified_dividends<2017, (default)> = [0.]
          qualified_dividend_income<2017, (default)> = [0.]
          is_tax_unit_dependent<2017, (default)> = [False]
        form_4952_net_investment_gain<2017, (default)> = [0.]
          long_term_capital_gains<2017, (default)> = [0.]
            long_term_capital_gains_before_response<2017, (default)> = [0.]
            capital_gains_behavioral_response<2017, (default)> = [0.]
          is_tax_unit_dependent<2017, (default)> = [False]
          short_term_capital_gains<2017, (default)> = [0.]
          is_tax_unit_dependent<2017, (default)> = [False]
          form_4952_capital_gain_distributions<2017, (default)> = [0.]
            is_tax_unit_dependent<2017, (default)> = [False]
            non_sch_d_capital_gains<2017, (default)> = [0.]
        form_4952_net_capital_gain<2017, (default)> = [0.]
          form_4952_net_investment_gain<2017, (default)> = [0.]
          long_term_capital_gains<2017, (default)> = [0.]
          is_tax_unit_dependent<2017, (default)> = [False]
          form_4952_capital_gain_distributions<2017, (default)> = [0.]
          short_term_capital_gains<2017, (default)> = [0.]
          is_tax_unit_dependent<2017, (default)> = [False]
        form_4952_elected_investment_income<2017, (default)> = [0.]
          investment_income_elected_form_4952<2017, (default)> = [0.]
          is_tax_unit_dependent<2017, (default)> = [False]
          form_4952_qualified_dividends<2017, (default)> = [0.]
          form_4952_net_capital_gain<2017, (default)> = [0.]
      form_4952_investment_expenses<2017, (default)> = [0.]
.Computation log:
  total_misc_deductions<2026, (default)> = [6000.]
    unreimbursed_business_employee_expenses<2026, (default)> = [0.]
    tax_preparation_fees<2026, (default)> = [3000.]
    investment_expenses<2026, (default)> = [3000.]
    is_tax_unit_dependent<2026, (default)> = [False]
      is_tax_unit_head<2026, (default)> = [ True]
        is_child<2026, (default)> = [False]
          age<2026, (default)> = [40.]
        age<2026, (default)> = [40.]
      is_tax_unit_spouse<2026, (default)> = [False]
        is_separated<2026, (default)> = [False]
        is_child<2026, (default)> = [False]
        is_tax_unit_head<2026, (default)> = [ True]
        age<2026, (default)> = [40.]
  misc_deduction<2026, (default)> = [0.]
  form_4952_investment_expenses<2026, (default)> = [0.]
  investment_interest_expense_deduction<2026, (default)> = [12000.]
    form_4952_total_investment_interest_expense<2026, (default)> = [20000.]
      investment_interest_expense<2026, (default)> = [20000.]
      is_tax_unit_dependent<2026, (default)> = [False]
      form_4952_disallowed_investment_interest_expense_prior_year<2026, (default)> = [0.]
    form_4952_net_investment_income<2026, (default)> = [12000.]
      form_4952_investment_income<2026, (default)> = [12000.]
        form_4952_gross_investment_income<2026, (default)> = [12000.]
          taxable_interest_income<2026, (default)> = [12000.]
          is_tax_unit_dependent<2026, (default)> = [False]
          ordinary_dividend_income<2026, (default)> = [0.]
            qualified_dividend_income<2026, (default)> = [0.]
            non_qualified_dividend_income<2026, (default)> = [0.]
          is_tax_unit_dependent<2026, (default)> = [False]
        form_4952_qualified_dividends<2026, (default)> = [0.]
          qualified_dividend_income<2026, (default)> = [0.]
          is_tax_unit_dependent<2026, (default)> = [False]
        form_4952_net_investment_gain<2026, (default)> = [0.]
          long_term_capital_gains<2026, (default)> = [0.]
            long_term_capital_gains_before_response<2026, (default)> = [0.]
            capital_gains_behavioral_response<2026, (default)> = [0.]
          is_tax_unit_dependent<2026, (default)> = [False]
          short_term_capital_gains<2026, (default)> = [0.]
          is_tax_unit_dependent<2026, (default)> = [False]
          form_4952_capital_gain_distributions<2026, (default)> = [0.]
            is_tax_unit_dependent<2026, (default)> = [False]
            non_sch_d_capital_gains<2026, (default)> = [0.]
        form_4952_net_capital_gain<2026, (default)> = [0.]
          form_4952_net_investment_gain<2026, (default)> = [0.]
          long_term_capital_gains<2026, (default)> = [0.]
          is_tax_unit_dependent<2026, (default)> = [False]
          form_4952_capital_gain_distributions<2026, (default)> = [0.]
          short_term_capital_gains<2026, (default)> = [0.]
          is_tax_unit_dependent<2026, (default)> = [False]
        form_4952_elected_investment_income<2026, (default)> = [0.]
          investment_income_elected_form_4952<2026, (default)> = [0.]
          is_tax_unit_dependent<2026, (default)> = [False]
          form_4952_qualified_dividends<2026, (default)> = [0.]
          form_4952_net_capital_gain<2026, (default)> = [0.]
      form_4952_investment_expenses<2026, (default)> = [0.]
  form_4952_investment_interest_carryforward<2026, (default)> = [8000.]
    form_4952_total_investment_interest_expense<2026, (default)> = [20000.]
    form_4952_net_investment_income<2026, (default)> = [12000.]
.Computation log:
  deductible_interest_expense<2025, (default)> = [18000.]
    deductible_mortgage_interest<2025, (default)> = [10000.]
    non_mortgage_interest<2025, (default)> = [8000.]
      investment_interest_expense<2025, (default)> = [8000.]
  investment_interest_expense_deduction<2025, (default)> = [3000.]
    form_4952_total_investment_interest_expense<2025, (default)> = [8000.]
      investment_interest_expense<2025, (default)> = [8000.]
      is_tax_unit_dependent<2025, (default)> = [False]
        is_tax_unit_head<2025, (default)> = [ True]
          is_child<2025, (default)> = [False]
            age<2025, (default)> = [40.]
          age<2025, (default)> = [40.]
        is_tax_unit_spouse<2025, (default)> = [False]
          is_separated<2025, (default)> = [False]
          is_child<2025, (default)> = [False]
          is_tax_unit_head<2025, (default)> = [ True]
          age<2025, (default)> = [40.]
      form_4952_disallowed_investment_interest_expense_prior_year<2025, (default)> = [0.]
    form_4952_net_investment_income<2025, (default)> = [3000.]
      form_4952_investment_income<2025, (default)> = [3000.]
        form_4952_gross_investment_income<2025, (default)> = [3000.]
          taxable_interest_income<2025, (default)> = [3000.]
          is_tax_unit_dependent<2025, (default)> = [False]
          ordinary_dividend_income<2025, (default)> = [0.]
            qualified_dividend_income<2025, (default)> = [0.]
            non_qualified_dividend_income<2025, (default)> = [0.]
          is_tax_unit_dependent<2025, (default)> = [False]
        form_4952_qualified_dividends<2025, (default)> = [0.]
          qualified_dividend_income<2025, (default)> = [0.]
          is_tax_unit_dependent<2025, (default)> = [False]
        form_4952_net_investment_gain<2025, (default)> = [0.]
          long_term_capital_gains<2025, (default)> = [0.]
            long_term_capital_gains_before_response<2025, (default)> = [0.]
            capital_gains_behavioral_response<2025, (default)> = [0.]
          is_tax_unit_dependent<2025, (default)> = [False]
          short_term_capital_gains<2025, (default)> = [0.]
          is_tax_unit_dependent<2025, (default)> = [False]
          form_4952_capital_gain_distributions<2025, (default)> = [0.]
            is_tax_unit_dependent<2025, (default)> = [False]
            non_sch_d_capital_gains<2025, (default)> = [0.]
        form_4952_net_capital_gain<2025, (default)> = [0.]
          form_4952_net_investment_gain<2025, (default)> = [0.]
          long_term_capital_gains<2025, (default)> = [0.]
          is_tax_unit_dependent<2025, (default)> = [False]
          form_4952_capital_gain_distributions<2025, (default)> = [0.]
          short_term_capital_gains<2025, (default)> = [0.]
          is_tax_unit_dependent<2025, (default)> = [False]
        form_4952_elected_investment_income<2025, (default)> = [0.]
          investment_income_elected_form_4952<2025, (default)> = [0.]
          is_tax_unit_dependent<2025, (default)> = [False]
          form_4952_qualified_dividends<2025, (default)> = [0.]
          form_4952_net_capital_gain<2025, (default)> = [0.]
      form_4952_investment_expenses<2025, (default)> = [0.]
  interest_deduction<2025, (default)> = [13000.]
    deductible_interest_expense<2025, (default)> = [18000.]
    investment_interest_expense<2025, (default)> = [8000.]
    investment_interest_expense_deduction<2025, (default)> = [3000.]
.Computation log:
  interest_deduction<2025, (default)> = [25000.]
    deductible_interest_expense<2025, (default)> = [25000.]
    investment_interest_expense<2025, (default)> = [0.]
    investment_interest_expense_deduction<2025, (default)> = [0.]
      form_4952_total_investment_interest_expense<2025, (default)> = [0.]
        investment_interest_expense<2025, (default)> = [0.]
        is_tax_unit_dependent<2025, (default)> = [False]
          is_tax_unit_head<2025, (default)> = [ True]
            is_child<2025, (default)> = [False]
              age<2025, (default)> = [40.]
            age<2025, (default)> = [40.]
          is_tax_unit_spouse<2025, (default)> = [False]
            is_separated<2025, (default)> = [False]
            is_child<2025, (default)> = [False]
            is_tax_unit_head<2025, (default)> = [ True]
            age<2025, (default)> = [40.]
        form_4952_disallowed_investment_interest_expense_prior_year<2025, (default)> = [0.]
      form_4952_net_investment_income<2025, (default)> = [0.]
        form_4952_investment_income<2025, (default)> = [0.]
          form_4952_gross_investment_income<2025, (default)> = [0.]
            taxable_interest_income<2025, (default)> = [0.]
            is_tax_unit_dependent<2025, (default)> = [False]
            ordinary_dividend_income<2025, (default)> = [0.]
              qualified_dividend_income<2025, (default)> = [0.]
              non_qualified_dividend_income<2025, (default)> = [0.]
            is_tax_unit_dependent<2025, (default)> = [False]
          form_4952_qualified_dividends<2025, (default)> = [0.]
            qualified_dividend_income<2025, (default)> = [0.]
            is_tax_unit_dependent<2025, (default)> = [False]
          form_4952_net_investment_gain<2025, (default)> = [0.]
            long_term_capital_gains<2025, (default)> = [0.]
              long_term_capital_gains_before_response<2025, (default)> = [0.]
              capital_gains_behavioral_response<2025, (default)> = [0.]
            is_tax_unit_dependent<2025, (default)> = [False]
            short_term_capital_gains<2025, (default)> = [0.]
            is_tax_unit_dependent<2025, (default)> = [False]
            form_4952_capital_gain_distributions<2025, (default)> = [0.]
              is_tax_unit_dependent<2025, (default)> = [False]
              non_sch_d_capital_gains<2025, (default)> = [0.]
          form_4952_net_capital_gain<2025, (default)> = [0.]
            form_4952_net_investment_gain<2025, (default)> = [0.]
            long_term_capital_gains<2025, (default)> = [0.]
            is_tax_unit_dependent<2025, (default)> = [False]
            form_4952_capital_gain_distributions<2025, (default)> = [0.]
            short_term_capital_gains<2025, (default)> = [0.]
            is_tax_unit_dependent<2025, (default)> = [False]
          form_4952_elected_investment_income<2025, (default)> = [0.]
            investment_income_elected_form_4952<2025, (default)> = [0.]
            is_tax_unit_dependent<2025, (default)> = [False]
            form_4952_qualified_dividends<2025, (default)> = [0.]
            form_4952_net_capital_gain<2025, (default)> = [0.]
        form_4952_investment_expenses<2025, (default)> = [0.]
.Computation log:
  investment_interest_expense_deduction<2025, (default)> = [10000.]
    form_4952_total_investment_interest_expense<2025, (default)> = [15000.]
      investment_interest_expense<2025, (default)> = [15000.]
      is_tax_unit_dependent<2025, (default)> = [False]
        is_tax_unit_head<2025, (default)> = [ True]
        is_tax_unit_spouse<2025, (default)> = [False]
          is_separated<2025, (default)> = [False]
          is_child<2025, (default)> = [False]
            age<2025, (default)> = [40.]
          is_tax_unit_head<2025, (default)> = [ True]
          age<2025, (default)> = [40.]
      form_4952_disallowed_investment_interest_expense_prior_year<2025, (default)> = [0.]
    form_4952_net_investment_income<2025, (default)> = [10000.]
      form_4952_investment_income<2025, (default)> = [10000.]
        form_4952_gross_investment_income<2025, (default)> = [10000.]
          taxable_interest_income<2025, (default)> = [10000.]
          is_tax_unit_dependent<2025, (default)> = [False]
          ordinary_dividend_income<2025, (default)> = [0.]
            qualified_dividend_income<2025, (default)> = [0.]
            non_qualified_dividend_income<2025, (default)> = [0.]
          is_tax_unit_dependent<2025, (default)> = [False]
        form_4952_qualified_dividends<2025, (default)> = [0.]
          qualified_dividend_income<2025, (default)> = [0.]
          is_tax_unit_dependent<2025, (default)> = [False]
        form_4952_net_investment_gain<2025, (default)> = [0.]
          long_term_capital_gains<2025, (default)> = [0.]
            long_term_capital_gains_before_response<2025, (default)> = [0.]
            capital_gains_behavioral_response<2025, (default)> = [0.]
          is_tax_unit_dependent<2025, (default)> = [False]
          short_term_capital_gains<2025, (default)> = [0.]
          is_tax_unit_dependent<2025, (default)> = [False]
          form_4952_capital_gain_distributions<2025, (default)> = [0.]
            is_tax_unit_dependent<2025, (default)> = [False]
            non_sch_d_capital_gains<2025, (default)> = [0.]
        form_4952_net_capital_gain<2025, (default)> = [0.]
          form_4952_net_investment_gain<2025, (default)> = [0.]
          long_term_capital_gains<2025, (default)> = [0.]
          is_tax_unit_dependent<2025, (default)> = [False]
          form_4952_capital_gain_distributions<2025, (default)> = [0.]
          short_term_capital_gains<2025, (default)> = [0.]
          is_tax_unit_dependent<2025, (default)> = [False]
        form_4952_elected_investment_income<2025, (default)> = [0.]
          investment_income_elected_form_4952<2025, (default)> = [0.]
          is_tax_unit_dependent<2025, (default)> = [False]
          form_4952_qualified_dividends<2025, (default)> = [0.]
          form_4952_net_capital_gain<2025, (default)> = [0.]
      form_4952_investment_expenses<2025, (default)> = [0.]
  interest_deduction<2025, (default)> = [30000.]
    deductible_interest_expense<2025, (default)> = [35000.]
      deductible_mortgage_interest<2025, (default)> = [20000.]
      non_mortgage_interest<2025, (default)> = [15000.]
        investment_interest_expense<2025, (default)> = [15000.]
    investment_interest_expense<2025, (default)> = [15000.]
    investment_interest_expense_deduction<2025, (default)> = [10000.]
  itemized_taxable_income_deductions<2025, (default)> = [30000.]
    total_itemized_taxable_income_deductions<2025, (default)> = [30000.]
      charitable_deduction<2025, (default)> = [0.]
        charitable_cash_donations<2025, (default)> = [0.]
        charitable_non_cash_donations<2025, (default)> = [0.]
        charitable_non_cash_donations_non_50_pct_orgs<2025, (default)> = [0.]
        positive_agi<2025, (default)> = [150000.]
          adjusted_gross_income<2025, (default)> = [150000.]
            irs_gross_income<2025, (default)> = [150000.]
              is_tax_unit_dependent<2025, (default)> = [False]
              irs_employment_income<2025, (default)> = [140000.]
                employment_income<2025, (default)> = [140000.]
                pre_tax_contributions<2025, (default)> = [0.]
                  traditional_401k_contributions<2025, (default)> = [0.]
                    traditional_401k_contributions_desired<2025, (default)> = [0.]
                    elective_deferral_contribution_scale<2025, (default)> = [1.]
                      traditional_401k_contributions_desired<2025, (default)> = [0.]
                      roth_401k_contributions_desired<2025, (default)> = [0.]
                      traditional_403b_contributions_desired<2025, (default)> = [0.]
                      roth_403b_contributions_desired<2025, (default)> = [0.]
                      elective_deferral_limit<2025, (default)> = [23500.]
                        k401_catch_up_limit<2025, (default)> = [0.]
                          k401_catch_up_eligible<2025, (default)> = [False]
                            age<2025, (default)> = [40.]
                  traditional_403b_contributions<2025, (default)> = [0.]
                    traditional_403b_contributions_desired<2025, (default)> = [0.]
                    elective_deferral_contribution_scale<2025, (default)> = [1.]
                  pre_tax_health_insurance_premiums<2025, (default)> = [0.]
                  health_savings_account_payroll_contributions<2025, (default)> = [0.]
              self_employment_income<2025, (default)> = [0.]
                self_employment_income_before_lsr<2025, (default)> = [0.]
                self_employment_income_behavioral_response<2025, (default)> = [0.]
                  labor_supply_behavioral_response<2025, (default)> = [0.]
                  employment_income_behavioral_response<2025, (default)> = [0.]
                    labor_supply_behavioral_response<2025, (default)> = [0.]
                    employment_income_before_lsr<2025, (default)> = [0.]
                    employment_income_before_lsr<2025, (default)> = [0.]
                    self_employment_income_before_lsr<2025, (default)> = [0.]
                    sstb_self_employment_income_before_lsr<2025, (default)> = [0.]
                  self_employment_income_before_lsr<2025, (default)> = [0.]
                  sstb_self_employment_income_before_lsr<2025, (default)> = [0.]
              sstb_self_employment_income<2025, (default)> = [0.]
                sstb_self_employment_income_before_lsr<2025, (default)> = [0.]
                sstb_self_employment_income_behavioral_response<2025, (default)> = [0.]
                  labor_supply_behavioral_response<2025, (default)> = [0.]
                  employment_income_behavioral_response<2025, (default)> = [0.]
                  self_employment_income_before_lsr<2025, (default)> = [0.]
                  sstb_self_employment_income_before_lsr<2025, (default)> = [0.]
              partnership_s_corp_income<2025, (default)> = [0.]
                partnership_income<2025, (default)> = [0.]
                s_corp_income<2025, (default)> = [0.]
              farm_operations_income<2025, (default)> = [0.]
              farm_rent_income<2025, (default)> = [0.]
              other_net_gain_gross_income<2025, (default)> = [0.]
                is_tax_unit_head<2025, (default)> = [ True]
                is_tax_unit_spouse<2025, (default)> = [False]
                other_net_gain<2025, (default)> = [0.]
              capital_gains<2025, (default)> = [0.]
                short_term_capital_gains<2025, (default)> = [0.]
                long_term_capital_gains<2025, (default)> = [0.]
              non_sch_d_capital_gains<2025, (default)> = [0.]
              taxable_interest_income<2025, (default)> = [10000.]
              rental_income<2025, (default)> = [0.]
              dividend_income<2025, (default)> = [0.]
                ordinary_dividend_income<2025, (default)> = [0.]
              taxable_pension_income<2025, (default)> = [0.]
                taxable_public_pension_income<2025, (default)> = [0.]
                taxable_private_pension_income<2025, (default)> = [0.]
              debt_relief<2025, (default)> = [0.]
              estate_income<2025, (default)> = [0.]
              taxable_unemployment_compensation<2025, (default)> = [0.]
                tax_unit_taxable_unemployment_compensation<2025, (default)> = [0.]
                  tax_unit_unemployment_compensation<2025, (default)> = [0.]
                    unemployment_compensation<2025, (default)> = [0.]
                  taxable_uc_agi<2025, (default)> = [150000.]
                    is_tax_unit_dependent<2025, (default)> = [False]
                    irs_employment_income<2025, (default)> = [140000.]
                    self_employment_income<2025, (default)> = [0.]
                    sstb_self_employment_income<2025, (default)> = [0.]
                    partnership_s_corp_income<2025, (default)> = [0.]
                    farm_operations_income<2025, (default)> = [0.]
                    farm_rent_income<2025, (default)> = [0.]
                    other_net_gain_gross_income<2025, (default)> = [0.]
                    capital_gains<2025, (default)> = [0.]
                    non_sch_d_capital_gains<2025, (default)> = [0.]
                    taxable_interest_income<2025, (default)> = [10000.]
                    rental_income<2025, (default)> = [0.]
                    dividend_income<2025, (default)> = [0.]
                    taxable_pension_income<2025, (default)> = [0.]
                    debt_relief<2025, (default)> = [0.]
                    estate_income<2025, (default)> = [0.]
                    taxable_social_security<2025, (default)> = [0.]
                      tax_unit_taxable_social_security<2025, (default)> = [0.]
                        tax_unit_social_security_for_taxability<2025, (default)> = [0.]
                          tax_unit_social_security<2025, (default)> = [0.]
                            social_security<2025, (default)> = [0.]
                              social_security_dependents<2025, (default)> = [0.]
                              social_security_disability<2025, (default)> = [0.]
                              social_security_retirement<2025, (default)> = [0.]
                              social_security_survivors<2025, (default)> = [0.]
                          is_tax_unit_dependent<2025, (default)> = [False]
                          social_security<2025, (default)> = [0.]
                        tax_unit_combined_income_for_social_security_taxability<2025, (default)> = [150000.]
                          tax_unit_social_security_for_taxability<2025, (default)> = [0.]
                          taxable_ss_magi<2025, (default)> = [150000.]
                            is_tax_unit_dependent<2025, (default)> = [False]
                            irs_employment_income<2025, (default)> = [140000.]
                            self_employment_income<2025, (default)> = [0.]
                            sstb_self_employment_income<2025, (default)> = [0.]
                            partnership_s_corp_income<2025, (default)> = [0.]
                            farm_operations_income<2025, (default)> = [0.]
                            farm_rent_income<2025, (default)> = [0.]
                            other_net_gain_gross_income<2025, (default)> = [0.]
                            capital_gains<2025, (default)> = [0.]
                            non_sch_d_capital_gains<2025, (default)> = [0.]
                            taxable_interest_income<2025, (default)> = [10000.]
                            rental_income<2025, (default)> = [0.]
                            dividend_income<2025, (default)> = [0.]
                            taxable_pension_income<2025, (default)> = [0.]
                            debt_relief<2025, (default)> = [0.]
                            estate_income<2025, (default)> = [0.]
                            illicit_income<2025, (default)> = [0.]
                            taxable_retirement_distributions<2025, (default)> = [0.]
                              taxable_ira_distributions<2025, (default)> = [0.]
                              taxable_401k_distributions<2025, (default)> = [0.]
                              taxable_sep_distributions<2025, (default)> = [0.]
                              taxable_403b_distributions<2025, (default)> = [0.]
                              keogh_distributions<2025, (default)> = [0.]
                            taxable_roth_conversions<2025, (default)> = [0.]
                            miscellaneous_income<2025, (default)> = [0.]
                            ak_permanent_fund_dividend<2025, (default)> = [0.]
                              AK<2025, (default)> = [False]
                                state_code_str<2025, (default)> = ['TX']
                                  state_code<2025, (default)> = ['TX']
                            taxable_alimony_income<2025, (default)> = [0.]
                              alimony_income<2025, (default)> = [0.]
                              divorce_year<2025, (default)> = [2010]
                            salt_refund_income<2025, (default)> = [0.]
                            unemployment_compensation<2025, (default)> = [0.]
                            tax_exempt_interest_income<2025, (default)> = [0.]
                            loss_ald<2025, (default)> = [0.]
                              filing_status<2025, (default)> = ['SINGLE']
                                is_tax_unit_head_or_spouse<2025, (default)> = [ True]
                                  is_tax_unit_head<2025, (default)> = [ True]
                                  is_tax_unit_spouse<2025, (default)> = [False]
                                is_separated<2025, (default)> = [False]
                                tax_unit_married<2025, (default)> = [False]
                                  is_tax_unit_spouse<2025, (default)> = [False]
                                surviving_spouse_eligible<2025, (default)> = [False]
                                  is_tax_unit_head<2025, (default)> = [ True]
                                  is_surviving_spouse<2025, (default)> = [False]
                                  tax_unit_child_dependents<2025, (default)> = [0]
                                    is_child_dependent<2025, (default)> = [False]
                                      is_tax_unit_dependent<2025, (default)> = [False]
                                  tax_unit_married<2025, (default)> = [False]
                                head_of_household_eligible<2025, (default)> = [False]
                                  tax_unit_married<2025, (default)> = [False]
                                  is_tax_unit_head_or_spouse<2025, (default)> = [ True]
                                  is_separated<2025, (default)> = [False]
                                  is_qualifying_child_dependent<2025, (default)> = [False]
                                    is_tax_unit_dependent<2025, (default)> = [False]
                                  is_permanently_and_totally_disabled<2025, (default)> = [False]
                                  is_tax_unit_dependent<2025, (default)> = [False]
                                  is_qualifying_relative_dependent<2025, (default)> = [False]
                                    is_tax_unit_dependent<2025, (default)> = [False]
                                    is_qualifying_child_dependent<2025, (default)> = [False]
                                    is_permanently_and_totally_disabled<2025, (default)> = [False]
                                    dependent_gross_income<2025, (default)> = [0.]
                                      irs_employment_income<2025, (default)> = [140000.]
                                      self_employment_income<2025, (default)> = [0.]
                                      sstb_self_employment_income<2025, (default)> = [0.]
                                      partnership_s_corp_income<2025, (default)> = [0.]
                                      farm_operations_income<2025, (default)> = [0.]
                                      farm_rent_income<2025, (default)> = [0.]
                                      other_net_gain_gross_income<2025, (default)> = [0.]
                                      non_sch_d_capital_gains<2025, (default)> = [0.]
                                      taxable_interest_income<2025, (default)> = [10000.]
                                      rental_income<2025, (default)> = [0.]
                                      dividend_income<2025, (default)> = [0.]
                                      taxable_pension_income<2025, (default)> = [0.]
                                      debt_relief<2025, (default)> = [0.]
                                      estate_income<2025, (default)> = [0.]
                                      unemployment_compensation<2025, (default)> = [0.]
                                      illicit_income<2025, (default)> = [0.]
                                      taxable_retirement_distributions<2025, (default)> = [0.]
                                      taxable_roth_conversions<2025, (default)> = [0.]
                                      miscellaneous_income<2025, (default)> = [0.]
                                      ak_permanent_fund_dividend<2025, (default)> = [0.]
                                      taxable_alimony_income<2025, (default)> = [0.]
                                      salt_refund_income<2025, (default)> = [0.]
                                      long_term_capital_gains<2025, (default)> = [0.]
                                      short_term_capital_gains<2025, (default)> = [0.]
                                      capital_gains<2025, (default)> = [0.]
                                      dependent_taxable_social_security<2025, (default)> = [0.]
                                        is_tax_unit_dependent<2025, (default)> = [False]
                                      is_tax_unit_head_or_spouse<2025, (default)> = [ True]
                                  is_related_to_head_or_spouse<2025, (default)> = [ True]
                                  surviving_spouse_eligible<2025, (default)> = [False]
                              is_tax_unit_dependent<2025, (default)> = [False]
                              total_self_employment_income<2025, (default)> = [0.]
                                self_employment_income<2025, (default)> = [0.]
                                sstb_self_employment_income<2025, (default)> = [0.]
                              total_self_employment_income<2025, (default)> = [0.]
                              farm_operations_income<2025, (default)> = [0.]
                              farm_operations_income<2025, (default)> = [0.]
                              rental_income<2025, (default)> = [0.]
                              rental_income<2025, (default)> = [0.]
                              farm_rent_income<2025, (default)> = [0.]
                              farm_rent_income<2025, (default)> = [0.]
                              estate_income<2025, (default)> = [0.]
                              estate_income<2025, (default)> = [0.]
                              partnership_s_corp_income<2025, (default)> = [0.]
                              partnership_s_corp_income<2025, (default)> = [0.]
                              other_net_gain<2025, (default)> = [0.]
                              capital_losses_allowed_against_gains<2025, (default)> = [0.]
                                is_tax_unit_dependent<2025, (default)> = [False]
                                capital_gains<2025, (default)> = [0.]
                                non_sch_d_capital_gains<2025, (default)> = [0.]
                                capital_losses<2025, (default)> = [0.]
                                  capital_gains<2025, (default)> = [0.]
                                is_tax_unit_dependent<2025, (default)> = [False]
                              limited_capital_loss<2025, (default)> = [0.]
                                filing_status<2025, (default)> = ['SINGLE']
                                capital_losses<2025, (default)> = [0.]
                                is_tax_unit_dependent<2025, (default)> = [False]
                                capital_losses_allowed_against_gains<2025, (default)> = [0.]
                            self_employment_tax_ald<2025, (default)> = [0.]
                              self_employment_tax_ald_person<2025, (default)> = [0.]
                                self_employment_tax<2025, (default)> = [0.]
                                  self_employment_social_security_tax<2025, (default)> = [0.]
                                    social_security_taxable_self_employment_income<2025, (default)> = [0.]
                                      taxable_earnings_for_social_security<2025, (default)> = [140000.]
                                        payroll_tax_gross_wages<2025, (default)> = [140000.]
                                          employment_income<2025, (default)> = [140000.]
                                          fica_pre_tax_contributions<2025, (default)> = [0.]
                                            pre_tax_health_insurance_premiums<2025, (default)> = [0.]
                                            health_savings_account_payroll_contributions<2025, (default)> = [0.]
                                      taxable_self_employment_income<2025, (default)> = [0.]
                                        self_employment_income<2025, (default)> = [0.]
                                        sstb_self_employment_income<2025, (default)> = [0.]
                                        farm_operations_income<2025, (default)> = [0.]
                                        partnership_self_employment_net_earnings<2025, (default)> = [0.]
                                  self_employment_medicare_tax<2025, (default)> = [0.]
                                    taxable_self_employment_income<2025, (default)> = [0.]
                              is_tax_unit_dependent<2025, (default)> = [False]
                            early_withdrawal_penalty<2025, (default)> = [0.]
                            is_tax_unit_dependent<2025, (default)> = [False]
                            alimony_expense_ald<2025, (default)> = [0.]
                              alimony_expense_ald_person<2025, (default)> = [0.]
                                divorce_year<2025, (default)> = [2010]
                                alimony_expense<2025, (default)> = [0.]
                              is_tax_unit_dependent<2025, (default)> = [False]
                            educator_expense_ald<2025, (default)> = [0.]
                              educator_expense_ald_person<2025, (default)> = [0.]
                                educator_expense<2025, (default)> = [0.]
                              is_tax_unit_dependent<2025, (default)> = [False]
                            health_savings_account_ald<2025, (default)> = [0.]
                            self_employed_health_insurance_ald<2025, (default)> = [0.]
                              self_employed_health_insurance_ald_person<2025, (default)> = [0.]
                                total_self_employment_income<2025, (default)> = [0.]
                                self_employed_health_insurance_premiums<2025, (default)> = [0.]
                                  is_self_employed<2025, (default)> = [False]
                              is_tax_unit_dependent<2025, (default)> = [False]
                            self_employed_pension_contribution_ald<2025, (default)> = [0.]
                              self_employed_pension_contribution_ald_person<2025, (default)> = [0.]
                                total_self_employment_income<2025, (default)> = [0.]
                                self_employed_pension_contributions<2025, (default)> = [0.]
                                  self_employed_pension_contributions_desired<2025, (default)> = [0.]
                                  self_employed_pension_contribution_limit<2025, (default)> = [0.]
                                    total_self_employment_income<2025, (default)> = [0.]
                              is_tax_unit_dependent<2025, (default)> = [False]
                            traditional_ira_contributions<2025, (default)> = [0.]
                              traditional_ira_contributions_desired<2025, (default)> = [0.]
                              ira_contribution_scale<2025, (default)> = [1.]
                                traditional_ira_contributions_desired<2025, (default)> = [0.]
                                roth_ira_contributions_desired<2025, (default)> = [0.]
                                ira_contribution_limit<2025, (default)> = [7000.]
                                  age<2025, (default)> = [40.]
                            is_tax_unit_dependent<2025, (default)> = [False]
                        filing_status<2025, (default)> = ['SINGLE']
                        cohabitating_spouses<2025, (default)> = [False]
                        tax_unit_ss_combined_income_excess<2025, (default)> = [125000.]
                          tax_unit_combined_income_for_social_security_taxability<2025, (default)> = [150000.]
                          filing_status<2025, (default)> = ['SINGLE']
                          cohabitating_spouses<2025, (default)> = [False]
                      social_security<2025, (default)> = [0.]
                      tax_unit_social_security_for_taxability<2025, (default)> = [0.]
                      is_tax_unit_spouse<2025, (default)> = [False]
                      is_tax_unit_head<2025, (default)> = [ True]
                    illicit_income<2025, (default)> = [0.]
                    taxable_retirement_distributions<2025, (default)> = [0.]
                    taxable_roth_conversions<2025, (default)> = [0.]
                    miscellaneous_income<2025, (default)> = [0.]
                    ak_permanent_fund_dividend<2025, (default)> = [0.]
                    taxable_alimony_income<2025, (default)> = [0.]
                    salt_refund_income<2025, (default)> = [0.]
                    loss_ald<2025, (default)> = [0.]
                    self_employment_tax_ald<2025, (default)> = [0.]
                    student_loan_interest_ald<2025, (default)> = [0.]
                      student_loan_interest_ald_eligible<2025, (default)> = [ True]
                        is_tax_unit_head_or_spouse<2025, (default)> = [ True]
                        filing_status<2025, (default)> = ['SINGLE']
                      student_loan_interest<2025, (default)> = [0.]
                      filing_status<2025, (default)> = ['SINGLE']
                      student_loan_interest_ald_eligible<2025, (default)> = [ True]
                      student_loan_interest_ald_magi<2025, (default)> = [150000.]
                        student_loan_interest_ald_eligible<2025, (default)> = [ True]
                        is_tax_unit_dependent<2025, (default)> = [False]
                        irs_employment_income<2025, (default)> = [140000.]
                        self_employment_income<2025, (default)> = [0.]
                        sstb_self_employment_income<2025, (default)> = [0.]
                        partnership_s_corp_income<2025, (default)> = [0.]
                        farm_operations_income<2025, (default)> = [0.]
                        farm_rent_income<2025, (default)> = [0.]
                        other_net_gain_gross_income<2025, (default)> = [0.]
                        capital_gains<2025, (default)> = [0.]
                        non_sch_d_capital_gains<2025, (default)> = [0.]
                        taxable_interest_income<2025, (default)> = [10000.]
                        rental_income<2025, (default)> = [0.]
                        dividend_income<2025, (default)> = [0.]
                        taxable_pension_income<2025, (default)> = [0.]
                        debt_relief<2025, (default)> = [0.]
                        estate_income<2025, (default)> = [0.]
                        taxable_social_security<2025, (default)> = [0.]
                        illicit_income<2025, (default)> = [0.]
                        taxable_retirement_distributions<2025, (default)> = [0.]
                        taxable_roth_conversions<2025, (default)> = [0.]
                        miscellaneous_income<2025, (default)> = [0.]
                        ak_permanent_fund_dividend<2025, (default)> = [0.]
                        taxable_alimony_income<2025, (default)> = [0.]
                        salt_refund_income<2025, (default)> = [0.]
                        self_employment_tax_ald_person<2025, (default)> = [0.]
                        self_employed_health_insurance_ald_person<2025, (default)> = [0.]
                        self_employed_pension_contribution_ald_person<2025, (default)> = [0.]
                        alimony_expense_ald<2025, (default)> = [0.]
                        early_withdrawal_penalty<2025, (default)> = [0.]
                        is_tax_unit_dependent<2025, (default)> = [False]
                        educator_expense_ald<2025, (default)> = [0.]
                        health_savings_account_ald<2025, (default)> = [0.]
                        loss_ald<2025, (default)> = [0.]
                        qualified_adoption_assistance_expense<2025, (default)> = [0.]
                        specified_possession_income<2025, (default)> = [0.]
                        traditional_ira_contributions<2025, (default)> = [0.]
                        is_tax_unit_dependent<2025, (default)> = [False]
                        us_bonds_for_higher_ed<2025, (default)> = [0.]
                        filing_status<2025, (default)> = ['SINGLE']
                    is_tax_unit_dependent<2025, (default)> = [False]
                    early_withdrawal_penalty<2025, (default)> = [0.]
                    is_tax_unit_dependent<2025, (default)> = [False]
                    alimony_expense_ald<2025, (default)> = [0.]
                    educator_expense_ald<2025, (default)> = [0.]
                    health_savings_account_ald<2025, (default)> = [0.]
                    self_employed_health_insurance_ald<2025, (default)> = [0.]
                    self_employed_pension_contribution_ald<2025, (default)> = [0.]
                    traditional_ira_contributions<2025, (default)> = [0.]
                    is_tax_unit_dependent<2025, (default)> = [False]
                    qualified_adoption_assistance_expense<2025, (default)> = [0.]
                    us_bonds_for_higher_ed<2025, (default)> = [0.]
                    specified_possession_income<2025, (default)> = [0.]
                    puerto_rico_income<2025, (default)> = [0.]
                  filing_status<2025, (default)> = ['SINGLE']
                unemployment_compensation<2025, (default)> = [0.]
              taxable_social_security<2025, (default)> = [0.]
              illicit_income<2025, (default)> = [0.]
              taxable_retirement_distributions<2025, (default)> = [0.]
              taxable_roth_conversions<2025, (default)> = [0.]
              miscellaneous_income<2025, (default)> = [0.]
              ak_permanent_fund_dividend<2025, (default)> = [0.]
              taxable_alimony_income<2025, (default)> = [0.]
              salt_refund_income<2025, (default)> = [0.]
            above_the_line_deductions<2025, (default)> = [0.]
              loss_ald<2025, (default)> = [0.]
              self_employment_tax_ald<2025, (default)> = [0.]
              student_loan_interest_ald<2025, (default)> = [0.]
              is_tax_unit_dependent<2025, (default)> = [False]
              early_withdrawal_penalty<2025, (default)> = [0.]
              is_tax_unit_dependent<2025, (default)> = [False]
              alimony_expense_ald<2025, (default)> = [0.]
              educator_expense_ald<2025, (default)> = [0.]
              health_savings_account_ald<2025, (default)> = [0.]
              self_employed_health_insurance_ald<2025, (default)> = [0.]
              self_employed_pension_contribution_ald<2025, (default)> = [0.]
              traditional_ira_contributions<2025, (default)> = [0.]
              is_tax_unit_dependent<2025, (default)> = [False]
              qualified_adoption_assistance_expense<2025, (default)> = [0.]
              us_bonds_for_higher_ed<2025, (default)> = [0.]
              specified_possession_income<2025, (default)> = [0.]
              puerto_rico_income<2025, (default)> = [0.]
      interest_deduction<2025, (default)> = [30000.]
      salt_deduction<2025, (default)> = [0.]
        salt<2025, (default)> = [0.]
          state_and_local_sales_or_income_tax<2025, (default)> = [0.]
            state_withheld_income_tax<2025, (default)> = [0.]
              al_withheld_income_tax<2025, (default)> = [0.]
                AL<2025, (default)> = [False]
                  state_code_str<2025, (default)> = ['TX']
              ar_withheld_income_tax<2025, (default)> = [0.]
                AR<2025, (default)> = [False]
                  state_code_str<2025, (default)> = ['TX']
              az_withheld_income_tax<2025, (default)> = [0.]
                AZ<2025, (default)> = [False]
                  state_code_str<2025, (default)> = ['TX']
              ca_withheld_income_tax<2025, (default)> = [0.]
                CA<2025, (default)> = [False]
                  state_code_str<2025, (default)> = ['TX']
              co_withheld_income_tax<2025, (default)> = [0.]
                CO<2025, (default)> = [False]
                  state_code_str<2025, (default)> = ['TX']
              ct_withheld_income_tax<2025, (default)> = [0.]
                CT<2025, (default)> = [False]
                  state_code_str<2025, (default)> = ['TX']
              dc_withheld_income_tax<2025, (default)> = [0.]
                DC<2025, (default)> = [False]
                  state_code_str<2025, (default)> = ['TX']
              de_withheld_income_tax<2025, (default)> = [0.]
                DE<2025, (default)> = [False]
                  state_code_str<2025, (default)> = ['TX']
              ga_withheld_income_tax<2025, (default)> = [0.]
                GA<2025, (default)> = [False]
                  state_code_str<2025, (default)> = ['TX']
              hi_withheld_income_tax<2025, (default)> = [0.]
                HI<2025, (default)> = [False]
                  state_code_str<2025, (default)> = ['TX']
              ia_withheld_income_tax<2025, (default)> = [0.]
                IA<2025, (default)> = [False]
                  state_code_str<2025, (default)> = ['TX']
              id_withheld_income_tax<2025, (default)> = [0.]
                ID<2025, (default)> = [False]
                  state_code_str<2025, (default)> = ['TX']
              il_withheld_income_tax<2025, (default)> = [0.]
                IL<2025, (default)> = [False]
                  state_code_str<2025, (default)> = ['TX']
              in_withheld_income_tax<2025, (default)> = [0.]
                IN<2025, (default)> = [False]
                  state_code_str<2025, (default)> = ['TX']
              ks_withheld_income_tax<2025, (default)> = [0.]
                KS<2025, (default)> = [False]
                  state_code_str<2025, (default)> = ['TX']
              ky_withheld_income_tax<2025, (default)> = [0.]
                KY<2025, (default)> = [False]
                  state_code_str<2025, (default)> = ['TX']
              la_withheld_income_tax<2025, (default)> = [0.]
                LA<2025, (default)> = [False]
                  state_code_str<2025, (default)> = ['TX']
              ma_withheld_income_tax<2025, (default)> = [0.]
                MA<2025, (default)> = [False]
                  state_code_str<2025, (default)> = ['TX']
              md_withheld_income_tax<2025, (default)> = [0.]
                MD<2025, (default)> = [False]
                  state_code_str<2025, (default)> = ['TX']
              me_withheld_income_tax<2025, (default)> = [0.]
                ME<2025, (default)> = [False]
                  state_code_str<2025, (default)> = ['TX']
              mi_withheld_income_tax<2025, (default)> = [0.]
                MI<2025, (default)> = [False]
                  state_code_str<2025, (default)> = ['TX']
              mn_withheld_income_tax<2025, (default)> = [0.]
                MN<2025, (default)> = [False]
                  state_code_str<2025, (default)> = ['TX']
              mo_withheld_income_tax<2025, (default)> = [0.]
                MO<2025, (default)> = [False]
                  state_code_str<2025, (default)> = ['TX']
              ms_withheld_income_tax<2025, (default)> = [0.]
                MS<2025, (default)> = [False]
                  state_code_str<2025, (default)> = ['TX']
              mt_withheld_income_tax<2025, (default)> = [0.]
                MT<2025, (default)> = [False]
                  state_code_str<2025, (default)> = ['TX']
              nc_withheld_income_tax<2025, (default)> = [0.]
                NC<2025, (default)> = [False]
                  state_code_str<2025, (default)> = ['TX']
              nd_withheld_income_tax<2025, (default)> = [0.]
                ND<2025, (default)> = [False]
                  state_code_str<2025, (default)> = ['TX']
              ne_withheld_income_tax<2025, (default)> = [0.]
                NE<2025, (default)> = [False]
                  state_code_str<2025, (default)> = ['TX']
              nj_withheld_income_tax<2025, (default)> = [0.]
                NJ<2025, (default)> = [False]
                  state_code_str<2025, (default)> = ['TX']
              nm_withheld_income_tax<2025, (default)> = [0.]
                NM<2025, (default)> = [False]
                  state_code_str<2025, (default)> = ['TX']
              ny_withheld_income_tax<2025, (default)> = [0.]
                NY<2025, (default)> = [False]
                  state_code_str<2025, (default)> = ['TX']
              oh_withheld_income_tax<2025, (default)> = [0.]
                OH<2025, (default)> = [False]
                  state_code_str<2025, (default)> = ['TX']
              ok_withheld_income_tax<2025, (default)> = [0.]
                OK<2025, (default)> = [False]
                  state_code_str<2025, (default)> = ['TX']
              or_withheld_income_tax<2025, (default)> = [0.]
                OR<2025, (default)> = [False]
                  state_code_str<2025, (default)> = ['TX']
              pa_withheld_income_tax<2025, (default)> = [0.]
                PA<2025, (default)> = [False]
                  state_code_str<2025, (default)> = ['TX']
              ri_withheld_income_tax<2025, (default)> = [0.]
                RI<2025, (default)> = [False]
                  state_code_str<2025, (default)> = ['TX']
              sc_withheld_income_tax<2025, (default)> = [0.]
                SC<2025, (default)> = [False]
                  state_code_str<2025, (default)> = ['TX']
              ut_withheld_income_tax<2025, (default)> = [0.]
                UT<2025, (default)> = [False]
                  state_code_str<2025, (default)> = ['TX']
              va_withheld_income_tax<2025, (default)> = [0.]
                VA<2025, (default)> = [False]
                  state_code_str<2025, (default)> = ['TX']
              vt_withheld_income_tax<2025, (default)> = [0.]
                VT<2025, (default)> = [False]
                  state_code_str<2025, (default)> = ['TX']
              wi_withheld_income_tax<2025, (default)> = [0.]
                WI<2025, (default)> = [False]
                  state_code_str<2025, (default)> = ['TX']
              wv_withheld_income_tax<2025, (default)> = [0.]
                WV<2025, (default)> = [False]
                  state_code_str<2025, (default)> = ['TX']
            local_income_tax<2025, (default)> = [0.]
              nyc_income_tax<2025, (default)> = [0.]
                in_nyc<2025, (default)> = [False]
                  county_str<2025, (default)> = ['ANDERSON_COUNTY_TX']
                    county<2025, (default)> = ['ANDERSON_COUNTY_TX']
                      county_fips<2025, (default)> = ['']
                      first_county_in_state<2025, (default)> = ['ANDERSON_COUNTY_TX']
                        state_code_str<2025, (default)> = ['TX']
              in_county_tax<2025, (default)> = [0.]
                IN<2025, (default)> = [False]
              pa_philadelphia_wage_tax<2025, (default)> = [0.]
                pa_philadelphia_wage_tax_taxable_wages<2025, (default)> = [0.]
              mo_kansas_city_earnings_tax<2025, (default)> = [0.]
                mo_kansas_city_earnings_tax_taxable_earnings<2025, (default)> = [0.]
              mo_st_louis_earnings_tax<2025, (default)> = [0.]
                mo_st_louis_earnings_tax_taxable_earnings<2025, (default)> = [0.]
                mo_st_louis_earnings_tax_credit<2025, (default)> = [0.]
              de_wilmington_earned_income_tax<2025, (default)> = [0.]
                DE<2025, (default)> = [False]
            state_sales_tax<2025, (default)> = [0.]
            local_sales_tax<2025, (default)> = [0.]
              state_code_str<2025, (default)> = ['TX']
              state_sales_tax<2025, (default)> = [0.]
          real_estate_taxes<2025, (default)> = [0.]
        adjusted_gross_income<2025, (default)> = [150000.]
        exemptions<2025, (default)> = [0.]
          exemptions_count<2025, (default)> = [1]
            tax_unit_size<2025, (default)> = [1]
          filing_status<2025, (default)> = ['SINGLE']
          adjusted_gross_income<2025, (default)> = [150000.]
        salt_cap<2025, (default)> = [40000.]
          filing_status<2025, (default)> = ['SINGLE']
          adjusted_gross_income<2025, (default)> = [150000.]
      medical_expense_deduction<2025, (default)> = [0.]
        itemized_medical_expenses<2025, (default)> = [0.]
          medical_expense_health_insurance_premiums<2025, (default)> = [0.]
            health_insurance_premiums<2025, (default)> = [0.]
            health_insurance_premiums_without_medicare_part_b<2025, (default)> = [0.]
            medicare_enrolled<2025, (default)> = [False]
              is_medicare_eligible<2025, (default)> = [False]
                age<2025, (default)> = [40.]
                social_security_disability<2025, (default)> = [0.]
                months_receiving_social_security_disability<2025, (default)> = [0]
            medicare_part_b_premium<2025, (default)> = [0.]
              medicare_enrolled<2025, (default)> = [False]
          other_medical_expenses<2025, (default)> = [0.]
        positive_agi<2025, (default)> = [150000.]
      casualty_loss_deduction<2025, (default)> = [0.]
        casualty_loss<2025, (default)> = [0.]
        positive_agi<2025, (default)> = [150000.]
      misc_deduction<2025, (default)> = [0.]
    itemized_taxable_income_deductions_reduction<2025, (default)> = [0.]
  adjusted_gross_income<2025, (default)> = [150000.]
  taxable_income<2025, (default)> = [120000.]
    adjusted_gross_income<2025, (default)> = [150000.]
    exemptions<2025, (default)> = [0.]
    taxable_income_deductions<2025, (default)> = [30000.]
      tax_unit_itemizes<2025, (default)> = [ True]
        standard_deduction<2025, (default)> = [15750.]
          basic_standard_deduction<2025, (default)> = [15750.]
            filing_status<2025, (default)> = ['SINGLE']
            separate_filer_itemizes<2025, (default)> = [False]
            head_is_dependent_elsewhere<2025, (default)> = [False]
              claimed_as_dependent_on_another_return<2025, (default)> = [False]
              is_tax_unit_head<2025, (default)> = [ True]
            tax_unit_earned_income<2025, (default)> = [140000.]
              earned_income<2025, (default)> = [140000.]
                employment_income<2025, (default)> = [140000.]
                self_employment_income<2025, (default)> = [0.]
                sstb_self_employment_income<2025, (default)> = [0.]
              is_tax_unit_dependent<2025, (default)> = [False]
          additional_standard_deduction<2025, (default)> = [0.]
            filing_status<2025, (default)> = ['SINGLE']
            aged_blind_count<2025, (default)> = [0]
              blind_head<2025, (default)> = [False]
                is_blind<2025, (default)> = [False]
                is_tax_unit_head<2025, (default)> = [ True]
              blind_spouse<2025, (default)> = [False]
                is_blind<2025, (default)> = [False]
                is_tax_unit_spouse<2025, (default)> = [False]
              aged_head<2025, (default)> = [False]
                age_head<2025, (default)> = [40]
                  age<2025, (default)> = [40.]
                  is_tax_unit_head<2025, (default)> = [ True]
              aged_spouse<2025, (default)> = [False]
                age_spouse<2025, (default)> = [0]
                  age<2025, (default)> = [40.]
                  is_tax_unit_spouse<2025, (default)> = [False]
          bonus_guaranteed_deduction<2025, (default)> = [0.]
            filing_status<2025, (default)> = ['SINGLE']
            adjusted_gross_income<2025, (default)> = [150000.]
        itemized_taxable_income_deductions<2025, (default)> = [30000.]
        tax_liability_if_itemizing<2025, (default)> = [21647.]
          income_tax<2025, (itemizing)> = [21647.]
            income_tax_before_refundable_credits<2025, (itemizing)> = [21647.]
              income_tax_before_credits<2025, (itemizing)> = [21647.]
                income_tax_main_rates<2025, (itemizing)> = [21647.]
                  taxable_income_plus_section_911_exclusion<2025, (itemizing)> = [120000.]
                    taxable_income<2025, (itemizing)> = [120000.]
                      adjusted_gross_income<2025, (itemizing)> = [150000.]
                      exemptions<2025, (itemizing)> = [0.]
                      taxable_income_deductions<2025, (itemizing)> = [30000.]
                        tax_unit_itemizes<2025, (itemizing)> = [ True]
                        taxable_income_deductions_if_itemizing<2025, (itemizing)> = [30000.]
                          qualified_business_income_deduction<2025, (itemizing)> = [0.]
                            qbid_amount<2025, (itemizing)> = [0.]
                              taxable_income_less_qbid<2025, (itemizing)> = [120000.]
                                adjusted_gross_income<2025, (itemizing)> = [150000.]
                                wagering_losses_deduction<2025, (itemizing)> = [0.]
                                  gambling_losses<2025, (itemizing)> = [0.]
                                  gambling_winnings<2025, (itemizing)> = [0.]
                                itemized_taxable_income_deductions<2025, (itemizing)> = [30000.]
                                tip_income_deduction<2025, (itemizing)> = [0.]
                                  tip_income_deduction_ssn_requirement_met<2025, (itemizing)> = [ True]
                                    ssn_card_type<2025, (itemizing)> = ['CITIZEN']
                                    tax_unit_is_joint<2025, (itemizing)> = [False]
                                      filing_status<2025, (itemizing)> = ['SINGLE']
                                    is_tax_unit_head_or_spouse<2025, (itemizing)> = [ True]
                                  tip_income<2025, (itemizing)> = [0.]
                                  tip_income_deduction_occupation_requirement_met<2025, (itemizing)> = [False]
                                    treasury_tipped_occupation_code<2025, (itemizing)> = [0]
                                    business_is_sstb<2025, (itemizing)> = [False]
                                    sstb_self_employment_income<2025, (itemizing)> = [0.]
                                  adjusted_gross_income<2025, (itemizing)> = [150000.]
                                  filing_status<2025, (itemizing)> = ['SINGLE']
                                overtime_income_deduction<2025, (itemizing)> = [0.]
                                  overtime_income_deduction_ssn_requirement_met<2025, (itemizing)> = [ True]
                                    ssn_card_type<2025, (itemizing)> = ['CITIZEN']
                                    tax_unit_is_joint<2025, (itemizing)> = [False]
                                    is_tax_unit_head_or_spouse<2025, (itemizing)> = [ True]
                                  fsla_overtime_premium<2025, (itemizing)> = [0.]
                                  adjusted_gross_income<2025, (itemizing)> = [150000.]
                                  filing_status<2025, (itemizing)> = ['SINGLE']
                                additional_senior_deduction<2025, (itemizing)> = [0.]
                                  additional_senior_deduction_eligible_person<2025, (itemizing)> = [False]
                                    ssn_card_type<2025, (itemizing)> = ['CITIZEN']
                                    filing_status<2025, (itemizing)> = ['SINGLE']
                                    is_tax_unit_head_or_spouse<2025, (itemizing)> = [ True]
                                    age<2025, (itemizing)> = [40.]
                                  additional_senior_deduction_magi<2025, (itemizing)> = [150000.]
                                    adjusted_gross_income<2025, (itemizing)> = [150000.]
                                    foreign_earned_income_exclusion<2025, (itemizing)> = [0.]
                                    specified_possession_income<2025, (itemizing)> = [0.]
                                    puerto_rico_income<2025, (itemizing)> = [0.]
                                  filing_status<2025, (itemizing)> = ['SINGLE']
                                auto_loan_interest_deduction<2025, (itemizing)> = [0.]
                                  qualified_passenger_vehicle_loan_interest<2025, (itemizing)> = [0.]
                                  filing_status<2025, (itemizing)> = ['SINGLE']
                                  adjusted_gross_income<2025, (itemizing)> = [150000.]
                                charitable_deduction_for_non_itemizers<2025, (itemizing)> = [0.]
                                  charitable_cash_donations<2025, (itemizing)> = [0.]
                                  filing_status<2025, (itemizing)> = ['SINGLE']
                                standard_deduction<2025, (itemizing)> = [15750.]
                                tip_income_deduction<2025, (itemizing)> = [0.]
                                overtime_income_deduction<2025, (itemizing)> = [0.]
                                additional_senior_deduction<2025, (itemizing)> = [0.]
                                auto_loan_interest_deduction<2025, (itemizing)> = [0.]
                                tax_unit_itemizes<2025, (itemizing)> = [ True]
                              filing_status<2025, (itemizing)> = ['SINGLE']
                              w2_wages_from_qualified_business<2025, (itemizing)> = [0.]
                              unadjusted_basis_qualified_property<2025, (itemizing)> = [0.]
                              qualified_business_income<2025, (itemizing)> = [0.]
                                business_is_qualified<2025, (itemizing)> = [ True]
                                self_employment_income<2025, (itemizing)> = [0.]
                                self_employment_income_would_be_qualified<2025, (itemizing)> = [ True]
                                partnership_s_corp_income<2025, (itemizing)> = [0.]
                                partnership_s_corp_income_would_be_qualified<2025, (itemizing)> = [ True]
                                farm_rent_income<2025, (itemizing)> = [0.]
                                farm_rent_income_would_be_qualified<2025, (itemizing)> = [ True]
                                farm_operations_income<2025, (itemizing)> = [0.]
                                farm_operations_income_would_be_qualified<2025, (itemizing)> = [ True]
                                rental_income<2025, (itemizing)> = [0.]
                                rental_income_would_be_qualified<2025, (itemizing)> = [ True]
                                estate_income<2025, (itemizing)> = [0.]
                                estate_income_would_be_qualified<2025, (itemizing)> = [ True]
                                sstb_self_employment_income<2025, (itemizing)> = [0.]
                                sstb_self_employment_income_would_be_qualified<2025, (itemizing)> = [ True]
                                self_employment_tax_ald_person<2025, (itemizing)> = [0.]
                                self_employed_health_insurance_ald_person<2025, (itemizing)> = [0.]
                                self_employed_pension_contribution_ald_person<2025, (itemizing)> = [0.]
                              sstb_qualified_business_income<2025, (itemizing)> = [0.]
                                self_employment_income<2025, (itemizing)> = [0.]
                                self_employment_income_would_be_qualified<2025, (itemizing)> = [ True]
                                partnership_s_corp_income<2025, (itemizing)> = [0.]
                                partnership_s_corp_income_would_be_qualified<2025, (itemizing)> = [ True]
                                farm_rent_income<2025, (itemizing)> = [0.]
                                farm_rent_income_would_be_qualified<2025, (itemizing)> = [ True]
                                farm_operations_income<2025, (itemizing)> = [0.]
                                farm_operations_income_would_be_qualified<2025, (itemizing)> = [ True]
                                rental_income<2025, (itemizing)> = [0.]
                                rental_income_would_be_qualified<2025, (itemizing)> = [ True]
                                estate_income<2025, (itemizing)> = [0.]
                                estate_income_would_be_qualified<2025, (itemizing)> = [ True]
                                sstb_self_employment_income<2025, (itemizing)> = [0.]
                                sstb_self_employment_income_would_be_qualified<2025, (itemizing)> = [ True]
                                self_employment_tax_ald_person<2025, (itemizing)> = [0.]
                                self_employed_health_insurance_ald_person<2025, (itemizing)> = [0.]
                                self_employed_pension_contribution_ald_person<2025, (itemizing)> = [0.]
                              business_is_sstb<2025, (itemizing)> = [False]
                              self_employment_income<2025, (itemizing)> = [0.]
                              self_employment_income_would_be_qualified<2025, (itemizing)> = [ True]
                              partnership_s_corp_income<2025, (itemizing)> = [0.]
                              partnership_s_corp_income_would_be_qualified<2025, (itemizing)> = [ True]
                              farm_rent_income<2025, (itemizing)> = [0.]
                              farm_rent_income_would_be_qualified<2025, (itemizing)> = [ True]
                              farm_operations_income<2025, (itemizing)> = [0.]
                              farm_operations_income_would_be_qualified<2025, (itemizing)> = [ True]
                              rental_income<2025, (itemizing)> = [0.]
                              rental_income_would_be_qualified<2025, (itemizing)> = [ True]
                              estate_income<2025, (itemizing)> = [0.]
                              estate_income_would_be_qualified<2025, (itemizing)> = [ True]
                              sstb_self_employment_income<2025, (itemizing)> = [0.]
                              sstb_self_employment_income_would_be_qualified<2025, (itemizing)> = [ True]
                              sstb_w2_wages_from_qualified_business<2025, (itemizing)> = [0.]
                              sstb_unadjusted_basis_qualified_property<2025, (itemizing)> = [0.]
                              qualified_reit_and_ptp_income<2025, (itemizing)> = [0.]
                            taxable_income_less_qbid<2025, (itemizing)> = [120000.]
                            adjusted_net_capital_gain<2025, (itemizing)> = [0.]
                              net_capital_gain<2025, (itemizing)> = [0.]
                                long_term_capital_gains<2025, (itemizing)> = [0.]
                                is_tax_unit_dependent<2025, (itemizing)> = [False]
                                form_4952_capital_gain_distributions<2025, (itemizing)> = [0.]
                                short_term_capital_gains<2025, (itemizing)> = [0.]
                                is_tax_unit_dependent<2025, (itemizing)> = [False]
                                form_4952_elected_investment_income<2025, (itemizing)> = [0.]
                                form_4952_net_capital_gain<2025, (itemizing)> = [0.]
                                form_4952_qualified_dividends<2025, (itemizing)> = [0.]
                              dividend_income_reduced_by_investment_income<2025, (itemizing)> = [0.]
                                form_4952_qualified_dividends<2025, (itemizing)> = [0.]
                                long_term_capital_gains<2025, (itemizing)> = [0.]
                                is_tax_unit_dependent<2025, (itemizing)> = [False]
                                short_term_capital_gains<2025, (itemizing)> = [0.]
                                is_tax_unit_dependent<2025, (itemizing)> = [False]
                                form_4952_capital_gain_distributions<2025, (itemizing)> = [0.]
                                form_4952_elected_investment_income<2025, (itemizing)> = [0.]
                                form_4952_net_capital_gain<2025, (itemizing)> = [0.]
                              schedule_d_unrecaptured_section_1250_gain<2025, (itemizing)> = [0.]
                                unrecaptured_section_1250_gain<2025, (itemizing)> = [0.]
                                unrecaptured_section_1250_gain_before_losses<2025, (itemizing)> = [0.]
                                capital_gains_28_percent_rate_gain<2025, (itemizing)> = [0.]
                                  long_term_capital_gains_on_collectibles<2025, (itemizing)> = [0.]
                                  long_term_capital_gains_on_small_business_stock<2025, (itemizing)> = [0.]
                                  collectibles_gain_or_loss<2025, (itemizing)> = [0.]
                                  section_1202_gain<2025, (itemizing)> = [0.]
                                  short_term_capital_gains<2025, (itemizing)> = [0.]
                                  long_term_capital_loss_carryover<2025, (itemizing)> = [0.]
                                collectibles_gain_or_loss<2025, (itemizing)> = [0.]
                                section_1202_gain<2025, (itemizing)> = [0.]
                                short_term_capital_gains<2025, (itemizing)> = [0.]
                                long_term_capital_loss_carryover<2025, (itemizing)> = [0.]
                              capital_gains_28_percent_rate_gain<2025, (itemizing)> = [0.]
                          wagering_losses_deduction<2025, (itemizing)> = [0.]
                          itemized_taxable_income_deductions<2025, (itemizing)> = [30000.]
                          tip_income_deduction<2025, (itemizing)> = [0.]
                          overtime_income_deduction<2025, (itemizing)> = [0.]
                          additional_senior_deduction<2025, (itemizing)> = [0.]
                          auto_loan_interest_deduction<2025, (itemizing)> = [0.]
                        taxable_income_deductions_if_not_itemizing<2025, (itemizing)> = [15750.]
                          charitable_deduction_for_non_itemizers<2025, (itemizing)> = [0.]
                          standard_deduction<2025, (itemizing)> = [15750.]
                          qualified_business_income_deduction<2025, (itemizing)> = [0.]
                          tip_income_deduction<2025, (itemizing)> = [0.]
                          overtime_income_deduction<2025, (itemizing)> = [0.]
                          additional_senior_deduction<2025, (itemizing)> = [0.]
                          auto_loan_interest_deduction<2025, (itemizing)> = [0.]
                    foreign_earned_income_exclusion<2025, (itemizing)> = [0.]
                  capital_gains_excluded_from_taxable_income<2025, (itemizing)> = [0.]
                    section_911_net_capital_gain<2025, (itemizing)> = [0.]
                      net_capital_gain<2025, (itemizing)> = [0.]
                      section_911_capital_gain_excess<2025, (itemizing)> = [0.]
                        foreign_earned_income_exclusion<2025, (itemizing)> = [0.]
                        net_capital_gain<2025, (itemizing)> = [0.]
                        taxable_income<2025, (itemizing)> = [120000.]
                    section_911_adjusted_net_capital_gain<2025, (itemizing)> = [0.]
                      section_911_capital_gain_excess<2025, (itemizing)> = [0.]
                      net_capital_gain<2025, (itemizing)> = [0.]
                      dividend_income_reduced_by_investment_income<2025, (itemizing)> = [0.]
                      section_911_capital_gain_excess<2025, (itemizing)> = [0.]
                      section_911_qualified_dividend_income<2025, (itemizing)> = [0.]
                        net_capital_gain<2025, (itemizing)> = [0.]
                        dividend_income_reduced_by_investment_income<2025, (itemizing)> = [0.]
                        section_911_capital_gain_excess<2025, (itemizing)> = [0.]
                      section_911_unrecaptured_section_1250_gain<2025, (itemizing)> = [0.]
                        schedule_d_unrecaptured_section_1250_gain<2025, (itemizing)> = [0.]
                        capital_gains_28_percent_rate_gain<2025, (itemizing)> = [0.]
                        section_911_capital_gain_excess<2025, (itemizing)> = [0.]
                      section_911_28_percent_rate_gain<2025, (itemizing)> = [0.]
                        capital_gains_28_percent_rate_gain<2025, (itemizing)> = [0.]
                        section_911_capital_gain_excess<2025, (itemizing)> = [0.]
                      adjusted_net_capital_gain<2025, (itemizing)> = [0.]
                    taxable_income_plus_section_911_exclusion<2025, (itemizing)> = [120000.]
                    taxable_income_taxed_below_25_percent<2025, (itemizing)> = [120000.]
                      taxable_income_plus_section_911_exclusion<2025, (itemizing)> = [120000.]
                      filing_status<2025, (itemizing)> = ['SINGLE']
                  filing_status<2025, (itemizing)> = ['SINGLE']
                  foreign_earned_income_exclusion<2025, (itemizing)> = [0.]
                capital_gains_tax<2025, (itemizing)> = [0.]
                  section_911_net_capital_gain<2025, (itemizing)> = [0.]
                  taxable_income_plus_section_911_exclusion<2025, (itemizing)> = [120000.]
                  section_911_adjusted_net_capital_gain<2025, (itemizing)> = [0.]
                  capital_gains_excluded_from_taxable_income<2025, (itemizing)> = [0.]
                  filing_status<2025, (itemizing)> = ['SINGLE']
                  section_911_unrecaptured_section_1250_gain<2025, (itemizing)> = [0.]
                  net_capital_gain<2025, (itemizing)> = [0.]
                  dividend_income_reduced_by_investment_income<2025, (itemizing)> = [0.]
                  section_911_capital_gain_excess<2025, (itemizing)> = [0.]
                  section_911_28_percent_rate_gain<2025, (itemizing)> = [0.]
                  tax_on_taxable_income_at_main_rates<2025, (itemizing)> = [21647.]
                    taxable_income_plus_section_911_exclusion<2025, (itemizing)> = [120000.]
                    filing_status<2025, (itemizing)> = ['SINGLE']
                    foreign_earned_income_exclusion<2025, (itemizing)> = [0.]
                  income_tax_main_rates<2025, (itemizing)> = [21647.]
                alternative_minimum_tax<2025, (itemizing)> = [0.]
                  amt_base_tax<2025, (itemizing)> = [8294.]
                    amt_lower_base_tax<2025, (itemizing)> = [8294.]
                      filing_status<2025, (itemizing)> = ['SINGLE']
                      amt_income_less_exemptions_plus_section_911_exclusion<2025, (itemizing)> = [31900.]
                        amt_income_less_exemptions<2025, (itemizing)> = [31900.]
                          amt_income<2025, (itemizing)> = [120000.]
                            taxable_income<2025, (itemizing)> = [120000.]
                            amt_excluded_deductions<2025, (itemizing)> = [0.]
                              tax_unit_itemizes<2025, (itemizing)> = [ True]
                              standard_deduction<2025, (itemizing)> = [15750.]
                              salt_deduction<2025, (itemizing)> = [0.]
                              misc_deduction<2025, (itemizing)> = [0.]
                            amt_separate_addition<2025, (itemizing)> = [0.]
                              taxable_income<2025, (itemizing)> = [120000.]
                              amt_excluded_deductions<2025, (itemizing)> = [0.]
                              filing_status<2025, (itemizing)> = ['SINGLE']
                            exemptions<2025, (itemizing)> = [0.]
                          taxable_income<2025, (itemizing)> = [120000.]
                          amt_kiddie_tax_applies<2025, (itemizing)> = [False]
                            is_full_time_student<2025, (itemizing)> = [False]
                              is_full_time_college_student<2025, (itemizing)> = [False]
                              is_in_k12_school<2025, (itemizing)> = [False]
                                age<2025, (itemizing)> = [40.]
                            is_tax_unit_head<2025, (itemizing)> = [ True]
                            is_tax_unit_spouse<2025, (itemizing)> = [False]
                            age_head<2025, (itemizing)> = [40]
                            age_spouse<2025, (itemizing)> = [0]
                          amt_exemption<2025, (itemizing)> = [88100.]
                            filing_status<2025, (itemizing)> = ['SINGLE']
                            amt_income<2025, (itemizing)> = [120000.]
                            amt_kiddie_tax_applies<2025, (itemizing)> = [False]
                            filer_adjusted_earnings<2025, (itemizing)> = [140000.]
                              adjusted_earnings<2025, (itemizing)> = [140000.]
                                self_employment_tax<2025, (itemizing)> = [0.]
                                earned_income<2025, (itemizing)> = [140000.]
                              is_tax_unit_dependent<2025, (itemizing)> = [False]
                        foreign_earned_income_exclusion<2025, (itemizing)> = [0.]
                    amt_higher_base_tax<2025, (itemizing)> = [0.]
                      filing_status<2025, (itemizing)> = ['SINGLE']
                      amt_income_less_exemptions_plus_section_911_exclusion<2025, (itemizing)> = [31900.]
                  amt_part_iii_required<2025, (itemizing)> = [False]
                    dwks10<2025, (itemizing)> = [0.]
                      dividend_income_reduced_by_investment_income<2025, (itemizing)> = [0.]
                      dwks09<2025, (itemizing)> = [0.]
                        long_term_capital_gains<2025, (itemizing)> = [0.]
                        is_tax_unit_dependent<2025, (itemizing)> = [False]
                        short_term_capital_gains<2025, (itemizing)> = [0.]
                        is_tax_unit_dependent<2025, (itemizing)> = [False]
                        form_4952_capital_gain_distributions<2025, (itemizing)> = [0.]
                        form_4952_elected_investment_income<2025, (itemizing)> = [0.]
                        form_4952_net_capital_gain<2025, (itemizing)> = [0.]
                    dwks13<2025, (itemizing)> = [0.]
                      capital_gains_28_percent_rate_gain<2025, (itemizing)> = [0.]
                      schedule_d_unrecaptured_section_1250_gain<2025, (itemizing)> = [0.]
                      dwks09<2025, (itemizing)> = [0.]
                      dwks10<2025, (itemizing)> = [0.]
                      has_qdiv_or_ltcg<2025, (itemizing)> = [False]
                        qualified_dividend_income<2025, (itemizing)> = [0.]
                        is_tax_unit_dependent<2025, (itemizing)> = [False]
                        non_sch_d_capital_gains<2025, (itemizing)> = [0.]
                        long_term_capital_gains<2025, (itemizing)> = [0.]
                        is_tax_unit_dependent<2025, (itemizing)> = [False]
                        short_term_capital_gains<2025, (itemizing)> = [0.]
                        is_tax_unit_dependent<2025, (itemizing)> = [False]
                    dwks14<2025, (itemizing)> = [0.]
                      taxable_income_plus_section_911_exclusion<2025, (itemizing)> = [120000.]
                      taxable_income<2025, (itemizing)> = [120000.]
                      dwks09<2025, (itemizing)> = [0.]
                      dwks10<2025, (itemizing)> = [0.]
                      dwks13<2025, (itemizing)> = [0.]
                      foreign_earned_income_exclusion<2025, (itemizing)> = [0.]
                      schedule_d_unrecaptured_section_1250_gain<2025, (itemizing)> = [0.]
                      capital_gains_28_percent_rate_gain<2025, (itemizing)> = [0.]
                      dividend_income_reduced_by_investment_income<2025, (itemizing)> = [0.]
                      has_qdiv_or_ltcg<2025, (itemizing)> = [False]
                      has_qdiv_or_ltcg<2025, (itemizing)> = [False]
                    dwks19<2025, (itemizing)> = [0.]
                      dwks14<2025, (itemizing)> = [0.]
                      taxable_income_plus_section_911_exclusion<2025, (itemizing)> = [120000.]
                      taxable_income<2025, (itemizing)> = [120000.]
                      dwks09<2025, (itemizing)> = [0.]
                      dwks10<2025, (itemizing)> = [0.]
                      dwks13<2025, (itemizing)> = [0.]
                      foreign_earned_income_exclusion<2025, (itemizing)> = [0.]
                      schedule_d_unrecaptured_section_1250_gain<2025, (itemizing)> = [0.]
                      capital_gains_28_percent_rate_gain<2025, (itemizing)> = [0.]
                      dividend_income_reduced_by_investment_income<2025, (itemizing)> = [0.]
                      has_qdiv_or_ltcg<2025, (itemizing)> = [False]
                      taxable_income_taxed_below_25_percent<2025, (itemizing)> = [120000.]
                      has_qdiv_or_ltcg<2025, (itemizing)> = [False]
                    schedule_d_unrecaptured_section_1250_gain<2025, (itemizing)> = [0.]
                  amt_tax_including_cg<2025, (itemizing)> = [8294.]
                    amt_income_less_exemptions_plus_section_911_exclusion<2025, (itemizing)> = [31900.]
                    amt_income_less_exemptions<2025, (itemizing)> = [31900.]
                    dwks09<2025, (itemizing)> = [0.]
                    dwks10<2025, (itemizing)> = [0.]
                    dwks13<2025, (itemizing)> = [0.]
                    foreign_earned_income_exclusion<2025, (itemizing)> = [0.]
                    schedule_d_unrecaptured_section_1250_gain<2025, (itemizing)> = [0.]
                    capital_gains_28_percent_rate_gain<2025, (itemizing)> = [0.]
                    dividend_income_reduced_by_investment_income<2025, (itemizing)> = [0.]
                    has_qdiv_or_ltcg<2025, (itemizing)> = [False]
                    filing_status<2025, (itemizing)> = ['SINGLE']
                    dwks14<2025, (itemizing)> = [0.]
                    dwks19<2025, (itemizing)> = [0.]
                  filing_status<2025, (itemizing)> = ['SINGLE']
                  amt_income_less_exemptions<2025, (itemizing)> = [31900.]
                  foreign_earned_income_exclusion<2025, (itemizing)> = [0.]
                  foreign_tax_credit_potential<2025, (itemizing)> = [0.]
                  regular_tax_before_credits<2025, (itemizing)> = [21647.]
                    income_tax_main_rates<2025, (itemizing)> = [21647.]
                    capital_gains_tax<2025, (itemizing)> = [0.]
                  form_4972_lumpsum_distributions<2025, (itemizing)> = [0.]
              net_investment_income_tax<2025, (itemizing)> = [0.]
                filing_status<2025, (itemizing)> = ['SINGLE']
                niit_magi<2025, (itemizing)> = [150000.]
                  is_tax_unit_dependent<2025, (itemizing)> = [False]
                  estate_income_niit_magi_adjustment<2025, (itemizing)> = [0.]
                    estate_income_net_investment_income_adjustment<2025, (itemizing)> = [0.]
                  niit_magi_section_911_addition<2025, (itemizing)> = [0.]
                    foreign_earned_income_exclusion<2025, (itemizing)> = [0.]
                  adjusted_gross_income<2025, (itemizing)> = [150000.]
                net_investment_income<2025, (itemizing)> = [10000.]
                  taxable_interest_income<2025, (itemizing)> = [10000.]
                  is_tax_unit_dependent<2025, (itemizing)> = [False]
                  dividend_income<2025, (itemizing)> = [0.]
                  is_tax_unit_dependent<2025, (itemizing)> = [False]
                  rental_income<2025, (itemizing)> = [0.]
                  is_tax_unit_dependent<2025, (itemizing)> = [False]
                  passive_partnership_s_corp_income<2025, (itemizing)> = [0.]
                  is_tax_unit_dependent<2025, (itemizing)> = [False]
                  estate_net_investment_income<2025, (itemizing)> = [0.]
                    estate_income<2025, (itemizing)> = [0.]
                    estate_income_net_investment_income_adjustment<2025, (itemizing)> = [0.]
                    is_tax_unit_dependent<2025, (itemizing)> = [False]
                  is_tax_unit_dependent<2025, (itemizing)> = [False]
                  filer_loss_limited_net_capital_gains<2025, (itemizing)> = [0.]
                    filing_status<2025, (itemizing)> = ['SINGLE']
                    long_term_capital_gains<2025, (itemizing)> = [0.]
                    is_tax_unit_dependent<2025, (itemizing)> = [False]
                    short_term_capital_gains<2025, (itemizing)> = [0.]
                    is_tax_unit_dependent<2025, (itemizing)> = [False]
                    is_tax_unit_dependent<2025, (itemizing)> = [False]
                    non_sch_d_capital_gains<2025, (itemizing)> = [0.]
              recapture_of_investment_credit<2025, (itemizing)> = [0.]
              unreported_payroll_tax<2025, (itemizing)> = [0.]
              qualified_retirement_penalty<2025, (itemizing)> = [0.]
              income_tax_capped_non_refundable_credits<2025, (itemizing)> = [0.]
                income_tax_non_refundable_credits<2025, (itemizing)> = [0.]
                  foreign_tax_credit<2025, (itemizing)> = [0.]
                    foreign_tax_credit_potential<2025, (itemizing)> = [0.]
                    foreign_tax_credit_credit_limit<2025, (itemizing)> = [21647.]
                      income_tax_before_credits<2025, (itemizing)> = [21647.]
                  cdcc<2025, (itemizing)> = [0.]
                    cdcc_credit_limit<2025, (itemizing)> = [21647.]
                      income_tax_before_credits<2025, (itemizing)> = [21647.]
                      foreign_tax_credit<2025, (itemizing)> = [0.]
                    cdcc_potential<2025, (itemizing)> = [0.]
                      cdcc_relevant_expenses<2025, (itemizing)> = [0.]
                        tax_unit_childcare_expenses<2025, (itemizing)> = [0.]
                          childcare_expenses<2025, (itemizing)> = [0.]
                            pre_subsidy_childcare_expenses<2025, (itemizing)> = [0.]
                              spm_unit_pre_subsidy_childcare_expenses<2025, (itemizing)> = [0.]
                              is_child<2025, (itemizing)> = [False]
                              is_child<2025, (itemizing)> = [False]
                            child_care_subsidies<2025, (itemizing)> = [0.]
                              ak_child_care_subsidies<2025, (itemizing)> = [0.]
                                AK<2025, (itemizing)> = [False]
                              ar_child_care_subsidies<2025, (itemizing)> = [0.]
                                AR<2025, (itemizing)> = [False]
                              al_child_care_subsidies<2025, (itemizing)> = [0.]
                                AL<2025, (itemizing)> = [False]
                              az_child_care_subsidies<2025, (itemizing)> = [0.]
                                AZ<2025, (itemizing)> = [False]
                              ca_child_care_subsidies<2025, (itemizing)> = [0.]
                                ca_child_care_subsidies<2025-01, (itemizing)> = [0.]
                                  CA<2025-01, (itemizing)> = [False]
                                ca_child_care_subsidies<2025-02, (itemizing)> = [0.]
                                  CA<2025-02, (itemizing)> = [False]
                                ca_child_care_subsidies<2025-03, (itemizing)> = [0.]
                                  CA<2025-03, (itemizing)> = [False]
                                ca_child_care_subsidies<2025-04, (itemizing)> = [0.]
                                  CA<2025-04, (itemizing)> = [False]
                                ca_child_care_subsidies<2025-05, (itemizing)> = [0.]
                                  CA<2025-05, (itemizing)> = [False]
                                ca_child_care_subsidies<2025-06, (itemizing)> = [0.]
                                  CA<2025-06, (itemizing)> = [False]
                                ca_child_care_subsidies<2025-07, (itemizing)> = [0.]
                                  CA<2025-07, (itemizing)> = [False]
                                ca_child_care_subsidies<2025-08, (itemizing)> = [0.]
                                  CA<2025-08, (itemizing)> = [False]
                                ca_child_care_subsidies<2025-09, (itemizing)> = [0.]
                                  CA<2025-09, (itemizing)> = [False]
                                ca_child_care_subsidies<2025-10, (itemizing)> = [0.]
                                  CA<2025-10, (itemizing)> = [False]
                                ca_child_care_subsidies<2025-11, (itemizing)> = [0.]
                                  CA<2025-11, (itemizing)> = [False]
                                ca_child_care_subsidies<2025-12, (itemizing)> = [0.]
                                  CA<2025-12, (itemizing)> = [False]
                              co_child_care_subsidies<2025, (itemizing)> = [0.]
                                CO<2025, (itemizing)> = [False]
                              ct_child_care_subsidies<2025, (itemizing)> = [0.]
                                CT<2025, (itemizing)> = [False]
                              de_child_care_subsidies<2025, (itemizing)> = [0.]
                                DE<2025, (itemizing)> = [False]
                              fl_child_care_subsidies<2025, (itemizing)> = [0.]
                                FL<2025, (itemizing)> = [False]
                                  state_code_str<2025, (itemizing)> = ['TX']
                              ga_child_care_subsidies<2025, (itemizing)> = [0.]
                                GA<2025, (itemizing)> = [False]
                              hi_child_care_subsidies<2025, (itemizing)> = [0.]
                                HI<2025, (itemizing)> = [False]
                              ia_child_care_subsidies<2025, (itemizing)> = [0.]
                                IA<2025, (itemizing)> = [False]
                              id_child_care_subsidies<2025, (itemizing)> = [0.]
                                ID<2025, (itemizing)> = [False]
                              il_child_care_subsidies<2025, (itemizing)> = [0.]
                                IL<2025, (itemizing)> = [False]
                              in_child_care_subsidies<2025, (itemizing)> = [0.]
                                IN<2025, (itemizing)> = [False]
                              ks_child_care_subsidies<2025, (itemizing)> = [0.]
                                KS<2025, (itemizing)> = [False]
                              ky_child_care_subsidies<2025, (itemizing)> = [0.]
                                KY<2025, (itemizing)> = [False]
                              la_child_care_subsidies<2025, (itemizing)> = [0.]
                                LA<2025, (itemizing)> = [False]
                              ma_child_care_subsidies<2025, (itemizing)> = [0.]
                                MA<2025, (itemizing)> = [False]
                              md_child_care_subsidies<2025, (itemizing)> = [0.]
                                MD<2025, (itemizing)> = [False]
                              me_child_care_subsidies<2025, (itemizing)> = [0.]
                                ME<2025, (itemizing)> = [False]
                              mi_child_care_subsidies<2025, (itemizing)> = [0.]
                                MI<2025, (itemizing)> = [False]
                              mn_child_care_subsidies<2025, (itemizing)> = [0.]
                                MN<2025, (itemizing)> = [False]
                              mo_child_care_subsidies<2025, (itemizing)> = [0.]
                                MO<2025, (itemizing)> = [False]
                              ms_child_care_subsidies<2025, (itemizing)> = [0.]
                                MS<2025, (itemizing)> = [False]
                              mt_child_care_subsidies<2025, (itemizing)> = [0.]
                                MT<2025, (itemizing)> = [False]
                              ne_child_care_subsidies<2025, (itemizing)> = [0.]
                                NE<2025, (itemizing)> = [False]
                              nm_child_care_subsidies<2025, (itemizing)> = [0.]
                                NM<2025, (itemizing)> = [False]
                              vt_child_care_subsidies<2025, (itemizing)> = [0.]
                                VT<2025, (itemizing)> = [False]
                              nh_child_care_subsidies<2025, (itemizing)> = [0.]
                                NH<2025, (itemizing)> = [False]
                                  state_code_str<2025, (itemizing)> = ['TX']
                              pa_child_care_subsidies<2025, (itemizing)> = [0.]
                                PA<2025, (itemizing)> = [False]
                              nj_child_care_subsidies<2025, (itemizing)> = [0.]
                                NJ<2025, (itemizing)> = [False]
                              oh_child_care_subsidies<2025, (itemizing)> = [0.]
                                OH<2025, (itemizing)> = [False]
                              nv_child_care_subsidies<2025, (itemizing)> = [0.]
                                NV<2025, (itemizing)> = [False]
                                  state_code_str<2025, (itemizing)> = ['TX']
                              or_child_care_subsidies<2025, (itemizing)> = [0.]
                                OR<2025, (itemizing)> = [False]
                              ri_child_care_subsidies<2025, (itemizing)> = [0.]
                                RI<2025, (itemizing)> = [False]
                              sc_child_care_subsidies<2025, (itemizing)> = [0.]
                                SC<2025, (itemizing)> = [False]
                              ut_child_care_subsidies<2025, (itemizing)> = [0.]
                                UT<2025, (itemizing)> = [False]
                              va_child_care_subsidies<2025, (itemizing)> = [0.]
                                VA<2025, (itemizing)> = [False]
                              wa_child_care_subsidies<2025, (itemizing)> = [0.]
                                WA<2025, (itemizing)> = [False]
                                  state_code_str<2025, (itemizing)> = ['TX']
                              wi_child_care_subsidies<2025, (itemizing)> = [0.]
                                WI<2025, (itemizing)> = [False]
                              wv_child_care_subsidies<2025, (itemizing)> = [0.]
                                WV<2025, (itemizing)> = [False]
                              nd_child_care_subsidies<2025, (itemizing)> = [0.]
                                ND<2025, (itemizing)> = [False]
                              ok_child_care_subsidies<2025, (itemizing)> = [0.]
                                OK<2025, (itemizing)> = [False]
                              sd_child_care_subsidies<2025, (itemizing)> = [0.]
                                SD<2025, (itemizing)> = [False]
                                  state_code_str<2025, (itemizing)> = ['TX']
                              nc_child_care_subsidies<2025, (itemizing)> = [0.]
                                NC<2025, (itemizing)> = [False]
                              dc_child_care_subsidies<2025, (itemizing)> = [0.]
                                DC<2025, (itemizing)> = [False]
                              tn_child_care_subsidies<2025, (itemizing)> = [0.]
                                TN<2025, (itemizing)> = [False]
                                  state_code_str<2025, (itemizing)> = ['TX']
                              wy_child_care_subsidies<2025, (itemizing)> = [0.]
                                WY<2025, (itemizing)> = [False]
                                  state_code_str<2025, (itemizing)> = ['TX']
                              tx_child_care_subsidies<2025, (itemizing)> = [0.]
                                TX<2025, (itemizing)> = [ True]
                                  state_code_str<2025, (itemizing)> = ['TX']
                                tx_ccs<2025, (itemizing)> = [0.]
                                  tx_ccs<2025-01, (itemizing)> = [0.]
                                    tx_ccs_eligible<2025-01, (itemizing)> = [False]
                                      TX<2025-01, (itemizing)> = [ True]
                                      tx_ccs_income_eligible<2025-01, (itemizing)> = [False]
                                        TX<2025-01, (itemizing)> = [ True]
                                        tx_ccs_countable_income<2025-01, (itemizing)> = [12500.]
                                          TX<2025-01, (itemizing)> = [ True]
                                          employment_income<2025-01, (itemizing)> = [11666.667]
                                            employment_income<2025, (itemizing)> = [140000.]
                                          self_employment_income<2025-01, (itemizing)> = [0.]
                                            self_employment_income<2025, (itemizing)> = [0.]
                                          sstb_self_employment_income<2025-01, (itemizing)> = [0.]
                                            sstb_self_employment_income<2025, (itemizing)> = [0.]
                                          dividend_income<2025-01, (itemizing)> = [0.]
                                            dividend_income<2025, (itemizing)> = [0.]
                                          interest_income<2025-01, (itemizing)> = [833.3333]
                                            interest_income<2025, (itemizing)> = [10000.]
                                              tax_exempt_interest_income<2025, (itemizing)> = [0.]
                                              taxable_interest_income<2025, (itemizing)> = [10000.]
                                          rental_income<2025-01, (itemizing)> = [0.]
                                            rental_income<2025, (itemizing)> = [0.]
                                          pension_income<2025-01, (itemizing)> = [0.]
                                            pension_income<2025, (itemizing)> = [0.]
                                              tax_exempt_pension_income<2025, (itemizing)> = [0.]
                                                tax_exempt_public_pension_income<2025, (itemizing)> = [0.]
                                                tax_exempt_private_pension_income<2025, (itemizing)> = [0.]
                                              taxable_pension_income<2025, (itemizing)> = [0.]
                                          alimony_income<2025-01, (itemizing)> = [0.]
                                            alimony_income<2025, (itemizing)> = [0.]
                                        hhs_smi<2025-01, (itemizing)> = [4472.5635]
                                          hhs_smi<2025, (itemizing)> = [53670.76]
                                            spm_unit_size<2025, (itemizing)> = [1]
                                            state_code_str<2025, (itemizing)> = ['TX']
                                      tx_ccs_asset_eligible<2025-01, (itemizing)> = [ True]
                                        TX<2025-01, (itemizing)> = [ True]
                                        spm_unit_assets<2025, (itemizing)> = [0.]
                                      tx_ccs_work_requirement_eligible<2025-01, (itemizing)> = [False]
                                        TX<2025-01, (itemizing)> = [ True]
                                        is_tax_unit_head_or_spouse<2025-01, (itemizing)> = [ True]
                                        tx_ccs_work_exempt<2025-01, (itemizing)> = [False]
                                          TX<2025, (itemizing)> = [ True]
                                          is_full_time_student<2025, (itemizing)> = [False]
                                          is_disabled<2025, (itemizing)> = [False]
                                        weekly_hours_worked<2025, (itemizing)> = [0.]
                                          weekly_hours_worked_before_lsr<2025, (itemizing)> = [0.]
                                          weekly_hours_worked_behavioural_response<2025, (itemizing)> = [0.]
                                            weekly_hours_worked_behavioural_response_income_elasticity<2025, (itemizing)> = [0.]
                                              weekly_hours_worked_before_lsr<2025, (itemizing)> = [0.]
                                              labor_supply_behavioral_response<2025, (itemizing)> = [0.]
                                              employment_income_before_lsr<2025, (itemizing)> = [0.]
                                              self_employment_income_before_lsr<2025, (itemizing)> = [0.]
                                              sstb_self_employment_income_before_lsr<2025, (itemizing)> = [0.]
                                            weekly_hours_worked_behavioural_response_substitution_elasticity<2025, (itemizing)> = [0.]
                                              weekly_hours_worked_before_lsr<2025, (itemizing)> = [0.]
                                              labor_supply_behavioral_response<2025, (itemizing)> = [0.]
                                              employment_income_before_lsr<2025, (itemizing)> = [0.]
                                              self_employment_income_before_lsr<2025, (itemizing)> = [0.]
                                              sstb_self_employment_income_before_lsr<2025, (itemizing)> = [0.]
                                      tx_ccs_eligible_child<2025-01, (itemizing)> = [False]
                                        TX<2025-01, (itemizing)> = [ True]
                                        age<2025, (itemizing)> = [40.]
                                        is_disabled<2025-01, (itemizing)> = [False]
                                        is_tax_unit_dependent<2025-01, (itemizing)> = [False]
                                        is_citizen_or_legal_immigrant<2025, (itemizing)> = [ True]
                                          immigration_status<2025, (itemizing)> = ['CITIZEN']
                                            immigration_status_str<2025, (itemizing)> = ['CITIZEN']
                                  tx_ccs<2025-02, (itemizing)> = [0.]
                                    tx_ccs_eligible<2025-02, (itemizing)> = [False]
                                      TX<2025-02, (itemizing)> = [ True]
                                      tx_ccs_income_eligible<2025-02, (itemizing)> = [False]
                                        TX<2025-02, (itemizing)> = [ True]
                                        tx_ccs_countable_income<2025-02, (itemizing)> = [12500.]
                                          TX<2025-02, (itemizing)> = [ True]
                                          employment_income<2025-02, (itemizing)> = [11666.667]
                                            employment_income<2025, (itemizing)> = [140000.]
                                          self_employment_income<2025-02, (itemizing)> = [0.]
                                            self_employment_income<2025, (itemizing)> = [0.]
                                          sstb_self_employment_income<2025-02, (itemizing)> = [0.]
                                            sstb_self_employment_income<2025, (itemizing)> = [0.]
                                          dividend_income<2025-02, (itemizing)> = [0.]
                                            dividend_income<2025, (itemizing)> = [0.]
                                          interest_income<2025-02, (itemizing)> = [833.3333]
                                            interest_income<2025, (itemizing)> = [10000.]
                                          rental_income<2025-02, (itemizing)> = [0.]
                                            rental_income<2025, (itemizing)> = [0.]
                                          pension_income<2025-02, (itemizing)> = [0.]
                                            pension_income<2025, (itemizing)> = [0.]
                                          alimony_income<2025-02, (itemizing)> = [0.]
                                            alimony_income<2025, (itemizing)> = [0.]
                                        hhs_smi<2025-02, (itemizing)> = [4472.5635]
                                          hhs_smi<2025, (itemizing)> = [53670.76]
                                      tx_ccs_asset_eligible<2025-02, (itemizing)> = [ True]
                                        TX<2025-02, (itemizing)> = [ True]
                                        spm_unit_assets<2025, (itemizing)> = [0.]
                                      tx_ccs_work_requirement_eligible<2025-02, (itemizing)> = [False]
                                        TX<2025-02, (itemizing)> = [ True]
                                        is_tax_unit_head_or_spouse<2025-02, (itemizing)> = [ True]
                                        tx_ccs_work_exempt<2025-02, (itemizing)> = [False]
                                        weekly_hours_worked<2025, (itemizing)> = [0.]
                                      tx_ccs_eligible_child<2025-02, (itemizing)> = [False]
                                        TX<2025-02, (itemizing)> = [ True]
                                        age<2025, (itemizing)> = [40.]
                                        is_disabled<2025-02, (itemizing)> = [False]
                                        is_tax_unit_dependent<2025-02, (itemizing)> = [False]
                                        is_citizen_or_legal_immigrant<2025, (itemizing)> = [ True]
                                  tx_ccs<2025-03, (itemizing)> = [0.]
                                    tx_ccs_eligible<2025-03, (itemizing)> = [False]
                                      TX<2025-03, (itemizing)> = [ True]
                                      tx_ccs_income_eligible<2025-03, (itemizing)> = [False]
                                        TX<2025-03, (itemizing)> = [ True]
                                        tx_ccs_countable_income<2025-03, (itemizing)> = [12500.]
                                          TX<2025-03, (itemizing)> = [ True]
                                          employment_income<2025-03, (itemizing)> = [11666.667]
                                            employment_income<2025, (itemizing)> = [140000.]
                                          self_employment_income<2025-03, (itemizing)> = [0.]
                                            self_employment_income<2025, (itemizing)> = [0.]
                                          sstb_self_employment_income<2025-03, (itemizing)> = [0.]
                                            sstb_self_employment_income<2025, (itemizing)> = [0.]
                                          dividend_income<2025-03, (itemizing)> = [0.]
                                            dividend_income<2025, (itemizing)> = [0.]
                                          interest_income<2025-03, (itemizing)> = [833.3333]
                                            interest_income<2025, (itemizing)> = [10000.]
                                          rental_income<2025-03, (itemizing)> = [0.]
                                            rental_income<2025, (itemizing)> = [0.]
                                          pension_income<2025-03, (itemizing)> = [0.]
                                            pension_income<2025, (itemizing)> = [0.]
                                          alimony_income<2025-03, (itemizing)> = [0.]
                                            alimony_income<2025, (itemizing)> = [0.]
                                        hhs_smi<2025-03, (itemizing)> = [4472.5635]
                                          hhs_smi<2025, (itemizing)> = [53670.76]
                                      tx_ccs_asset_eligible<2025-03, (itemizing)> = [ True]
                                        TX<2025-03, (itemizing)> = [ True]
                                        spm_unit_assets<2025, (itemizing)> = [0.]
                                      tx_ccs_work_requirement_eligible<2025-03, (itemizing)> = [False]
                                        TX<2025-03, (itemizing)> = [ True]
                                        is_tax_unit_head_or_spouse<2025-03, (itemizing)> = [ True]
                                        tx_ccs_work_exempt<2025-03, (itemizing)> = [False]
                                        weekly_hours_worked<2025, (itemizing)> = [0.]
                                      tx_ccs_eligible_child<2025-03, (itemizing)> = [False]
                                        TX<2025-03, (itemizing)> = [ True]
                                        age<2025, (itemizing)> = [40.]
                                        is_disabled<2025-03, (itemizing)> = [False]
                                        is_tax_unit_dependent<2025-03, (itemizing)> = [False]
                                        is_citizen_or_legal_immigrant<2025, (itemizing)> = [ True]
                                  tx_ccs<2025-04, (itemizing)> = [0.]
                                    tx_ccs_eligible<2025-04, (itemizing)> = [False]
                                      TX<2025-04, (itemizing)> = [ True]
                                      tx_ccs_income_eligible<2025-04, (itemizing)> = [False]
                                        TX<2025-04, (itemizing)> = [ True]
                                        tx_ccs_countable_income<2025-04, (itemizing)> = [12500.]
                                          TX<2025-04, (itemizing)> = [ True]
                                          employment_income<2025-04, (itemizing)> = [11666.667]
                                            employment_income<2025, (itemizing)> = [140000.]
                                          self_employment_income<2025-04, (itemizing)> = [0.]
                                            self_employment_income<2025, (itemizing)> = [0.]
                                          sstb_self_employment_income<2025-04, (itemizing)> = [0.]
                                            sstb_self_employment_income<2025, (itemizing)> = [0.]
                                          dividend_income<2025-04, (itemizing)> = [0.]
                                            dividend_income<2025, (itemizing)> = [0.]
                                          interest_income<2025-04, (itemizing)> = [833.3333]
                                            interest_income<2025, (itemizing)> = [10000.]
                                          rental_income<2025-04, (itemizing)> = [0.]
                                            rental_income<2025, (itemizing)> = [0.]
                                          pension_income<2025-04, (itemizing)> = [0.]
                                            pension_income<2025, (itemizing)> = [0.]
                                          alimony_income<2025-04, (itemizing)> = [0.]
                                            alimony_income<2025, (itemizing)> = [0.]
                                        hhs_smi<2025-04, (itemizing)> = [4472.5635]
                                          hhs_smi<2025, (itemizing)> = [53670.76]
                                      tx_ccs_asset_eligible<2025-04, (itemizing)> = [ True]
                                        TX<2025-04, (itemizing)> = [ True]
                                        spm_unit_assets<2025, (itemizing)> = [0.]
                                      tx_ccs_work_requirement_eligible<2025-04, (itemizing)> = [False]
                                        TX<2025-04, (itemizing)> = [ True]
                                        is_tax_unit_head_or_spouse<2025-04, (itemizing)> = [ True]
                                        tx_ccs_work_exempt<2025-04, (itemizing)> = [False]
                                        weekly_hours_worked<2025, (itemizing)> = [0.]
                                      tx_ccs_eligible_child<2025-04, (itemizing)> = [False]
                                        TX<2025-04, (itemizing)> = [ True]
                                        age<2025, (itemizing)> = [40.]
                                        is_disabled<2025-04, (itemizing)> = [False]
                                        is_tax_unit_dependent<2025-04, (itemizing)> = [False]
                                        is_citizen_or_legal_immigrant<2025, (itemizing)> = [ True]
                                  tx_ccs<2025-05, (itemizing)> = [0.]
                                    tx_ccs_eligible<2025-05, (itemizing)> = [False]
                                      TX<2025-05, (itemizing)> = [ True]
                                      tx_ccs_income_eligible<2025-05, (itemizing)> = [False]
                                        TX<2025-05, (itemizing)> = [ True]
                                        tx_ccs_countable_income<2025-05, (itemizing)> = [12500.]
                                          TX<2025-05, (itemizing)> = [ True]
                                          employment_income<2025-05, (itemizing)> = [11666.667]
                                            employment_income<2025, (itemizing)> = [140000.]
                                          self_employment_income<2025-05, (itemizing)> = [0.]
                                            self_employment_income<2025, (itemizing)> = [0.]
                                          sstb_self_employment_income<2025-05, (itemizing)> = [0.]
                                            sstb_self_employment_income<2025, (itemizing)> = [0.]
                                          dividend_income<2025-05, (itemizing)> = [0.]
                                            dividend_income<2025, (itemizing)> = [0.]
                                          interest_income<2025-05, (itemizing)> = [833.3333]
                                            interest_income<2025, (itemizing)> = [10000.]
                                          rental_income<2025-05, (itemizing)> = [0.]
                                            rental_income<2025, (itemizing)> = [0.]
                                          pension_income<2025-05, (itemizing)> = [0.]
                                            pension_income<2025, (itemizing)> = [0.]
                                          alimony_income<2025-05, (itemizing)> = [0.]
                                            alimony_income<2025, (itemizing)> = [0.]
                                        hhs_smi<2025-05, (itemizing)> = [4472.5635]
                                          hhs_smi<2025, (itemizing)> = [53670.76]
                                      tx_ccs_asset_eligible<2025-05, (itemizing)> = [ True]
                                        TX<2025-05, (itemizing)> = [ True]
                                        spm_unit_assets<2025, (itemizing)> = [0.]
                                      tx_ccs_work_requirement_eligible<2025-05, (itemizing)> = [False]
                                        TX<2025-05, (itemizing)> = [ True]
                                        is_tax_unit_head_or_spouse<2025-05, (itemizing)> = [ True]
                                        tx_ccs_work_exempt<2025-05, (itemizing)> = [False]
                                        weekly_hours_worked<2025, (itemizing)> = [0.]
                                      tx_ccs_eligible_child<2025-05, (itemizing)> = [False]
                                        TX<2025-05, (itemizing)> = [ True]
                                        age<2025, (itemizing)> = [40.]
                                        is_disabled<2025-05, (itemizing)> = [False]
                                        is_tax_unit_dependent<2025-05, (itemizing)> = [False]
                                        is_citizen_or_legal_immigrant<2025, (itemizing)> = [ True]
                                  tx_ccs<2025-06, (itemizing)> = [0.]
                                    tx_ccs_eligible<2025-06, (itemizing)> = [False]
                                      TX<2025-06, (itemizing)> = [ True]
                                      tx_ccs_income_eligible<2025-06, (itemizing)> = [False]
                                        TX<2025-06, (itemizing)> = [ True]
                                        tx_ccs_countable_income<2025-06, (itemizing)> = [12500.]
                                          TX<2025-06, (itemizing)> = [ True]
                                          employment_income<2025-06, (itemizing)> = [11666.667]
                                            employment_income<2025, (itemizing)> = [140000.]
                                          self_employment_income<2025-06, (itemizing)> = [0.]
                                            self_employment_income<2025, (itemizing)> = [0.]
                                          sstb_self_employment_income<2025-06, (itemizing)> = [0.]
                                            sstb_self_employment_income<2025, (itemizing)> = [0.]
                                          dividend_income<2025-06, (itemizing)> = [0.]
                                            dividend_income<2025, (itemizing)> = [0.]
                                          interest_income<2025-06, (itemizing)> = [833.3333]
                                            interest_income<2025, (itemizing)> = [10000.]
                                          rental_income<2025-06, (itemizing)> = [0.]
                                            rental_income<2025, (itemizing)> = [0.]
                                          pension_income<2025-06, (itemizing)> = [0.]
                                            pension_income<2025, (itemizing)> = [0.]
                                          alimony_income<2025-06, (itemizing)> = [0.]
                                            alimony_income<2025, (itemizing)> = [0.]
                                        hhs_smi<2025-06, (itemizing)> = [4472.5635]
                                          hhs_smi<2025, (itemizing)> = [53670.76]
                                      tx_ccs_asset_eligible<2025-06, (itemizing)> = [ True]
                                        TX<2025-06, (itemizing)> = [ True]
                                        spm_unit_assets<2025, (itemizing)> = [0.]
                                      tx_ccs_work_requirement_eligible<2025-06, (itemizing)> = [False]
                                        TX<2025-06, (itemizing)> = [ True]
                                        is_tax_unit_head_or_spouse<2025-06, (itemizing)> = [ True]
                                        tx_ccs_work_exempt<2025-06, (itemizing)> = [False]
                                        weekly_hours_worked<2025, (itemizing)> = [0.]
                                      tx_ccs_eligible_child<2025-06, (itemizing)> = [False]
                                        TX<2025-06, (itemizing)> = [ True]
                                        age<2025, (itemizing)> = [40.]
                                        is_disabled<2025-06, (itemizing)> = [False]
                                        is_tax_unit_dependent<2025-06, (itemizing)> = [False]
                                        is_citizen_or_legal_immigrant<2025, (itemizing)> = [ True]
                                  tx_ccs<2025-07, (itemizing)> = [0.]
                                    tx_ccs_eligible<2025-07, (itemizing)> = [False]
                                      TX<2025-07, (itemizing)> = [ True]
                                      tx_ccs_income_eligible<2025-07, (itemizing)> = [False]
                                        TX<2025-07, (itemizing)> = [ True]
                                        tx_ccs_countable_income<2025-07, (itemizing)> = [12500.]
                                          TX<2025-07, (itemizing)> = [ True]
                                          employment_income<2025-07, (itemizing)> = [11666.667]
                                            employment_income<2025, (itemizing)> = [140000.]
                                          self_employment_income<2025-07, (itemizing)> = [0.]
                                            self_employment_income<2025, (itemizing)> = [0.]
                                          sstb_self_employment_income<2025-07, (itemizing)> = [0.]
                                            sstb_self_employment_income<2025, (itemizing)> = [0.]
                                          dividend_income<2025-07, (itemizing)> = [0.]
                                            dividend_income<2025, (itemizing)> = [0.]
                                          interest_income<2025-07, (itemizing)> = [833.3333]
                                            interest_income<2025, (itemizing)> = [10000.]
                                          rental_income<2025-07, (itemizing)> = [0.]
                                            rental_income<2025, (itemizing)> = [0.]
                                          pension_income<2025-07, (itemizing)> = [0.]
                                            pension_income<2025, (itemizing)> = [0.]
                                          alimony_income<2025-07, (itemizing)> = [0.]
                                            alimony_income<2025, (itemizing)> = [0.]
                                        hhs_smi<2025-07, (itemizing)> = [4472.5635]
                                          hhs_smi<2025, (itemizing)> = [53670.76]
                                      tx_ccs_asset_eligible<2025-07, (itemizing)> = [ True]
                                        TX<2025-07, (itemizing)> = [ True]
                                        spm_unit_assets<2025, (itemizing)> = [0.]
                                      tx_ccs_work_requirement_eligible<2025-07, (itemizing)> = [False]
                                        TX<2025-07, (itemizing)> = [ True]
                                        is_tax_unit_head_or_spouse<2025-07, (itemizing)> = [ True]
                                        tx_ccs_work_exempt<2025-07, (itemizing)> = [False]
                                        weekly_hours_worked<2025, (itemizing)> = [0.]
                                      tx_ccs_eligible_child<2025-07, (itemizing)> = [False]
                                        TX<2025-07, (itemizing)> = [ True]
                                        age<2025, (itemizing)> = [40.]
                                        is_disabled<2025-07, (itemizing)> = [False]
                                        is_tax_unit_dependent<2025-07, (itemizing)> = [False]
                                        is_citizen_or_legal_immigrant<2025, (itemizing)> = [ True]
                                  tx_ccs<2025-08, (itemizing)> = [0.]
                                    tx_ccs_eligible<2025-08, (itemizing)> = [False]
                                      TX<2025-08, (itemizing)> = [ True]
                                      tx_ccs_income_eligible<2025-08, (itemizing)> = [False]
                                        TX<2025-08, (itemizing)> = [ True]
                                        tx_ccs_countable_income<2025-08, (itemizing)> = [12500.]
                                          TX<2025-08, (itemizing)> = [ True]
                                          employment_income<2025-08, (itemizing)> = [11666.667]
                                            employment_income<2025, (itemizing)> = [140000.]
                                          self_employment_income<2025-08, (itemizing)> = [0.]
                                            self_employment_income<2025, (itemizing)> = [0.]
                                          sstb_self_employment_income<2025-08, (itemizing)> = [0.]
                                            sstb_self_employment_income<2025, (itemizing)> = [0.]
                                          dividend_income<2025-08, (itemizing)> = [0.]
                                            dividend_income<2025, (itemizing)> = [0.]
                                          interest_income<2025-08, (itemizing)> = [833.3333]
                                            interest_income<2025, (itemizing)> = [10000.]
                                          rental_income<2025-08, (itemizing)> = [0.]
                                            rental_income<2025, (itemizing)> = [0.]
                                          pension_income<2025-08, (itemizing)> = [0.]
                                            pension_income<2025, (itemizing)> = [0.]
                                          alimony_income<2025-08, (itemizing)> = [0.]
                                            alimony_income<2025, (itemizing)> = [0.]
                                        hhs_smi<2025-08, (itemizing)> = [4472.5635]
                                          hhs_smi<2025, (itemizing)> = [53670.76]
                                      tx_ccs_asset_eligible<2025-08, (itemizing)> = [ True]
                                        TX<2025-08, (itemizing)> = [ True]
                                        spm_unit_assets<2025, (itemizing)> = [0.]
                                      tx_ccs_work_requirement_eligible<2025-08, (itemizing)> = [False]
                                        TX<2025-08, (itemizing)> = [ True]
                                        is_tax_unit_head_or_spouse<2025-08, (itemizing)> = [ True]
                                        tx_ccs_work_exempt<2025-08, (itemizing)> = [False]
                                        weekly_hours_worked<2025, (itemizing)> = [0.]
                                      tx_ccs_eligible_child<2025-08, (itemizing)> = [False]
                                        TX<2025-08, (itemizing)> = [ True]
                                        age<2025, (itemizing)> = [40.]
                                        is_disabled<2025-08, (itemizing)> = [False]
                                        is_tax_unit_dependent<2025-08, (itemizing)> = [False]
                                        is_citizen_or_legal_immigrant<2025, (itemizing)> = [ True]
                                  tx_ccs<2025-09, (itemizing)> = [0.]
                                    tx_ccs_eligible<2025-09, (itemizing)> = [False]
                                      TX<2025-09, (itemizing)> = [ True]
                                      tx_ccs_income_eligible<2025-09, (itemizing)> = [False]
                                        TX<2025-09, (itemizing)> = [ True]
                                        tx_ccs_countable_income<2025-09, (itemizing)> = [12500.]
                                          TX<2025-09, (itemizing)> = [ True]
                                          employment_income<2025-09, (itemizing)> = [11666.667]
                                            employment_income<2025, (itemizing)> = [140000.]
                                          self_employment_income<2025-09, (itemizing)> = [0.]
                                            self_employment_income<2025, (itemizing)> = [0.]
                                          sstb_self_employment_income<2025-09, (itemizing)> = [0.]
                                            sstb_self_employment_income<2025, (itemizing)> = [0.]
                                          dividend_income<2025-09, (itemizing)> = [0.]
                                            dividend_income<2025, (itemizing)> = [0.]
                                          interest_income<2025-09, (itemizing)> = [833.3333]
                                            interest_income<2025, (itemizing)> = [10000.]
                                          rental_income<2025-09, (itemizing)> = [0.]
                                            rental_income<2025, (itemizing)> = [0.]
                                          pension_income<2025-09, (itemizing)> = [0.]
                                            pension_income<2025, (itemizing)> = [0.]
                                          alimony_income<2025-09, (itemizing)> = [0.]
                                            alimony_income<2025, (itemizing)> = [0.]
                                        hhs_smi<2025-09, (itemizing)> = [4472.5635]
                                          hhs_smi<2025, (itemizing)> = [53670.76]
                                      tx_ccs_asset_eligible<2025-09, (itemizing)> = [ True]
                                        TX<2025-09, (itemizing)> = [ True]
                                        spm_unit_assets<2025, (itemizing)> = [0.]
                                      tx_ccs_work_requirement_eligible<2025-09, (itemizing)> = [False]
                                        TX<2025-09, (itemizing)> = [ True]
                                        is_tax_unit_head_or_spouse<2025-09, (itemizing)> = [ True]
                                        tx_ccs_work_exempt<2025-09, (itemizing)> = [False]
                                        weekly_hours_worked<2025, (itemizing)> = [0.]
                                      tx_ccs_eligible_child<2025-09, (itemizing)> = [False]
                                        TX<2025-09, (itemizing)> = [ True]
                                        age<2025, (itemizing)> = [40.]
                                        is_disabled<2025-09, (itemizing)> = [False]
                                        is_tax_unit_dependent<2025-09, (itemizing)> = [False]
                                        is_citizen_or_legal_immigrant<2025, (itemizing)> = [ True]
                                  tx_ccs<2025-10, (itemizing)> = [0.]
                                    tx_ccs_eligible<2025-10, (itemizing)> = [False]
                                      TX<2025-10, (itemizing)> = [ True]
                                      tx_ccs_income_eligible<2025-10, (itemizing)> = [False]
                                        TX<2025-10, (itemizing)> = [ True]
                                        tx_ccs_countable_income<2025-10, (itemizing)> = [12500.]
                                          TX<2025-10, (itemizing)> = [ True]
                                          employment_income<2025-10, (itemizing)> = [11666.667]
                                            employment_income<2025, (itemizing)> = [140000.]
                                          self_employment_income<2025-10, (itemizing)> = [0.]
                                            self_employment_income<2025, (itemizing)> = [0.]
                                          sstb_self_employment_income<2025-10, (itemizing)> = [0.]
                                            sstb_self_employment_income<2025, (itemizing)> = [0.]
                                          dividend_income<2025-10, (itemizing)> = [0.]
                                            dividend_income<2025, (itemizing)> = [0.]
                                          interest_income<2025-10, (itemizing)> = [833.3333]
                                            interest_income<2025, (itemizing)> = [10000.]
                                          rental_income<2025-10, (itemizing)> = [0.]
                                            rental_income<2025, (itemizing)> = [0.]
                                          pension_income<2025-10, (itemizing)> = [0.]
                                            pension_income<2025, (itemizing)> = [0.]
                                          alimony_income<2025-10, (itemizing)> = [0.]
                                            alimony_income<2025, (itemizing)> = [0.]
                                        hhs_smi<2025-10, (itemizing)> = [4472.5635]
                                          hhs_smi<2025, (itemizing)> = [53670.76]
                                      tx_ccs_asset_eligible<2025-10, (itemizing)> = [ True]
                                        TX<2025-10, (itemizing)> = [ True]
                                        spm_unit_assets<2025, (itemizing)> = [0.]
                                      tx_ccs_work_requirement_eligible<2025-10, (itemizing)> = [False]
                                        TX<2025-10, (itemizing)> = [ True]
                                        is_tax_unit_head_or_spouse<2025-10, (itemizing)> = [ True]
                                        tx_ccs_work_exempt<2025-10, (itemizing)> = [False]
                                        weekly_hours_worked<2025, (itemizing)> = [0.]
                                      tx_ccs_eligible_child<2025-10, (itemizing)> = [False]
                                        TX<2025-10, (itemizing)> = [ True]
                                        age<2025, (itemizing)> = [40.]
                                        is_disabled<2025-10, (itemizing)> = [False]
                                        is_tax_unit_dependent<2025-10, (itemizing)> = [False]
                                        is_citizen_or_legal_immigrant<2025, (itemizing)> = [ True]
                                  tx_ccs<2025-11, (itemizing)> = [0.]
                                    tx_ccs_eligible<2025-11, (itemizing)> = [False]
                                      TX<2025-11, (itemizing)> = [ True]
                                      tx_ccs_income_eligible<2025-11, (itemizing)> = [False]
                                        TX<2025-11, (itemizing)> = [ True]
                                        tx_ccs_countable_income<2025-11, (itemizing)> = [12500.]
                                          TX<2025-11, (itemizing)> = [ True]
                                          employment_income<2025-11, (itemizing)> = [11666.667]
                                            employment_income<2025, (itemizing)> = [140000.]
                                          self_employment_income<2025-11, (itemizing)> = [0.]
                                            self_employment_income<2025, (itemizing)> = [0.]
                                          sstb_self_employment_income<2025-11, (itemizing)> = [0.]
                                            sstb_self_employment_income<2025, (itemizing)> = [0.]
                                          dividend_income<2025-11, (itemizing)> = [0.]
                                            dividend_income<2025, (itemizing)> = [0.]
                                          interest_income<2025-11, (itemizing)> = [833.3333]
                                            interest_income<2025, (itemizing)> = [10000.]
                                          rental_income<2025-11, (itemizing)> = [0.]
                                            rental_income<2025, (itemizing)> = [0.]
                                          pension_income<2025-11, (itemizing)> = [0.]
                                            pension_income<2025, (itemizing)> = [0.]
                                          alimony_income<2025-11, (itemizing)> = [0.]
                                            alimony_income<2025, (itemizing)> = [0.]
                                        hhs_smi<2025-11, (itemizing)> = [4472.5635]
                                          hhs_smi<2025, (itemizing)> = [53670.76]
                                      tx_ccs_asset_eligible<2025-11, (itemizing)> = [ True]
                                        TX<2025-11, (itemizing)> = [ True]
                                        spm_unit_assets<2025, (itemizing)> = [0.]
                                      tx_ccs_work_requirement_eligible<2025-11, (itemizing)> = [False]
                                        TX<2025-11, (itemizing)> = [ True]
                                        is_tax_unit_head_or_spouse<2025-11, (itemizing)> = [ True]
                                        tx_ccs_work_exempt<2025-11, (itemizing)> = [False]
                                        weekly_hours_worked<2025, (itemizing)> = [0.]
                                      tx_ccs_eligible_child<2025-11, (itemizing)> = [False]
                                        TX<2025-11, (itemizing)> = [ True]
                                        age<2025, (itemizing)> = [40.]
                                        is_disabled<2025-11, (itemizing)> = [False]
                                        is_tax_unit_dependent<2025-11, (itemizing)> = [False]
                                        is_citizen_or_legal_immigrant<2025, (itemizing)> = [ True]
                                  tx_ccs<2025-12, (itemizing)> = [0.]
                                    tx_ccs_eligible<2025-12, (itemizing)> = [False]
                                      TX<2025-12, (itemizing)> = [ True]
                                      tx_ccs_income_eligible<2025-12, (itemizing)> = [False]
                                        TX<2025-12, (itemizing)> = [ True]
                                        tx_ccs_countable_income<2025-12, (itemizing)> = [12500.]
                                          TX<2025-12, (itemizing)> = [ True]
                                          employment_income<2025-12, (itemizing)> = [11666.667]
                                            employment_income<2025, (itemizing)> = [140000.]
                                          self_employment_income<2025-12, (itemizing)> = [0.]
                                            self_employment_income<2025, (itemizing)> = [0.]
                                          sstb_self_employment_income<2025-12, (itemizing)> = [0.]
                                            sstb_self_employment_income<2025, (itemizing)> = [0.]
                                          dividend_income<2025-12, (itemizing)> = [0.]
                                            dividend_income<2025, (itemizing)> = [0.]
                                          interest_income<2025-12, (itemizing)> = [833.3333]
                                            interest_income<2025, (itemizing)> = [10000.]
                                          rental_income<2025-12, (itemizing)> = [0.]
                                            rental_income<2025, (itemizing)> = [0.]
                                          pension_income<2025-12, (itemizing)> = [0.]
                                            pension_income<2025, (itemizing)> = [0.]
                                          alimony_income<2025-12, (itemizing)> = [0.]
                                            alimony_income<2025, (itemizing)> = [0.]
                                        hhs_smi<2025-12, (itemizing)> = [4472.5635]
                                          hhs_smi<2025, (itemizing)> = [53670.76]
                                      tx_ccs_asset_eligible<2025-12, (itemizing)> = [ True]
                                        TX<2025-12, (itemizing)> = [ True]
                                        spm_unit_assets<2025, (itemizing)> = [0.]
                                      tx_ccs_work_requirement_eligible<2025-12, (itemizing)> = [False]
                                        TX<2025-12, (itemizing)> = [ True]
                                        is_tax_unit_head_or_spouse<2025-12, (itemizing)> = [ True]
                                        tx_ccs_work_exempt<2025-12, (itemizing)> = [False]
                                        weekly_hours_worked<2025, (itemizing)> = [0.]
                                      tx_ccs_eligible_child<2025-12, (itemizing)> = [False]
                                        TX<2025-12, (itemizing)> = [ True]
                                        age<2025, (itemizing)> = [40.]
                                        is_disabled<2025-12, (itemizing)> = [False]
                                        is_tax_unit_dependent<2025-12, (itemizing)> = [False]
                                        is_citizen_or_legal_immigrant<2025, (itemizing)> = [ True]
                              ny_child_care_subsidies<2025, (itemizing)> = [0.]
                                NY<2025, (itemizing)> = [False]
                          is_child<2025, (itemizing)> = [False]
                          is_child<2025, (itemizing)> = [False]
                        care_expenses<2025, (itemizing)> = [0.]
                          pre_subsidy_care_expenses<2025, (itemizing)> = [0.]
                        cdcc_limit<2025, (itemizing)> = [0.]
                          capped_count_cdcc_eligible<2025, (itemizing)> = [0]
                            count_cdcc_eligible<2025, (itemizing)> = [0]
                              is_cdcc_eligible<2025, (itemizing)> = [False]
                                age<2025, (itemizing)> = [40.]
                                is_tax_unit_dependent<2025, (itemizing)> = [False]
                                is_tax_unit_head_or_spouse<2025, (itemizing)> = [ True]
                                is_incapable_of_self_care<2025, (itemizing)> = [False]
                                tax_unit_married<2025, (itemizing)> = [False]
                              is_tax_unit_head_or_spouse<2025, (itemizing)> = [ True]
                          dependent_care_assistance_exclusion<2025, (itemizing)> = [0.]
                            dependent_care_employer_benefits<2025, (itemizing)> = [0.]
                            filing_status<2025, (itemizing)> = ['SINGLE']
                            min_head_spouse_earned<2025, (itemizing)> = [140000.]
                              tax_unit_is_joint<2025, (itemizing)> = [False]
                              is_tax_unit_head<2025, (itemizing)> = [ True]
                              is_tax_unit_spouse<2025, (itemizing)> = [False]
                              cdcc_income_floor_eligible<2025, (itemizing)> = [False]
                                is_tax_unit_head_or_spouse<2025, (itemizing)> = [ True]
                                tax_unit_married<2025, (itemizing)> = [False]
                                is_full_time_student<2025, (itemizing)> = [False]
                                is_incapable_of_self_care<2025, (itemizing)> = [False]
                              head_earned<2025, (itemizing)> = [140000.]
                                adjusted_earnings<2025, (itemizing)> = [140000.]
                                is_tax_unit_head<2025, (itemizing)> = [ True]
                              spouse_earned<2025, (itemizing)> = [0.]
                                adjusted_earnings<2025, (itemizing)> = [140000.]
                                is_tax_unit_spouse<2025, (itemizing)> = [False]
                              count_cdcc_eligible<2025, (itemizing)> = [0]
                        min_head_spouse_earned<2025, (itemizing)> = [140000.]
                      cdcc_rate<2025, (itemizing)> = [0.2]
                        adjusted_gross_income<2025, (itemizing)> = [150000.]
                      cdcc_filing_status_eligible<2025, (itemizing)> = [ True]
                        filing_status<2025, (itemizing)> = ['SINGLE']
                        is_tax_unit_head_or_spouse<2025, (itemizing)> = [ True]
                        is_separated<2025, (itemizing)> = [False]
                        is_cdcc_eligible<2025, (itemizing)> = [False]
                        is_tax_unit_head_or_spouse<2025, (itemizing)> = [ True]
                  elderly_disabled_credit<2025, (itemizing)> = [0.]
                    elderly_disabled_credit_credit_limit<2025, (itemizing)> = [21647.]
                      income_tax_before_credits<2025, (itemizing)> = [21647.]
                      foreign_tax_credit<2025, (itemizing)> = [0.]
                      cdcc<2025, (itemizing)> = [0.]
                    elderly_disabled_credit_potential<2025, (itemizing)> = [0.]
                      section_22_income<2025, (itemizing)> = [0.]
                        filing_status<2025, (itemizing)> = ['SINGLE']
                        qualifies_for_elderly_or_disabled_credit<2025, (itemizing)> = [False]
                          age<2025, (itemizing)> = [40.]
                          retired_on_total_disability<2025, (itemizing)> = [False]
                        age<2025, (itemizing)> = [40.]
                        is_tax_unit_dependent<2025, (itemizing)> = [False]
                        total_disability_payments<2025, (itemizing)> = [0.]
                        pension_income<2025, (itemizing)> = [0.]
                        taxable_pension_income<2025, (itemizing)> = [0.]
                        tax_unit_social_security<2025, (itemizing)> = [0.]
                        tax_unit_taxable_social_security<2025, (itemizing)> = [0.]
                        adjusted_gross_income<2025, (itemizing)> = [150000.]
                  non_refundable_american_opportunity_credit<2025, (itemizing)> = [0.]
                    non_refundable_american_opportunity_credit_credit_limit<2025, (itemizing)> = [21647.]
                      income_tax_before_credits<2025, (itemizing)> = [21647.]
                      foreign_tax_credit<2025, (itemizing)> = [0.]
                      cdcc<2025, (itemizing)> = [0.]
                      elderly_disabled_credit<2025, (itemizing)> = [0.]
                    non_refundable_american_opportunity_credit_potential<2025, (itemizing)> = [0.]
                      american_opportunity_credit<2025, (itemizing)> = [0.]
                        is_eligible_for_american_opportunity_credit<2025, (itemizing)> = [False]
                          filing_status<2025, (itemizing)> = ['SINGLE']
                          has_american_opportunity_credit_1098_t_or_exception<2025, (itemizing)> = [False]
                          has_american_opportunity_credit_institution_ein<2025, (itemizing)> = [False]
                          is_pursuing_credential_for_american_opportunity_credit<2025, (itemizing)> = [False]
                          attends_eligible_educational_institution_for_american_opportunity_credit<2025, (itemizing)> = [False]
                          is_enrolled_at_least_half_time_for_american_opportunity_credit<2025, (itemizing)> = [False]
                          has_completed_first_four_years_of_postsecondary_education<2025, (itemizing)> = [False]
                          american_opportunity_credit_claimed_prior_years<2025, (itemizing)> = [0]
                          has_felony_drug_conviction<2025, (itemizing)> = [False]
                          meets_american_opportunity_credit_identification_requirements<2025, (itemizing)> = [ True]
                            has_tin<2025, (itemizing)> = [ True]
                          filer_meets_american_opportunity_credit_identification_requirements<2025, (itemizing)> = [ True]
                            is_tax_unit_head_or_spouse<2025, (itemizing)> = [ True]
                            meets_american_opportunity_credit_identification_requirements<2025, (itemizing)> = [ True]
                          is_nonresident_alien_for_american_opportunity_credit<2025, (itemizing)> = [False]
                          is_barred_from_american_opportunity_credit_due_to_improper_claims<2025, (itemizing)> = [False]
                        qualified_tuition_expenses<2025, (itemizing)> = [0.]
                        education_credit_phase_out<2025, (itemizing)> = [1.]
                          adjusted_gross_income<2025, (itemizing)> = [150000.]
                          tax_unit_is_joint<2025, (itemizing)> = [False]
                      refundable_american_opportunity_credit<2025, (itemizing)> = [0.]
                        american_opportunity_credit<2025, (itemizing)> = [0.]
                  lifetime_learning_credit<2025, (itemizing)> = [0.]
                    lifetime_learning_credit_credit_limit<2025, (itemizing)> = [21647.]
                      income_tax_before_credits<2025, (itemizing)> = [21647.]
                      foreign_tax_credit<2025, (itemizing)> = [0.]
                      cdcc<2025, (itemizing)> = [0.]
                      elderly_disabled_credit<2025, (itemizing)> = [0.]
                      non_refundable_american_opportunity_credit<2025, (itemizing)> = [0.]
                    lifetime_learning_credit_potential<2025, (itemizing)> = [0.]
                      is_eligible_for_american_opportunity_credit<2025, (itemizing)> = [False]
                      is_eligible_for_lifetime_learning_credit<2025, (itemizing)> = [False]
                        filing_status<2025, (itemizing)> = ['SINGLE']
                        has_lifetime_learning_credit_1098_t_or_exception<2025, (itemizing)> = [False]
                        attends_eligible_educational_institution_for_lifetime_learning_credit<2025, (itemizing)> = [False]
                        meets_lifetime_learning_credit_identification_requirements<2025, (itemizing)> = [ True]
                          has_tin<2025, (itemizing)> = [ True]
                        filer_meets_lifetime_learning_credit_identification_requirements<2025, (itemizing)> = [ True]
                          is_tax_unit_head_or_spouse<2025, (itemizing)> = [ True]
                          meets_lifetime_learning_credit_identification_requirements<2025, (itemizing)> = [ True]
                        is_nonresident_alien_for_lifetime_learning_credit<2025, (itemizing)> = [False]
                      qualified_tuition_expenses<2025, (itemizing)> = [0.]
                      lifetime_learning_credit_phase_out<2025, (itemizing)> = [1.]
                        adjusted_gross_income<2025, (itemizing)> = [150000.]
                        tax_unit_is_joint<2025, (itemizing)> = [False]
                  savers_credit<2025, (itemizing)> = [0.]
                    savers_credit_credit_limit<2025, (itemizing)> = [21647.]
                      income_tax_before_credits<2025, (itemizing)> = [21647.]
                      foreign_tax_credit<2025, (itemizing)> = [0.]
                      cdcc<2025, (itemizing)> = [0.]
                      elderly_disabled_credit<2025, (itemizing)> = [0.]
                      non_refundable_american_opportunity_credit<2025, (itemizing)> = [0.]
                      lifetime_learning_credit<2025, (itemizing)> = [0.]
                    savers_credit_potential<2025, (itemizing)> = [0.]
                      savers_credit_person<2025, (itemizing)> = [0.]
                        savers_credit_eligible_person<2025, (itemizing)> = [ True]
                          age<2025, (itemizing)> = [40.]
                          is_full_time_student<2025, (itemizing)> = [False]
                          claimed_as_dependent_on_another_return<2025, (itemizing)> = [False]
                          is_tax_unit_head_or_spouse<2025, (itemizing)> = [ True]
                        savers_credit_qualified_contributions<2025, (itemizing)> = [0.]
                          traditional_ira_contributions<2025, (itemizing)> = [0.]
                          roth_ira_contributions<2025, (itemizing)> = [0.]
                            roth_ira_contributions_desired<2025, (itemizing)> = [0.]
                            ira_contribution_scale<2025, (itemizing)> = [1.]
                          traditional_401k_contributions<2025, (itemizing)> = [0.]
                          traditional_403b_contributions<2025, (itemizing)> = [0.]
                          roth_401k_contributions<2025, (itemizing)> = [0.]
                            roth_401k_contributions_desired<2025, (itemizing)> = [0.]
                            elective_deferral_contribution_scale<2025, (itemizing)> = [1.]
                          roth_403b_contributions<2025, (itemizing)> = [0.]
                            roth_403b_contributions_desired<2025, (itemizing)> = [0.]
                            elective_deferral_contribution_scale<2025, (itemizing)> = [1.]
                          self_employed_pension_contributions<2025, (itemizing)> = [0.]
                          able_contributions_person<2025, (itemizing)> = [0.]
                          retirement_distributions<2025, (itemizing)> = [0.]
                            taxable_retirement_distributions<2025, (itemizing)> = [0.]
                            tax_exempt_retirement_distributions<2025, (itemizing)> = [0.]
                              tax_exempt_ira_distributions<2025, (itemizing)> = [0.]
                              tax_exempt_401k_distributions<2025, (itemizing)> = [0.]
                              tax_exempt_sep_distributions<2025, (itemizing)> = [0.]
                              tax_exempt_403b_distributions<2025, (itemizing)> = [0.]
                        adjusted_gross_income<2025, (itemizing)> = [150000.]
                        filing_status<2025, (itemizing)> = ['SINGLE']
                  energy_efficient_home_improvement_credit<2025, (itemizing)> = [0.]
                    energy_efficient_home_improvement_credit_credit_limit<2025, (itemizing)> = [21647.]
                      income_tax_before_credits<2025, (itemizing)> = [21647.]
                      foreign_tax_credit<2025, (itemizing)> = [0.]
                      cdcc<2025, (itemizing)> = [0.]
                      elderly_disabled_credit<2025, (itemizing)> = [0.]
                      non_refundable_american_opportunity_credit<2025, (itemizing)> = [0.]
                      lifetime_learning_credit<2025, (itemizing)> = [0.]
                      savers_credit<2025, (itemizing)> = [0.]
                    energy_efficient_home_improvement_credit_potential<2025, (itemizing)> = [0.]
                      capped_heat_pump_heat_pump_water_heater_biomass_stove_boiler_credit<2025, (itemizing)> = [0.]
                        heat_pump_expenditures<2025, (itemizing)> = [0.]
                        heat_pump_water_heater_expenditures<2025, (itemizing)> = [0.]
                        biomass_stove_boiler_expenditures<2025, (itemizing)> = [0.]
                        capped_heat_pump_rebate<2025, (itemizing)> = [0.]
                          high_efficiency_electric_home_rebate_percent_covered<2025, (itemizing)> = [1.]
                            tax_unit_income_ami_ratio<2025, (itemizing)> = [0.]
                          heat_pump_expenditures<2025, (itemizing)> = [0.]
                        capped_heat_pump_water_heater_rebate<2025, (itemizing)> = [0.]
                          high_efficiency_electric_home_rebate_percent_covered<2025, (itemizing)> = [1.]
                          heat_pump_water_heater_expenditures<2025, (itemizing)> = [0.]
                      capped_energy_efficient_door_credit<2025, (itemizing)> = [0.]
                        energy_efficient_door_expenditures<2025, (itemizing)> = [0.]
                      capped_energy_efficient_insulation_credit<2025, (itemizing)> = [0.]
                        energy_efficient_insulation_expenditures<2025, (itemizing)> = [0.]
                        capped_insulation_air_sealing_ventilation_rebate<2025, (itemizing)> = [0.]
                          high_efficiency_electric_home_rebate_percent_covered<2025, (itemizing)> = [1.]
                          energy_efficient_insulation_expenditures<2025, (itemizing)> = [0.]
                          air_sealing_ventilation_expenditures<2025, (itemizing)> = [0.]
                      capped_energy_efficient_window_credit<2025, (itemizing)> = [0.]
                        energy_efficient_window_expenditures<2025, (itemizing)> = [0.]
                        prior_energy_efficient_window_credits<2025, (itemizing)> = [0.]
                      capped_advanced_main_air_circulating_fan_credit<2025, (itemizing)> = [0.]
                        advanced_main_air_circulating_fan_expenditures<2025, (itemizing)> = [0.]
                      capped_qualified_furnace_or_hot_water_boiler_credit<2025, (itemizing)> = [0.]
                        qualified_furnace_or_hot_water_boiler_expenditures<2025, (itemizing)> = [0.]
                      capped_advanced_main_air_circulating_fan_credit<2025, (itemizing)> = [0.]
                      capped_energy_efficient_central_air_conditioner_credit<2025, (itemizing)> = [0.]
                        energy_efficient_central_air_conditioner_expenditures<2025, (itemizing)> = [0.]
                      capped_heat_pump_heat_pump_water_heater_biomass_stove_boiler_credit<2025, (itemizing)> = [0.]
                      capped_qualified_furnace_or_hot_water_boiler_credit<2025, (itemizing)> = [0.]
                      capped_home_energy_audit_credit<2025, (itemizing)> = [0.]
                        home_energy_audit_expenditures<2025, (itemizing)> = [0.]
                      prior_energy_efficient_home_improvement_credits<2025, (itemizing)> = [0.]
                  used_clean_vehicle_credit<2025, (itemizing)> = [0.]
                    used_clean_vehicle_credit_eligible<2025, (itemizing)> = [False]
                      purchased_qualifying_used_clean_vehicle<2025, (itemizing)> = [False]
                  new_clean_vehicle_credit<2025, (itemizing)> = [0.]
                    new_clean_vehicle_credit_eligible<2025, (itemizing)> = [False]
                      purchased_qualifying_new_clean_vehicle<2025, (itemizing)> = [False]
                  non_refundable_ctc<2025, (itemizing)> = [0.]
                    ctc<2025, (itemizing)> = [0.]
                      filer_meets_ctc_identification_requirements<2025, (itemizing)> = [ True]
                        is_tax_unit_head_or_spouse<2025, (itemizing)> = [ True]
                        has_tin<2025, (itemizing)> = [ True]
                      ctc_maximum_with_arpa_addition<2025, (itemizing)> = [0.]
                        ctc_maximum<2025, (itemizing)> = [0.]
                          ctc_individual_maximum<2025, (itemizing)> = [0.]
                            ctc_child_individual_maximum<2025, (itemizing)> = [0.]
                              is_tax_unit_dependent<2025, (itemizing)> = [False]
                            ctc_adult_individual_maximum<2025, (itemizing)> = [0.]
                              is_tax_unit_dependent<2025, (itemizing)> = [False]
                        ctc_arpa_addition<2025, (itemizing)> = [0.]
                          ctc_arpa_max_addition<2025, (itemizing)> = [0.]
                          ctc_arpa_phase_out<2025, (itemizing)> = [0.]
                            ctc_arpa_phase_out_cap<2025, (itemizing)> = [0.]
                            ctc_arpa_uncapped_phase_out<2025, (itemizing)> = [0.]
                      ctc_phase_out<2025, (itemizing)> = [0.]
                        adjusted_gross_income<2025, (itemizing)> = [150000.]
                        ctc_phase_out_threshold<2025, (itemizing)> = [200000.]
                          filing_status<2025, (itemizing)> = ['SINGLE']
                    refundable_ctc<2025, (itemizing)> = [0.]
                      ctc_refundable_maximum<2025, (itemizing)> = [0.]
                        ctc_child_individual_maximum<2025, (itemizing)> = [0.]
                        ctc_child_individual_maximum_arpa<2025, (itemizing)> = [0.]
                          ctc_qualifying_child<2025, (itemizing)> = [False]
                            is_tax_unit_dependent<2025, (itemizing)> = [False]
                      ctc<2025, (itemizing)> = [0.]
                      ctc_phase_in<2025, (itemizing)> = [20625.]
                        ctc_phase_in_relevant_earnings<2025, (itemizing)> = [20625.]
                          eitc_earned_income<2025, (itemizing)> = [140000.]
                            employment_income<2025, (itemizing)> = [140000.]
                            is_tax_unit_dependent<2025, (itemizing)> = [False]
                            self_employment_income<2025, (itemizing)> = [0.]
                            is_tax_unit_dependent<2025, (itemizing)> = [False]
                            sstb_self_employment_income<2025, (itemizing)> = [0.]
                            is_tax_unit_dependent<2025, (itemizing)> = [False]
                            farm_operations_income<2025, (itemizing)> = [0.]
                            is_tax_unit_dependent<2025, (itemizing)> = [False]
                            partnership_self_employment_net_earnings<2025, (itemizing)> = [0.]
                            is_tax_unit_dependent<2025, (itemizing)> = [False]
                            self_employment_tax_ald_person<2025, (itemizing)> = [0.]
                            is_tax_unit_dependent<2025, (itemizing)> = [False]
                        ctc_social_security_tax<2025, (itemizing)> = [10710.]
                          employee_social_security_tax<2025, (itemizing)> = [8680.]
                            taxable_earnings_for_social_security<2025, (itemizing)> = [140000.]
                          is_tax_unit_dependent<2025, (itemizing)> = [False]
                          employee_medicare_tax<2025, (itemizing)> = [2030.]
                            payroll_tax_gross_wages<2025, (itemizing)> = [140000.]
                          is_tax_unit_dependent<2025, (itemizing)> = [False]
                          self_employment_tax_ald_person<2025, (itemizing)> = [0.]
                          is_tax_unit_dependent<2025, (itemizing)> = [False]
                          unreported_payroll_tax<2025, (itemizing)> = [0.]
                          additional_medicare_tax<2025, (itemizing)> = [0.]
                            payroll_tax_gross_wages<2025, (itemizing)> = [140000.]
                            is_tax_unit_dependent<2025, (itemizing)> = [False]
                            taxable_self_employment_income<2025, (itemizing)> = [0.]
                            is_tax_unit_dependent<2025, (itemizing)> = [False]
                            filing_status<2025, (itemizing)> = ['SINGLE']
                          excess_payroll_tax_withheld<2025, (itemizing)> = [0.]
                        eitc<2025, (itemizing)> = [0.]
                          eitc_eligible<2025, (itemizing)> = [ True]
                            eitc_investment_income_eligible<2025, (itemizing)> = [ True]
                              eitc_relevant_investment_income<2025, (itemizing)> = [10000.]
                                taxable_interest_income<2025, (itemizing)> = [10000.]
                                tax_exempt_interest_income<2025, (itemizing)> = [0.]
                                dividend_income<2025, (itemizing)> = [0.]
                                net_capital_gains<2025, (itemizing)> = [0.]
                                  long_term_capital_gains<2025, (itemizing)> = [0.]
                                  short_term_capital_gains<2025, (itemizing)> = [0.]
                                non_sch_d_capital_gains<2025, (itemizing)> = [0.]
                                rental_income<2025, (itemizing)> = [0.]
                                passive_partnership_s_corp_income<2025, (itemizing)> = [0.]
                            eitc_demographic_eligible<2025, (itemizing)> = [ True]
                              eitc_child_count<2025, (itemizing)> = [0]
                                is_tax_unit_dependent<2025, (itemizing)> = [False]
                                is_permanently_and_totally_disabled<2025, (itemizing)> = [False]
                                is_qualifying_child_dependent<2025, (itemizing)> = [False]
                                meets_eitc_identification_requirements<2025, (itemizing)> = [ True]
                                  ssn_card_type<2025, (itemizing)> = ['CITIZEN']
                              age<2025, (itemizing)> = [40.]
                              is_full_time_student<2025, (itemizing)> = [False]
                              is_tax_unit_dependent<2025, (itemizing)> = [False]
                            filer_meets_eitc_identification_requirements<2025, (itemizing)> = [ True]
                              is_tax_unit_head_or_spouse<2025, (itemizing)> = [ True]
                              meets_eitc_identification_requirements<2025, (itemizing)> = [ True]
                          takes_up_eitc<2025, (itemizing)> = [ True]
                          eitc_maximum<2025, (itemizing)> = [649.]
                            eitc_child_count<2025, (itemizing)> = [0]
                          eitc_phased_in<2025, (itemizing)> = [649.]
                            eitc_maximum<2025, (itemizing)> = [649.]
                            eitc_phase_in_rate<2025, (itemizing)> = [0.0765]
                              eitc_child_count<2025, (itemizing)> = [0]
                            eitc_earned_income<2025, (itemizing)> = [140000.]
                          eitc_reduction<2025, (itemizing)> = [10662.569]
                            eitc_earned_income<2025, (itemizing)> = [140000.]
                            adjusted_gross_income<2025, (itemizing)> = [150000.]
                            eitc_phase_out_start<2025, (itemizing)> = [10620.]
                              eitc_child_count<2025, (itemizing)> = [0]
                              tax_unit_is_joint<2025, (itemizing)> = [False]
                            eitc_phase_out_rate<2025, (itemizing)> = [0.0765]
                              eitc_child_count<2025, (itemizing)> = [0]
                          tax_unit_is_required_to_file<2025, (itemizing)> = [ True]
                            irs_gross_income<2025, (itemizing)> = [150000.]
                            filing_status<2025, (itemizing)> = ['SINGLE']
                            standard_deduction<2025, (itemizing)> = [15750.]
                            additional_standard_deduction<2025, (itemizing)> = [0.]
                            earned_income<2025, (itemizing)> = [140000.]
                          would_file_taxes_voluntarily<2025, (itemizing)> = [False]
                          would_file_if_eligible_for_refundable_credit<2025, (itemizing)> = [ True]
                        ctc_qualifying_children<2025, (itemizing)> = [0]
                          ctc_qualifying_child<2025, (itemizing)> = [False]
                      ctc_limiting_tax_liability<2025, (itemizing)> = [21647.]
                        ctc_tax_liability_after_preceding_credits<2025, (itemizing)> = [21647.]
                          income_tax_before_credits<2025, (itemizing)> = [21647.]
                          foreign_tax_credit<2025, (itemizing)> = [0.]
                          cdcc<2025, (itemizing)> = [0.]
                          elderly_disabled_credit<2025, (itemizing)> = [0.]
                          non_refundable_american_opportunity_credit<2025, (itemizing)> = [0.]
                          lifetime_learning_credit<2025, (itemizing)> = [0.]
                          savers_credit<2025, (itemizing)> = [0.]
                          energy_efficient_home_improvement_credit<2025, (itemizing)> = [0.]
                          used_clean_vehicle_credit<2025, (itemizing)> = [0.]
                          new_clean_vehicle_credit<2025, (itemizing)> = [0.]
                        residential_clean_energy_credit<2025, (itemizing)> = [0.]
                          residential_clean_energy_credit_credit_limit<2025, (itemizing)> = [21647.]
                            income_tax_before_credits<2025, (itemizing)> = [21647.]
                            foreign_tax_credit<2025, (itemizing)> = [0.]
                            cdcc<2025, (itemizing)> = [0.]
                            elderly_disabled_credit<2025, (itemizing)> = [0.]
                            non_refundable_american_opportunity_credit<2025, (itemizing)> = [0.]
                            lifetime_learning_credit<2025, (itemizing)> = [0.]
                            savers_credit<2025, (itemizing)> = [0.]
                            energy_efficient_home_improvement_credit<2025, (itemizing)> = [0.]
                            used_clean_vehicle_credit<2025, (itemizing)> = [0.]
                            new_clean_vehicle_credit<2025, (itemizing)> = [0.]
                            ctc<2025, (itemizing)> = [0.]
                            ctc_credit_limit_worksheet_b_applies<2025, (itemizing)> = [False]
                              ctc_qualifying_children<2025, (itemizing)> = [0]
                              foreign_earned_income_exclusion<2025, (itemizing)> = [0.]
                            ctc_non_refundable_minimum<2025, (itemizing)> = [0.]
                              ctc<2025, (itemizing)> = [0.]
                              ctc_refundable_maximum<2025, (itemizing)> = [0.]
                              ctc_phase_in<2025, (itemizing)> = [20625.]
                          residential_clean_energy_credit_potential<2025, (itemizing)> = [0.]
                            geothermal_heat_pump_property_expenditures<2025, (itemizing)> = [0.]
                            small_wind_energy_property_expenditures<2025, (itemizing)> = [0.]
                            solar_electric_property_expenditures<2025, (itemizing)> = [0.]
                            solar_water_heating_property_expenditures<2025, (itemizing)> = [0.]
                            qualified_battery_storage_technology_expenditures<2025, (itemizing)> = [0.]
                            fuel_cell_property_expenditures<2025, (itemizing)> = [0.]
                            fuel_cell_property_capacity<2025, (itemizing)> = [0.]
                        ctc_credit_limit_worksheet_b_applies<2025, (itemizing)> = [False]
                  residential_clean_energy_credit<2025, (itemizing)> = [0.]
                income_tax_unavailable_non_refundable_credits<2025, (itemizing)> = [0.]
                  income_tax_before_credits<2025, (itemizing)> = [21647.]
                  income_tax_non_refundable_credits<2025, (itemizing)> = [0.]
                  income_tax_non_refundable_credits<2025, (itemizing)> = [0.]
            income_tax_refundable_credits<2025, (itemizing)> = [0.]
              eitc<2025, (itemizing)> = [0.]
              refundable_american_opportunity_credit<2025, (itemizing)> = [0.]
              refundable_ctc<2025, (itemizing)> = [0.]
              recovery_rebate_credit<2025, (itemizing)> = [0.]
                rrc_cares<2025, (itemizing)> = [0.]
                  filing_status<2025, (itemizing)> = ['SINGLE']
                  adjusted_gross_income<2025, (itemizing)> = [150000.]
                  rrc_adult_count_with_valid_ssn<2025, (itemizing)> = [1]
                    is_tax_unit_head_or_spouse<2025, (itemizing)> = [ True]
                    meets_eitc_identification_requirements<2025, (itemizing)> = [ True]
                  rrc_qualifies_for_armed_forces_exception<2025, (itemizing)> = [False]
                    tax_unit_is_joint<2025, (itemizing)> = [False]
                    is_tax_unit_head_or_spouse<2025, (itemizing)> = [ True]
                    is_military<2025, (itemizing)> = [False]
                    meets_eitc_identification_requirements<2025, (itemizing)> = [ True]
                  tax_unit_is_joint<2025, (itemizing)> = [False]
                  rrc_cares_qualifying_children_with_valid_ssn<2025, (itemizing)> = [0]
                    ctc_qualifying_child<2025, (itemizing)> = [False]
                    meets_eitc_identification_requirements<2025, (itemizing)> = [ True]
                rrc_caa<2025, (itemizing)> = [0.]
                  filing_status<2025, (itemizing)> = ['SINGLE']
                  adjusted_gross_income<2025, (itemizing)> = [150000.]
                  rrc_adult_count_with_valid_ssn<2025, (itemizing)> = [1]
                  rrc_qualifies_for_armed_forces_exception<2025, (itemizing)> = [False]
                  tax_unit_is_joint<2025, (itemizing)> = [False]
                  rrc_cares_qualifying_children_with_valid_ssn<2025, (itemizing)> = [0]
                rrc_arpa<2025, (itemizing)> = [0.]
                  filing_status<2025, (itemizing)> = ['SINGLE']
                  adjusted_gross_income<2025, (itemizing)> = [150000.]
                  rrc_arpa_dependents_with_valid_ssn<2025, (itemizing)> = [0]
                    is_tax_unit_dependent<2025, (itemizing)> = [False]
                    meets_eitc_identification_requirements<2025, (itemizing)> = [ True]
                  rrc_qualifies_for_armed_forces_exception<2025, (itemizing)> = [False]
                  tax_unit_is_joint<2025, (itemizing)> = [False]
                  rrc_adult_count_with_valid_ssn<2025, (itemizing)> = [1]
              refundable_payroll_tax_credit<2025, (itemizing)> = [0.]
        tax_liability_if_not_itemizing<2025, (default)> = [25067.]
          income_tax<2025, (not_itemizing)> = [25067.]
            income_tax_before_refundable_credits<2025, (not_itemizing)> = [25067.]
              income_tax_before_credits<2025, (not_itemizing)> = [25067.]
                income_tax_main_rates<2025, (not_itemizing)> = [25067.]
                  taxable_income_plus_section_911_exclusion<2025, (not_itemizing)> = [134250.]
                    taxable_income<2025, (not_itemizing)> = [134250.]
                      adjusted_gross_income<2025, (not_itemizing)> = [150000.]
                      exemptions<2025, (not_itemizing)> = [0.]
                      taxable_income_deductions<2025, (not_itemizing)> = [15750.]
                        tax_unit_itemizes<2025, (not_itemizing)> = [False]
                        taxable_income_deductions_if_itemizing<2025, (not_itemizing)> = [30000.]
                          qualified_business_income_deduction<2025, (not_itemizing)> = [0.]
                            qbid_amount<2025, (not_itemizing)> = [0.]
                              taxable_income_less_qbid<2025, (not_itemizing)> = [134250.]
                                adjusted_gross_income<2025, (not_itemizing)> = [150000.]
                                wagering_losses_deduction<2025, (not_itemizing)> = [0.]
                                  gambling_losses<2025, (not_itemizing)> = [0.]
                                  gambling_winnings<2025, (not_itemizing)> = [0.]
                                itemized_taxable_income_deductions<2025, (not_itemizing)> = [30000.]
                                tip_income_deduction<2025, (not_itemizing)> = [0.]
                                  tip_income_deduction_ssn_requirement_met<2025, (not_itemizing)> = [ True]
                                    ssn_card_type<2025, (not_itemizing)> = ['CITIZEN']
                                    tax_unit_is_joint<2025, (not_itemizing)> = [False]
                                      filing_status<2025, (not_itemizing)> = ['SINGLE']
                                    is_tax_unit_head_or_spouse<2025, (not_itemizing)> = [ True]
                                  tip_income<2025, (not_itemizing)> = [0.]
                                  tip_income_deduction_occupation_requirement_met<2025, (not_itemizing)> = [False]
                                    treasury_tipped_occupation_code<2025, (not_itemizing)> = [0]
                                    business_is_sstb<2025, (not_itemizing)> = [False]
                                    sstb_self_employment_income<2025, (not_itemizing)> = [0.]
                                  adjusted_gross_income<2025, (not_itemizing)> = [150000.]
                                  filing_status<2025, (not_itemizing)> = ['SINGLE']
                                overtime_income_deduction<2025, (not_itemizing)> = [0.]
                                  overtime_income_deduction_ssn_requirement_met<2025, (not_itemizing)> = [ True]
                                    ssn_card_type<2025, (not_itemizing)> = ['CITIZEN']
                                    tax_unit_is_joint<2025, (not_itemizing)> = [False]
                                    is_tax_unit_head_or_spouse<2025, (not_itemizing)> = [ True]
                                  fsla_overtime_premium<2025, (not_itemizing)> = [0.]
                                  adjusted_gross_income<2025, (not_itemizing)> = [150000.]
                                  filing_status<2025, (not_itemizing)> = ['SINGLE']
                                additional_senior_deduction<2025, (not_itemizing)> = [0.]
                                  additional_senior_deduction_eligible_person<2025, (not_itemizing)> = [False]
                                    ssn_card_type<2025, (not_itemizing)> = ['CITIZEN']
                                    filing_status<2025, (not_itemizing)> = ['SINGLE']
                                    is_tax_unit_head_or_spouse<2025, (not_itemizing)> = [ True]
                                    age<2025, (not_itemizing)> = [40.]
                                  additional_senior_deduction_magi<2025, (not_itemizing)> = [150000.]
                                    adjusted_gross_income<2025, (not_itemizing)> = [150000.]
                                    foreign_earned_income_exclusion<2025, (not_itemizing)> = [0.]
                                    specified_possession_income<2025, (not_itemizing)> = [0.]
                                    puerto_rico_income<2025, (not_itemizing)> = [0.]
                                  filing_status<2025, (not_itemizing)> = ['SINGLE']
                                auto_loan_interest_deduction<2025, (not_itemizing)> = [0.]
                                  qualified_passenger_vehicle_loan_interest<2025, (not_itemizing)> = [0.]
                                  filing_status<2025, (not_itemizing)> = ['SINGLE']
                                  adjusted_gross_income<2025, (not_itemizing)> = [150000.]
                                charitable_deduction_for_non_itemizers<2025, (not_itemizing)> = [0.]
                                  charitable_cash_donations<2025, (not_itemizing)> = [0.]
                                  filing_status<2025, (not_itemizing)> = ['SINGLE']
                                standard_deduction<2025, (not_itemizing)> = [15750.]
                                tip_income_deduction<2025, (not_itemizing)> = [0.]
                                overtime_income_deduction<2025, (not_itemizing)> = [0.]
                                additional_senior_deduction<2025, (not_itemizing)> = [0.]
                                auto_loan_interest_deduction<2025, (not_itemizing)> = [0.]
                                tax_unit_itemizes<2025, (not_itemizing)> = [False]
                              filing_status<2025, (not_itemizing)> = ['SINGLE']
                              w2_wages_from_qualified_business<2025, (not_itemizing)> = [0.]
                              unadjusted_basis_qualified_property<2025, (not_itemizing)> = [0.]
                              qualified_business_income<2025, (not_itemizing)> = [0.]
                                business_is_qualified<2025, (not_itemizing)> = [ True]
                                self_employment_income<2025, (not_itemizing)> = [0.]
                                self_employment_income_would_be_qualified<2025, (not_itemizing)> = [ True]
                                partnership_s_corp_income<2025, (not_itemizing)> = [0.]
                                partnership_s_corp_income_would_be_qualified<2025, (not_itemizing)> = [ True]
                                farm_rent_income<2025, (not_itemizing)> = [0.]
                                farm_rent_income_would_be_qualified<2025, (not_itemizing)> = [ True]
                                farm_operations_income<2025, (not_itemizing)> = [0.]
                                farm_operations_income_would_be_qualified<2025, (not_itemizing)> = [ True]
                                rental_income<2025, (not_itemizing)> = [0.]
                                rental_income_would_be_qualified<2025, (not_itemizing)> = [ True]
                                estate_income<2025, (not_itemizing)> = [0.]
                                estate_income_would_be_qualified<2025, (not_itemizing)> = [ True]
                                sstb_self_employment_income<2025, (not_itemizing)> = [0.]
                                sstb_self_employment_income_would_be_qualified<2025, (not_itemizing)> = [ True]
                                self_employment_tax_ald_person<2025, (not_itemizing)> = [0.]
                                self_employed_health_insurance_ald_person<2025, (not_itemizing)> = [0.]
                                self_employed_pension_contribution_ald_person<2025, (not_itemizing)> = [0.]
                              sstb_qualified_business_income<2025, (not_itemizing)> = [0.]
                                self_employment_income<2025, (not_itemizing)> = [0.]
                                self_employment_income_would_be_qualified<2025, (not_itemizing)> = [ True]
                                partnership_s_corp_income<2025, (not_itemizing)> = [0.]
                                partnership_s_corp_income_would_be_qualified<2025, (not_itemizing)> = [ True]
                                farm_rent_income<2025, (not_itemizing)> = [0.]
                                farm_rent_income_would_be_qualified<2025, (not_itemizing)> = [ True]
                                farm_operations_income<2025, (not_itemizing)> = [0.]
                                farm_operations_income_would_be_qualified<2025, (not_itemizing)> = [ True]
                                rental_income<2025, (not_itemizing)> = [0.]
                                rental_income_would_be_qualified<2025, (not_itemizing)> = [ True]
                                estate_income<2025, (not_itemizing)> = [0.]
                                estate_income_would_be_qualified<2025, (not_itemizing)> = [ True]
                                sstb_self_employment_income<2025, (not_itemizing)> = [0.]
                                sstb_self_employment_income_would_be_qualified<2025, (not_itemizing)> = [ True]
                                self_employment_tax_ald_person<2025, (not_itemizing)> = [0.]
                                self_employed_health_insurance_ald_person<2025, (not_itemizing)> = [0.]
                                self_employed_pension_contribution_ald_person<2025, (not_itemizing)> = [0.]
                              business_is_sstb<2025, (not_itemizing)> = [False]
                              self_employment_income<2025, (not_itemizing)> = [0.]
                              self_employment_income_would_be_qualified<2025, (not_itemizing)> = [ True]
                              partnership_s_corp_income<2025, (not_itemizing)> = [0.]
                              partnership_s_corp_income_would_be_qualified<2025, (not_itemizing)> = [ True]
                              farm_rent_income<2025, (not_itemizing)> = [0.]
                              farm_rent_income_would_be_qualified<2025, (not_itemizing)> = [ True]
                              farm_operations_income<2025, (not_itemizing)> = [0.]
                              farm_operations_income_would_be_qualified<2025, (not_itemizing)> = [ True]
                              rental_income<2025, (not_itemizing)> = [0.]
                              rental_income_would_be_qualified<2025, (not_itemizing)> = [ True]
                              estate_income<2025, (not_itemizing)> = [0.]
                              estate_income_would_be_qualified<2025, (not_itemizing)> = [ True]
                              sstb_self_employment_income<2025, (not_itemizing)> = [0.]
                              sstb_self_employment_income_would_be_qualified<2025, (not_itemizing)> = [ True]
                              sstb_w2_wages_from_qualified_business<2025, (not_itemizing)> = [0.]
                              sstb_unadjusted_basis_qualified_property<2025, (not_itemizing)> = [0.]
                              qualified_reit_and_ptp_income<2025, (not_itemizing)> = [0.]
                            taxable_income_less_qbid<2025, (not_itemizing)> = [134250.]
                            adjusted_net_capital_gain<2025, (not_itemizing)> = [0.]
                              net_capital_gain<2025, (not_itemizing)> = [0.]
                                long_term_capital_gains<2025, (not_itemizing)> = [0.]
                                is_tax_unit_dependent<2025, (not_itemizing)> = [False]
                                form_4952_capital_gain_distributions<2025, (not_itemizing)> = [0.]
                                short_term_capital_gains<2025, (not_itemizing)> = [0.]
                                is_tax_unit_dependent<2025, (not_itemizing)> = [False]
                                form_4952_elected_investment_income<2025, (not_itemizing)> = [0.]
                                form_4952_net_capital_gain<2025, (not_itemizing)> = [0.]
                                form_4952_qualified_dividends<2025, (not_itemizing)> = [0.]
                              dividend_income_reduced_by_investment_income<2025, (not_itemizing)> = [0.]
                                form_4952_qualified_dividends<2025, (not_itemizing)> = [0.]
                                long_term_capital_gains<2025, (not_itemizing)> = [0.]
                                is_tax_unit_dependent<2025, (not_itemizing)> = [False]
                                short_term_capital_gains<2025, (not_itemizing)> = [0.]
                                is_tax_unit_dependent<2025, (not_itemizing)> = [False]
                                form_4952_capital_gain_distributions<2025, (not_itemizing)> = [0.]
                                form_4952_elected_investment_income<2025, (not_itemizing)> = [0.]
                                form_4952_net_capital_gain<2025, (not_itemizing)> = [0.]
                              schedule_d_unrecaptured_section_1250_gain<2025, (not_itemizing)> = [0.]
                                unrecaptured_section_1250_gain<2025, (not_itemizing)> = [0.]
                                unrecaptured_section_1250_gain_before_losses<2025, (not_itemizing)> = [0.]
                                capital_gains_28_percent_rate_gain<2025, (not_itemizing)> = [0.]
                                  long_term_capital_gains_on_collectibles<2025, (not_itemizing)> = [0.]
                                  long_term_capital_gains_on_small_business_stock<2025, (not_itemizing)> = [0.]
                                  collectibles_gain_or_loss<2025, (not_itemizing)> = [0.]
                                  section_1202_gain<2025, (not_itemizing)> = [0.]
                                  short_term_capital_gains<2025, (not_itemizing)> = [0.]
                                  long_term_capital_loss_carryover<2025, (not_itemizing)> = [0.]
                                collectibles_gain_or_loss<2025, (not_itemizing)> = [0.]
                                section_1202_gain<2025, (not_itemizing)> = [0.]
                                short_term_capital_gains<2025, (not_itemizing)> = [0.]
                                long_term_capital_loss_carryover<2025, (not_itemizing)> = [0.]
                              capital_gains_28_percent_rate_gain<2025, (not_itemizing)> = [0.]
                          wagering_losses_deduction<2025, (not_itemizing)> = [0.]
                          itemized_taxable_income_deductions<2025, (not_itemizing)> = [30000.]
                          tip_income_deduction<2025, (not_itemizing)> = [0.]
                          overtime_income_deduction<2025, (not_itemizing)> = [0.]
                          additional_senior_deduction<2025, (not_itemizing)> = [0.]
                          auto_loan_interest_deduction<2025, (not_itemizing)> = [0.]
                        taxable_income_deductions_if_not_itemizing<2025, (not_itemizing)> = [15750.]
                          charitable_deduction_for_non_itemizers<2025, (not_itemizing)> = [0.]
                          standard_deduction<2025, (not_itemizing)> = [15750.]
                          qualified_business_income_deduction<2025, (not_itemizing)> = [0.]
                          tip_income_deduction<2025, (not_itemizing)> = [0.]
                          overtime_income_deduction<2025, (not_itemizing)> = [0.]
                          additional_senior_deduction<2025, (not_itemizing)> = [0.]
                          auto_loan_interest_deduction<2025, (not_itemizing)> = [0.]
                    foreign_earned_income_exclusion<2025, (not_itemizing)> = [0.]
                  capital_gains_excluded_from_taxable_income<2025, (not_itemizing)> = [0.]
                    section_911_net_capital_gain<2025, (not_itemizing)> = [0.]
                      net_capital_gain<2025, (not_itemizing)> = [0.]
                      section_911_capital_gain_excess<2025, (not_itemizing)> = [0.]
                        foreign_earned_income_exclusion<2025, (not_itemizing)> = [0.]
                        net_capital_gain<2025, (not_itemizing)> = [0.]
                        taxable_income<2025, (not_itemizing)> = [134250.]
                    section_911_adjusted_net_capital_gain<2025, (not_itemizing)> = [0.]
                      section_911_capital_gain_excess<2025, (not_itemizing)> = [0.]
                      net_capital_gain<2025, (not_itemizing)> = [0.]
                      dividend_income_reduced_by_investment_income<2025, (not_itemizing)> = [0.]
                      section_911_capital_gain_excess<2025, (not_itemizing)> = [0.]
                      section_911_qualified_dividend_income<2025, (not_itemizing)> = [0.]
                        net_capital_gain<2025, (not_itemizing)> = [0.]
                        dividend_income_reduced_by_investment_income<2025, (not_itemizing)> = [0.]
                        section_911_capital_gain_excess<2025, (not_itemizing)> = [0.]
                      section_911_unrecaptured_section_1250_gain<2025, (not_itemizing)> = [0.]
                        schedule_d_unrecaptured_section_1250_gain<2025, (not_itemizing)> = [0.]
                        capital_gains_28_percent_rate_gain<2025, (not_itemizing)> = [0.]
                        section_911_capital_gain_excess<2025, (not_itemizing)> = [0.]
                      section_911_28_percent_rate_gain<2025, (not_itemizing)> = [0.]
                        capital_gains_28_percent_rate_gain<2025, (not_itemizing)> = [0.]
                        section_911_capital_gain_excess<2025, (not_itemizing)> = [0.]
                      adjusted_net_capital_gain<2025, (not_itemizing)> = [0.]
                    taxable_income_plus_section_911_exclusion<2025, (not_itemizing)> = [134250.]
                    taxable_income_taxed_below_25_percent<2025, (not_itemizing)> = [134250.]
                      taxable_income_plus_section_911_exclusion<2025, (not_itemizing)> = [134250.]
                      filing_status<2025, (not_itemizing)> = ['SINGLE']
                  filing_status<2025, (not_itemizing)> = ['SINGLE']
                  foreign_earned_income_exclusion<2025, (not_itemizing)> = [0.]
                capital_gains_tax<2025, (not_itemizing)> = [0.]
                  section_911_net_capital_gain<2025, (not_itemizing)> = [0.]
                  taxable_income_plus_section_911_exclusion<2025, (not_itemizing)> = [134250.]
                  section_911_adjusted_net_capital_gain<2025, (not_itemizing)> = [0.]
                  capital_gains_excluded_from_taxable_income<2025, (not_itemizing)> = [0.]
                  filing_status<2025, (not_itemizing)> = ['SINGLE']
                  section_911_unrecaptured_section_1250_gain<2025, (not_itemizing)> = [0.]
                  net_capital_gain<2025, (not_itemizing)> = [0.]
                  dividend_income_reduced_by_investment_income<2025, (not_itemizing)> = [0.]
                  section_911_capital_gain_excess<2025, (not_itemizing)> = [0.]
                  section_911_28_percent_rate_gain<2025, (not_itemizing)> = [0.]
                  tax_on_taxable_income_at_main_rates<2025, (not_itemizing)> = [25067.]
                    taxable_income_plus_section_911_exclusion<2025, (not_itemizing)> = [134250.]
                    filing_status<2025, (not_itemizing)> = ['SINGLE']
                    foreign_earned_income_exclusion<2025, (not_itemizing)> = [0.]
                  income_tax_main_rates<2025, (not_itemizing)> = [25067.]
                alternative_minimum_tax<2025, (not_itemizing)> = [0.]
                  amt_base_tax<2025, (not_itemizing)> = [16094.]
                    amt_lower_base_tax<2025, (not_itemizing)> = [16094.]
                      filing_status<2025, (not_itemizing)> = ['SINGLE']
                      amt_income_less_exemptions_plus_section_911_exclusion<2025, (not_itemizing)> = [61900.]
                        amt_income_less_exemptions<2025, (not_itemizing)> = [61900.]
                          amt_income<2025, (not_itemizing)> = [150000.]
                            taxable_income<2025, (not_itemizing)> = [134250.]
                            amt_excluded_deductions<2025, (not_itemizing)> = [15750.]
                              tax_unit_itemizes<2025, (not_itemizing)> = [False]
                              standard_deduction<2025, (not_itemizing)> = [15750.]
                              salt_deduction<2025, (not_itemizing)> = [0.]
                              misc_deduction<2025, (not_itemizing)> = [0.]
                            amt_separate_addition<2025, (not_itemizing)> = [0.]
                              taxable_income<2025, (not_itemizing)> = [134250.]
                              amt_excluded_deductions<2025, (not_itemizing)> = [15750.]
                              filing_status<2025, (not_itemizing)> = ['SINGLE']
                            exemptions<2025, (not_itemizing)> = [0.]
                          taxable_income<2025, (not_itemizing)> = [134250.]
                          amt_kiddie_tax_applies<2025, (not_itemizing)> = [False]
                            is_full_time_student<2025, (not_itemizing)> = [False]
                              is_full_time_college_student<2025, (not_itemizing)> = [False]
                              is_in_k12_school<2025, (not_itemizing)> = [False]
                                age<2025, (not_itemizing)> = [40.]
                            is_tax_unit_head<2025, (not_itemizing)> = [ True]
                            is_tax_unit_spouse<2025, (not_itemizing)> = [False]
                            age_head<2025, (not_itemizing)> = [40]
                            age_spouse<2025, (not_itemizing)> = [0]
                          amt_exemption<2025, (not_itemizing)> = [88100.]
                            filing_status<2025, (not_itemizing)> = ['SINGLE']
                            amt_income<2025, (not_itemizing)> = [150000.]
                            amt_kiddie_tax_applies<2025, (not_itemizing)> = [False]
                            filer_adjusted_earnings<2025, (not_itemizing)> = [140000.]
                              adjusted_earnings<2025, (not_itemizing)> = [140000.]
                                self_employment_tax<2025, (not_itemizing)> = [0.]
                                earned_income<2025, (not_itemizing)> = [140000.]
                              is_tax_unit_dependent<2025, (not_itemizing)> = [False]
                        foreign_earned_income_exclusion<2025, (not_itemizing)> = [0.]
                    amt_higher_base_tax<2025, (not_itemizing)> = [0.]
                      filing_status<2025, (not_itemizing)> = ['SINGLE']
                      amt_income_less_exemptions_plus_section_911_exclusion<2025, (not_itemizing)> = [61900.]
                  amt_part_iii_required<2025, (not_itemizing)> = [False]
                    dwks10<2025, (not_itemizing)> = [0.]
                      dividend_income_reduced_by_investment_income<2025, (not_itemizing)> = [0.]
                      dwks09<2025, (not_itemizing)> = [0.]
                        long_term_capital_gains<2025, (not_itemizing)> = [0.]
                        is_tax_unit_dependent<2025, (not_itemizing)> = [False]
                        short_term_capital_gains<2025, (not_itemizing)> = [0.]
                        is_tax_unit_dependent<2025, (not_itemizing)> = [False]
                        form_4952_capital_gain_distributions<2025, (not_itemizing)> = [0.]
                        form_4952_elected_investment_income<2025, (not_itemizing)> = [0.]
                        form_4952_net_capital_gain<2025, (not_itemizing)> = [0.]
                    dwks13<2025, (not_itemizing)> = [0.]
                      capital_gains_28_percent_rate_gain<2025, (not_itemizing)> = [0.]
                      schedule_d_unrecaptured_section_1250_gain<2025, (not_itemizing)> = [0.]
                      dwks09<2025, (not_itemizing)> = [0.]
                      dwks10<2025, (not_itemizing)> = [0.]
                      has_qdiv_or_ltcg<2025, (not_itemizing)> = [False]
                        qualified_dividend_income<2025, (not_itemizing)> = [0.]
                        is_tax_unit_dependent<2025, (not_itemizing)> = [False]
                        non_sch_d_capital_gains<2025, (not_itemizing)> = [0.]
                        long_term_capital_gains<2025, (not_itemizing)> = [0.]
                        is_tax_unit_dependent<2025, (not_itemizing)> = [False]
                        short_term_capital_gains<2025, (not_itemizing)> = [0.]
                        is_tax_unit_dependent<2025, (not_itemizing)> = [False]
                    dwks14<2025, (not_itemizing)> = [0.]
                      taxable_income_plus_section_911_exclusion<2025, (not_itemizing)> = [134250.]
                      taxable_income<2025, (not_itemizing)> = [134250.]
                      dwks09<2025, (not_itemizing)> = [0.]
                      dwks10<2025, (not_itemizing)> = [0.]
                      dwks13<2025, (not_itemizing)> = [0.]
                      foreign_earned_income_exclusion<2025, (not_itemizing)> = [0.]
                      schedule_d_unrecaptured_section_1250_gain<2025, (not_itemizing)> = [0.]
                      capital_gains_28_percent_rate_gain<2025, (not_itemizing)> = [0.]
                      dividend_income_reduced_by_investment_income<2025, (not_itemizing)> = [0.]
                      has_qdiv_or_ltcg<2025, (not_itemizing)> = [False]
                      has_qdiv_or_ltcg<2025, (not_itemizing)> = [False]
                    dwks19<2025, (not_itemizing)> = [0.]
                      dwks14<2025, (not_itemizing)> = [0.]
                      taxable_income_plus_section_911_exclusion<2025, (not_itemizing)> = [134250.]
                      taxable_income<2025, (not_itemizing)> = [134250.]
                      dwks09<2025, (not_itemizing)> = [0.]
                      dwks10<2025, (not_itemizing)> = [0.]
                      dwks13<2025, (not_itemizing)> = [0.]
                      foreign_earned_income_exclusion<2025, (not_itemizing)> = [0.]
                      schedule_d_unrecaptured_section_1250_gain<2025, (not_itemizing)> = [0.]
                      capital_gains_28_percent_rate_gain<2025, (not_itemizing)> = [0.]
                      dividend_income_reduced_by_investment_income<2025, (not_itemizing)> = [0.]
                      has_qdiv_or_ltcg<2025, (not_itemizing)> = [False]
                      taxable_income_taxed_below_25_percent<2025, (not_itemizing)> = [134250.]
                      has_qdiv_or_ltcg<2025, (not_itemizing)> = [False]
                    schedule_d_unrecaptured_section_1250_gain<2025, (not_itemizing)> = [0.]
                  amt_tax_including_cg<2025, (not_itemizing)> = [16094.]
                    amt_income_less_exemptions_plus_section_911_exclusion<2025, (not_itemizing)> = [61900.]
                    amt_income_less_exemptions<2025, (not_itemizing)> = [61900.]
                    dwks09<2025, (not_itemizing)> = [0.]
                    dwks10<2025, (not_itemizing)> = [0.]
                    dwks13<2025, (not_itemizing)> = [0.]
                    foreign_earned_income_exclusion<2025, (not_itemizing)> = [0.]
                    schedule_d_unrecaptured_section_1250_gain<2025, (not_itemizing)> = [0.]
                    capital_gains_28_percent_rate_gain<2025, (not_itemizing)> = [0.]
                    dividend_income_reduced_by_investment_income<2025, (not_itemizing)> = [0.]
                    has_qdiv_or_ltcg<2025, (not_itemizing)> = [False]
                    filing_status<2025, (not_itemizing)> = ['SINGLE']
                    dwks14<2025, (not_itemizing)> = [0.]
                    dwks19<2025, (not_itemizing)> = [0.]
                  filing_status<2025, (not_itemizing)> = ['SINGLE']
                  amt_income_less_exemptions<2025, (not_itemizing)> = [61900.]
                  foreign_earned_income_exclusion<2025, (not_itemizing)> = [0.]
                  foreign_tax_credit_potential<2025, (not_itemizing)> = [0.]
                  regular_tax_before_credits<2025, (not_itemizing)> = [25067.]
                    income_tax_main_rates<2025, (not_itemizing)> = [25067.]
                    capital_gains_tax<2025, (not_itemizing)> = [0.]
                  form_4972_lumpsum_distributions<2025, (not_itemizing)> = [0.]
              net_investment_income_tax<2025, (not_itemizing)> = [0.]
                filing_status<2025, (not_itemizing)> = ['SINGLE']
                niit_magi<2025, (not_itemizing)> = [150000.]
                  is_tax_unit_dependent<2025, (not_itemizing)> = [False]
                  estate_income_niit_magi_adjustment<2025, (not_itemizing)> = [0.]
                    estate_income_net_investment_income_adjustment<2025, (not_itemizing)> = [0.]
                  niit_magi_section_911_addition<2025, (not_itemizing)> = [0.]
                    foreign_earned_income_exclusion<2025, (not_itemizing)> = [0.]
                  adjusted_gross_income<2025, (not_itemizing)> = [150000.]
                net_investment_income<2025, (not_itemizing)> = [10000.]
                  taxable_interest_income<2025, (not_itemizing)> = [10000.]
                  is_tax_unit_dependent<2025, (not_itemizing)> = [False]
                  dividend_income<2025, (not_itemizing)> = [0.]
                  is_tax_unit_dependent<2025, (not_itemizing)> = [False]
                  rental_income<2025, (not_itemizing)> = [0.]
                  is_tax_unit_dependent<2025, (not_itemizing)> = [False]
                  passive_partnership_s_corp_income<2025, (not_itemizing)> = [0.]
                  is_tax_unit_dependent<2025, (not_itemizing)> = [False]
                  estate_net_investment_income<2025, (not_itemizing)> = [0.]
                    estate_income<2025, (not_itemizing)> = [0.]
                    estate_income_net_investment_income_adjustment<2025, (not_itemizing)> = [0.]
                    is_tax_unit_dependent<2025, (not_itemizing)> = [False]
                  is_tax_unit_dependent<2025, (not_itemizing)> = [False]
                  filer_loss_limited_net_capital_gains<2025, (not_itemizing)> = [0.]
                    filing_status<2025, (not_itemizing)> = ['SINGLE']
                    long_term_capital_gains<2025, (not_itemizing)> = [0.]
                    is_tax_unit_dependent<2025, (not_itemizing)> = [False]
                    short_term_capital_gains<2025, (not_itemizing)> = [0.]
                    is_tax_unit_dependent<2025, (not_itemizing)> = [False]
                    is_tax_unit_dependent<2025, (not_itemizing)> = [False]
                    non_sch_d_capital_gains<2025, (not_itemizing)> = [0.]
              recapture_of_investment_credit<2025, (not_itemizing)> = [0.]
              unreported_payroll_tax<2025, (not_itemizing)> = [0.]
              qualified_retirement_penalty<2025, (not_itemizing)> = [0.]
              income_tax_capped_non_refundable_credits<2025, (not_itemizing)> = [0.]
                income_tax_non_refundable_credits<2025, (not_itemizing)> = [0.]
                  foreign_tax_credit<2025, (not_itemizing)> = [0.]
                    foreign_tax_credit_potential<2025, (not_itemizing)> = [0.]
                    foreign_tax_credit_credit_limit<2025, (not_itemizing)> = [25067.]
                      income_tax_before_credits<2025, (not_itemizing)> = [25067.]
                  cdcc<2025, (not_itemizing)> = [0.]
                    cdcc_credit_limit<2025, (not_itemizing)> = [25067.]
                      income_tax_before_credits<2025, (not_itemizing)> = [25067.]
                      foreign_tax_credit<2025, (not_itemizing)> = [0.]
                    cdcc_potential<2025, (not_itemizing)> = [0.]
                      cdcc_relevant_expenses<2025, (not_itemizing)> = [0.]
                        tax_unit_childcare_expenses<2025, (not_itemizing)> = [0.]
                          childcare_expenses<2025, (not_itemizing)> = [0.]
                            pre_subsidy_childcare_expenses<2025, (not_itemizing)> = [0.]
                              spm_unit_pre_subsidy_childcare_expenses<2025, (not_itemizing)> = [0.]
                              is_child<2025, (not_itemizing)> = [False]
                              is_child<2025, (not_itemizing)> = [False]
                            child_care_subsidies<2025, (not_itemizing)> = [0.]
                              ak_child_care_subsidies<2025, (not_itemizing)> = [0.]
                                AK<2025, (not_itemizing)> = [False]
                              ar_child_care_subsidies<2025, (not_itemizing)> = [0.]
                                AR<2025, (not_itemizing)> = [False]
                              al_child_care_subsidies<2025, (not_itemizing)> = [0.]
                                AL<2025, (not_itemizing)> = [False]
                              az_child_care_subsidies<2025, (not_itemizing)> = [0.]
                                AZ<2025, (not_itemizing)> = [False]
                              ca_child_care_subsidies<2025, (not_itemizing)> = [0.]
                                ca_child_care_subsidies<2025-01, (not_itemizing)> = [0.]
                                  CA<2025-01, (not_itemizing)> = [False]
                                ca_child_care_subsidies<2025-02, (not_itemizing)> = [0.]
                                  CA<2025-02, (not_itemizing)> = [False]
                                ca_child_care_subsidies<2025-03, (not_itemizing)> = [0.]
                                  CA<2025-03, (not_itemizing)> = [False]
                                ca_child_care_subsidies<2025-04, (not_itemizing)> = [0.]
                                  CA<2025-04, (not_itemizing)> = [False]
                                ca_child_care_subsidies<2025-05, (not_itemizing)> = [0.]
                                  CA<2025-05, (not_itemizing)> = [False]
                                ca_child_care_subsidies<2025-06, (not_itemizing)> = [0.]
                                  CA<2025-06, (not_itemizing)> = [False]
                                ca_child_care_subsidies<2025-07, (not_itemizing)> = [0.]
                                  CA<2025-07, (not_itemizing)> = [False]
                                ca_child_care_subsidies<2025-08, (not_itemizing)> = [0.]
                                  CA<2025-08, (not_itemizing)> = [False]
                                ca_child_care_subsidies<2025-09, (not_itemizing)> = [0.]
                                  CA<2025-09, (not_itemizing)> = [False]
                                ca_child_care_subsidies<2025-10, (not_itemizing)> = [0.]
                                  CA<2025-10, (not_itemizing)> = [False]
                                ca_child_care_subsidies<2025-11, (not_itemizing)> = [0.]
                                  CA<2025-11, (not_itemizing)> = [False]
                                ca_child_care_subsidies<2025-12, (not_itemizing)> = [0.]
                                  CA<2025-12, (not_itemizing)> = [False]
                              co_child_care_subsidies<2025, (not_itemizing)> = [0.]
                                CO<2025, (not_itemizing)> = [False]
                              ct_child_care_subsidies<2025, (not_itemizing)> = [0.]
                                CT<2025, (not_itemizing)> = [False]
                              de_child_care_subsidies<2025, (not_itemizing)> = [0.]
                                DE<2025, (not_itemizing)> = [False]
                              fl_child_care_subsidies<2025, (not_itemizing)> = [0.]
                                FL<2025, (not_itemizing)> = [False]
                                  state_code_str<2025, (not_itemizing)> = ['TX']
                              ga_child_care_subsidies<2025, (not_itemizing)> = [0.]
                                GA<2025, (not_itemizing)> = [False]
                              hi_child_care_subsidies<2025, (not_itemizing)> = [0.]
                                HI<2025, (not_itemizing)> = [False]
                              ia_child_care_subsidies<2025, (not_itemizing)> = [0.]
                                IA<2025, (not_itemizing)> = [False]
                              id_child_care_subsidies<2025, (not_itemizing)> = [0.]
                                ID<2025, (not_itemizing)> = [False]
                              il_child_care_subsidies<2025, (not_itemizing)> = [0.]
                                IL<2025, (not_itemizing)> = [False]
                              in_child_care_subsidies<2025, (not_itemizing)> = [0.]
                                IN<2025, (not_itemizing)> = [False]
                              ks_child_care_subsidies<2025, (not_itemizing)> = [0.]
                                KS<2025, (not_itemizing)> = [False]
                              ky_child_care_subsidies<2025, (not_itemizing)> = [0.]
                                KY<2025, (not_itemizing)> = [False]
                              la_child_care_subsidies<2025, (not_itemizing)> = [0.]
                                LA<2025, (not_itemizing)> = [False]
                              ma_child_care_subsidies<2025, (not_itemizing)> = [0.]
                                MA<2025, (not_itemizing)> = [False]
                              md_child_care_subsidies<2025, (not_itemizing)> = [0.]
                                MD<2025, (not_itemizing)> = [False]
                              me_child_care_subsidies<2025, (not_itemizing)> = [0.]
                                ME<2025, (not_itemizing)> = [False]
                              mi_child_care_subsidies<2025, (not_itemizing)> = [0.]
                                MI<2025, (not_itemizing)> = [False]
                              mn_child_care_subsidies<2025, (not_itemizing)> = [0.]
                                MN<2025, (not_itemizing)> = [False]
                              mo_child_care_subsidies<2025, (not_itemizing)> = [0.]
                                MO<2025, (not_itemizing)> = [False]
                              ms_child_care_subsidies<2025, (not_itemizing)> = [0.]
                                MS<2025, (not_itemizing)> = [False]
                              mt_child_care_subsidies<2025, (not_itemizing)> = [0.]
                                MT<2025, (not_itemizing)> = [False]
                              ne_child_care_subsidies<2025, (not_itemizing)> = [0.]
                                NE<2025, (not_itemizing)> = [False]
                              nm_child_care_subsidies<2025, (not_itemizing)> = [0.]
                                NM<2025, (not_itemizing)> = [False]
                              vt_child_care_subsidies<2025, (not_itemizing)> = [0.]
                                VT<2025, (not_itemizing)> = [False]
                              nh_child_care_subsidies<2025, (not_itemizing)> = [0.]
                                NH<2025, (not_itemizing)> = [False]
                                  state_code_str<2025, (not_itemizing)> = ['TX']
                              pa_child_care_subsidies<2025, (not_itemizing)> = [0.]
                                PA<2025, (not_itemizing)> = [False]
                              nj_child_care_subsidies<2025, (not_itemizing)> = [0.]
                                NJ<2025, (not_itemizing)> = [False]
                              oh_child_care_subsidies<2025, (not_itemizing)> = [0.]
                                OH<2025, (not_itemizing)> = [False]
                              nv_child_care_subsidies<2025, (not_itemizing)> = [0.]
                                NV<2025, (not_itemizing)> = [False]
                                  state_code_str<2025, (not_itemizing)> = ['TX']
                              or_child_care_subsidies<2025, (not_itemizing)> = [0.]
                                OR<2025, (not_itemizing)> = [False]
                              ri_child_care_subsidies<2025, (not_itemizing)> = [0.]
                                RI<2025, (not_itemizing)> = [False]
                              sc_child_care_subsidies<2025, (not_itemizing)> = [0.]
                                SC<2025, (not_itemizing)> = [False]
                              ut_child_care_subsidies<2025, (not_itemizing)> = [0.]
                                UT<2025, (not_itemizing)> = [False]
                              va_child_care_subsidies<2025, (not_itemizing)> = [0.]
                                VA<2025, (not_itemizing)> = [False]
                              wa_child_care_subsidies<2025, (not_itemizing)> = [0.]
                                WA<2025, (not_itemizing)> = [False]
                                  state_code_str<2025, (not_itemizing)> = ['TX']
                              wi_child_care_subsidies<2025, (not_itemizing)> = [0.]
                                WI<2025, (not_itemizing)> = [False]
                              wv_child_care_subsidies<2025, (not_itemizing)> = [0.]
                                WV<2025, (not_itemizing)> = [False]
                              nd_child_care_subsidies<2025, (not_itemizing)> = [0.]
                                ND<2025, (not_itemizing)> = [False]
                              ok_child_care_subsidies<2025, (not_itemizing)> = [0.]
                                OK<2025, (not_itemizing)> = [False]
                              sd_child_care_subsidies<2025, (not_itemizing)> = [0.]
                                SD<2025, (not_itemizing)> = [False]
                                  state_code_str<2025, (not_itemizing)> = ['TX']
                              nc_child_care_subsidies<2025, (not_itemizing)> = [0.]
                                NC<2025, (not_itemizing)> = [False]
                              dc_child_care_subsidies<2025, (not_itemizing)> = [0.]
                                DC<2025, (not_itemizing)> = [False]
                              tn_child_care_subsidies<2025, (not_itemizing)> = [0.]
                                TN<2025, (not_itemizing)> = [False]
                                  state_code_str<2025, (not_itemizing)> = ['TX']
                              wy_child_care_subsidies<2025, (not_itemizing)> = [0.]
                                WY<2025, (not_itemizing)> = [False]
                                  state_code_str<2025, (not_itemizing)> = ['TX']
                              tx_child_care_subsidies<2025, (not_itemizing)> = [0.]
                                TX<2025, (not_itemizing)> = [ True]
                                  state_code_str<2025, (not_itemizing)> = ['TX']
                                tx_ccs<2025, (not_itemizing)> = [0.]
                                  tx_ccs<2025-01, (not_itemizing)> = [0.]
                                    tx_ccs_eligible<2025-01, (not_itemizing)> = [False]
                                      TX<2025-01, (not_itemizing)> = [ True]
                                      tx_ccs_income_eligible<2025-01, (not_itemizing)> = [False]
                                        TX<2025-01, (not_itemizing)> = [ True]
                                        tx_ccs_countable_income<2025-01, (not_itemizing)> = [12500.]
                                          TX<2025-01, (not_itemizing)> = [ True]
                                          employment_income<2025-01, (not_itemizing)> = [11666.667]
                                            employment_income<2025, (not_itemizing)> = [140000.]
                                          self_employment_income<2025-01, (not_itemizing)> = [0.]
                                            self_employment_income<2025, (not_itemizing)> = [0.]
                                          sstb_self_employment_income<2025-01, (not_itemizing)> = [0.]
                                            sstb_self_employment_income<2025, (not_itemizing)> = [0.]
                                          dividend_income<2025-01, (not_itemizing)> = [0.]
                                            dividend_income<2025, (not_itemizing)> = [0.]
                                          interest_income<2025-01, (not_itemizing)> = [833.3333]
                                            interest_income<2025, (not_itemizing)> = [10000.]
                                              tax_exempt_interest_income<2025, (not_itemizing)> = [0.]
                                              taxable_interest_income<2025, (not_itemizing)> = [10000.]
                                          rental_income<2025-01, (not_itemizing)> = [0.]
                                            rental_income<2025, (not_itemizing)> = [0.]
                                          pension_income<2025-01, (not_itemizing)> = [0.]
                                            pension_income<2025, (not_itemizing)> = [0.]
                                              tax_exempt_pension_income<2025, (not_itemizing)> = [0.]
                                                tax_exempt_public_pension_income<2025, (not_itemizing)> = [0.]
                                                tax_exempt_private_pension_income<2025, (not_itemizing)> = [0.]
                                              taxable_pension_income<2025, (not_itemizing)> = [0.]
                                          alimony_income<2025-01, (not_itemizing)> = [0.]
                                            alimony_income<2025, (not_itemizing)> = [0.]
                                        hhs_smi<2025-01, (not_itemizing)> = [4472.5635]
                                          hhs_smi<2025, (not_itemizing)> = [53670.76]
                                            spm_unit_size<2025, (not_itemizing)> = [1]
                                            state_code_str<2025, (not_itemizing)> = ['TX']
                                      tx_ccs_asset_eligible<2025-01, (not_itemizing)> = [ True]
                                        TX<2025-01, (not_itemizing)> = [ True]
                                        spm_unit_assets<2025, (not_itemizing)> = [0.]
                                      tx_ccs_work_requirement_eligible<2025-01, (not_itemizing)> = [False]
                                        TX<2025-01, (not_itemizing)> = [ True]
                                        is_tax_unit_head_or_spouse<2025-01, (not_itemizing)> = [ True]
                                        tx_ccs_work_exempt<2025-01, (not_itemizing)> = [False]
                                          TX<2025, (not_itemizing)> = [ True]
                                          is_full_time_student<2025, (not_itemizing)> = [False]
                                          is_disabled<2025, (not_itemizing)> = [False]
                                        weekly_hours_worked<2025, (not_itemizing)> = [0.]
                                          weekly_hours_worked_before_lsr<2025, (not_itemizing)> = [0.]
                                          weekly_hours_worked_behavioural_response<2025, (not_itemizing)> = [0.]
                                            weekly_hours_worked_behavioural_response_income_elasticity<2025, (not_itemizing)> = [0.]
                                              weekly_hours_worked_before_lsr<2025, (not_itemizing)> = [0.]
                                              labor_supply_behavioral_response<2025, (not_itemizing)> = [0.]
                                              employment_income_before_lsr<2025, (not_itemizing)> = [0.]
                                              self_employment_income_before_lsr<2025, (not_itemizing)> = [0.]
                                              sstb_self_employment_income_before_lsr<2025, (not_itemizing)> = [0.]
                                            weekly_hours_worked_behavioural_response_substitution_elasticity<2025, (not_itemizing)> = [0.]
                                              weekly_hours_worked_before_lsr<2025, (not_itemizing)> = [0.]
                                              labor_supply_behavioral_response<2025, (not_itemizing)> = [0.]
                                              employment_income_before_lsr<2025, (not_itemizing)> = [0.]
                                              self_employment_income_before_lsr<2025, (not_itemizing)> = [0.]
                                              sstb_self_employment_income_before_lsr<2025, (not_itemizing)> = [0.]
                                      tx_ccs_eligible_child<2025-01, (not_itemizing)> = [False]
                                        TX<2025-01, (not_itemizing)> = [ True]
                                        age<2025, (not_itemizing)> = [40.]
                                        is_disabled<2025-01, (not_itemizing)> = [False]
                                        is_tax_unit_dependent<2025-01, (not_itemizing)> = [False]
                                        is_citizen_or_legal_immigrant<2025, (not_itemizing)> = [ True]
                                          immigration_status<2025, (not_itemizing)> = ['CITIZEN']
                                            immigration_status_str<2025, (not_itemizing)> = ['CITIZEN']
                                  tx_ccs<2025-02, (not_itemizing)> = [0.]
                                    tx_ccs_eligible<2025-02, (not_itemizing)> = [False]
                                      TX<2025-02, (not_itemizing)> = [ True]
                                      tx_ccs_income_eligible<2025-02, (not_itemizing)> = [False]
                                        TX<2025-02, (not_itemizing)> = [ True]
                                        tx_ccs_countable_income<2025-02, (not_itemizing)> = [12500.]
                                          TX<2025-02, (not_itemizing)> = [ True]
                                          employment_income<2025-02, (not_itemizing)> = [11666.667]
                                            employment_income<2025, (not_itemizing)> = [140000.]
                                          self_employment_income<2025-02, (not_itemizing)> = [0.]
                                            self_employment_income<2025, (not_itemizing)> = [0.]
                                          sstb_self_employment_income<2025-02, (not_itemizing)> = [0.]
                                            sstb_self_employment_income<2025, (not_itemizing)> = [0.]
                                          dividend_income<2025-02, (not_itemizing)> = [0.]
                                            dividend_income<2025, (not_itemizing)> = [0.]
                                          interest_income<2025-02, (not_itemizing)> = [833.3333]
                                            interest_income<2025, (not_itemizing)> = [10000.]
                                          rental_income<2025-02, (not_itemizing)> = [0.]
                                            rental_income<2025, (not_itemizing)> = [0.]
                                          pension_income<2025-02, (not_itemizing)> = [0.]
                                            pension_income<2025, (not_itemizing)> = [0.]
                                          alimony_income<2025-02, (not_itemizing)> = [0.]
                                            alimony_income<2025, (not_itemizing)> = [0.]
                                        hhs_smi<2025-02, (not_itemizing)> = [4472.5635]
                                          hhs_smi<2025, (not_itemizing)> = [53670.76]
                                      tx_ccs_asset_eligible<2025-02, (not_itemizing)> = [ True]
                                        TX<2025-02, (not_itemizing)> = [ True]
                                        spm_unit_assets<2025, (not_itemizing)> = [0.]
                                      tx_ccs_work_requirement_eligible<2025-02, (not_itemizing)> = [False]
                                        TX<2025-02, (not_itemizing)> = [ True]
                                        is_tax_unit_head_or_spouse<2025-02, (not_itemizing)> = [ True]
                                        tx_ccs_work_exempt<2025-02, (not_itemizing)> = [False]
                                        weekly_hours_worked<2025, (not_itemizing)> = [0.]
                                      tx_ccs_eligible_child<2025-02, (not_itemizing)> = [False]
                                        TX<2025-02, (not_itemizing)> = [ True]
                                        age<2025, (not_itemizing)> = [40.]
                                        is_disabled<2025-02, (not_itemizing)> = [False]
                                        is_tax_unit_dependent<2025-02, (not_itemizing)> = [False]
                                        is_citizen_or_legal_immigrant<2025, (not_itemizing)> = [ True]
                                  tx_ccs<2025-03, (not_itemizing)> = [0.]
                                    tx_ccs_eligible<2025-03, (not_itemizing)> = [False]
                                      TX<2025-03, (not_itemizing)> = [ True]
                                      tx_ccs_income_eligible<2025-03, (not_itemizing)> = [False]
                                        TX<2025-03, (not_itemizing)> = [ True]
                                        tx_ccs_countable_income<2025-03, (not_itemizing)> = [12500.]
                                          TX<2025-03, (not_itemizing)> = [ True]
                                          employment_income<2025-03, (not_itemizing)> = [11666.667]
                                            employment_income<2025, (not_itemizing)> = [140000.]
                                          self_employment_income<2025-03, (not_itemizing)> = [0.]
                                            self_employment_income<2025, (not_itemizing)> = [0.]
                                          sstb_self_employment_income<2025-03, (not_itemizing)> = [0.]
                                            sstb_self_employment_income<2025, (not_itemizing)> = [0.]
                                          dividend_income<2025-03, (not_itemizing)> = [0.]
                                            dividend_income<2025, (not_itemizing)> = [0.]
                                          interest_income<2025-03, (not_itemizing)> = [833.3333]
                                            interest_income<2025, (not_itemizing)> = [10000.]
                                          rental_income<2025-03, (not_itemizing)> = [0.]
                                            rental_income<2025, (not_itemizing)> = [0.]
                                          pension_income<2025-03, (not_itemizing)> = [0.]
                                            pension_income<2025, (not_itemizing)> = [0.]
                                          alimony_income<2025-03, (not_itemizing)> = [0.]
                                            alimony_income<2025, (not_itemizing)> = [0.]
                                        hhs_smi<2025-03, (not_itemizing)> = [4472.5635]
                                          hhs_smi<2025, (not_itemizing)> = [53670.76]
                                      tx_ccs_asset_eligible<2025-03, (not_itemizing)> = [ True]
                                        TX<2025-03, (not_itemizing)> = [ True]
                                        spm_unit_assets<2025, (not_itemizing)> = [0.]
                                      tx_ccs_work_requirement_eligible<2025-03, (not_itemizing)> = [False]
                                        TX<2025-03, (not_itemizing)> = [ True]
                                        is_tax_unit_head_or_spouse<2025-03, (not_itemizing)> = [ True]
                                        tx_ccs_work_exempt<2025-03, (not_itemizing)> = [False]
                                        weekly_hours_worked<2025, (not_itemizing)> = [0.]
                                      tx_ccs_eligible_child<2025-03, (not_itemizing)> = [False]
                                        TX<2025-03, (not_itemizing)> = [ True]
                                        age<2025, (not_itemizing)> = [40.]
                                        is_disabled<2025-03, (not_itemizing)> = [False]
                                        is_tax_unit_dependent<2025-03, (not_itemizing)> = [False]
                                        is_citizen_or_legal_immigrant<2025, (not_itemizing)> = [ True]
                                  tx_ccs<2025-04, (not_itemizing)> = [0.]
                                    tx_ccs_eligible<2025-04, (not_itemizing)> = [False]
                                      TX<2025-04, (not_itemizing)> = [ True]
                                      tx_ccs_income_eligible<2025-04, (not_itemizing)> = [False]
                                        TX<2025-04, (not_itemizing)> = [ True]
                                        tx_ccs_countable_income<2025-04, (not_itemizing)> = [12500.]
                                          TX<2025-04, (not_itemizing)> = [ True]
                                          employment_income<2025-04, (not_itemizing)> = [11666.667]
                                            employment_income<2025, (not_itemizing)> = [140000.]
                                          self_employment_income<2025-04, (not_itemizing)> = [0.]
                                            self_employment_income<2025, (not_itemizing)> = [0.]
                                          sstb_self_employment_income<2025-04, (not_itemizing)> = [0.]
                                            sstb_self_employment_income<2025, (not_itemizing)> = [0.]
                                          dividend_income<2025-04, (not_itemizing)> = [0.]
                                            dividend_income<2025, (not_itemizing)> = [0.]
                                          interest_income<2025-04, (not_itemizing)> = [833.3333]
                                            interest_income<2025, (not_itemizing)> = [10000.]
                                          rental_income<2025-04, (not_itemizing)> = [0.]
                                            rental_income<2025, (not_itemizing)> = [0.]
                                          pension_income<2025-04, (not_itemizing)> = [0.]
                                            pension_income<2025, (not_itemizing)> = [0.]
                                          alimony_income<2025-04, (not_itemizing)> = [0.]
                                            alimony_income<2025, (not_itemizing)> = [0.]
                                        hhs_smi<2025-04, (not_itemizing)> = [4472.5635]
                                          hhs_smi<2025, (not_itemizing)> = [53670.76]
                                      tx_ccs_asset_eligible<2025-04, (not_itemizing)> = [ True]
                                        TX<2025-04, (not_itemizing)> = [ True]
                                        spm_unit_assets<2025, (not_itemizing)> = [0.]
                                      tx_ccs_work_requirement_eligible<2025-04, (not_itemizing)> = [False]
                                        TX<2025-04, (not_itemizing)> = [ True]
                                        is_tax_unit_head_or_spouse<2025-04, (not_itemizing)> = [ True]
                                        tx_ccs_work_exempt<2025-04, (not_itemizing)> = [False]
                                        weekly_hours_worked<2025, (not_itemizing)> = [0.]
                                      tx_ccs_eligible_child<2025-04, (not_itemizing)> = [False]
                                        TX<2025-04, (not_itemizing)> = [ True]
                                        age<2025, (not_itemizing)> = [40.]
                                        is_disabled<2025-04, (not_itemizing)> = [False]
                                        is_tax_unit_dependent<2025-04, (not_itemizing)> = [False]
                                        is_citizen_or_legal_immigrant<2025, (not_itemizing)> = [ True]
                                  tx_ccs<2025-05, (not_itemizing)> = [0.]
                                    tx_ccs_eligible<2025-05, (not_itemizing)> = [False]
                                      TX<2025-05, (not_itemizing)> = [ True]
                                      tx_ccs_income_eligible<2025-05, (not_itemizing)> = [False]
                                        TX<2025-05, (not_itemizing)> = [ True]
                                        tx_ccs_countable_income<2025-05, (not_itemizing)> = [12500.]
                                          TX<2025-05, (not_itemizing)> = [ True]
                                          employment_income<2025-05, (not_itemizing)> = [11666.667]
                                            employment_income<2025, (not_itemizing)> = [140000.]
                                          self_employment_income<2025-05, (not_itemizing)> = [0.]
                                            self_employment_income<2025, (not_itemizing)> = [0.]
                                          sstb_self_employment_income<2025-05, (not_itemizing)> = [0.]
                                            sstb_self_employment_income<2025, (not_itemizing)> = [0.]
                                          dividend_income<2025-05, (not_itemizing)> = [0.]
                                            dividend_income<2025, (not_itemizing)> = [0.]
                                          interest_income<2025-05, (not_itemizing)> = [833.3333]
                                            interest_income<2025, (not_itemizing)> = [10000.]
                                          rental_income<2025-05, (not_itemizing)> = [0.]
                                            rental_income<2025, (not_itemizing)> = [0.]
                                          pension_income<2025-05, (not_itemizing)> = [0.]
                                            pension_income<2025, (not_itemizing)> = [0.]
                                          alimony_income<2025-05, (not_itemizing)> = [0.]
                                            alimony_income<2025, (not_itemizing)> = [0.]
                                        hhs_smi<2025-05, (not_itemizing)> = [4472.5635]
                                          hhs_smi<2025, (not_itemizing)> = [53670.76]
                                      tx_ccs_asset_eligible<2025-05, (not_itemizing)> = [ True]
                                        TX<2025-05, (not_itemizing)> = [ True]
                                        spm_unit_assets<2025, (not_itemizing)> = [0.]
                                      tx_ccs_work_requirement_eligible<2025-05, (not_itemizing)> = [False]
                                        TX<2025-05, (not_itemizing)> = [ True]
                                        is_tax_unit_head_or_spouse<2025-05, (not_itemizing)> = [ True]
                                        tx_ccs_work_exempt<2025-05, (not_itemizing)> = [False]
                                        weekly_hours_worked<2025, (not_itemizing)> = [0.]
                                      tx_ccs_eligible_child<2025-05, (not_itemizing)> = [False]
                                        TX<2025-05, (not_itemizing)> = [ True]
                                        age<2025, (not_itemizing)> = [40.]
                                        is_disabled<2025-05, (not_itemizing)> = [False]
                                        is_tax_unit_dependent<2025-05, (not_itemizing)> = [False]
                                        is_citizen_or_legal_immigrant<2025, (not_itemizing)> = [ True]
                                  tx_ccs<2025-06, (not_itemizing)> = [0.]
                                    tx_ccs_eligible<2025-06, (not_itemizing)> = [False]
                                      TX<2025-06, (not_itemizing)> = [ True]
                                      tx_ccs_income_eligible<2025-06, (not_itemizing)> = [False]
                                        TX<2025-06, (not_itemizing)> = [ True]
                                        tx_ccs_countable_income<2025-06, (not_itemizing)> = [12500.]
                                          TX<2025-06, (not_itemizing)> = [ True]
                                          employment_income<2025-06, (not_itemizing)> = [11666.667]
                                            employment_income<2025, (not_itemizing)> = [140000.]
                                          self_employment_income<2025-06, (not_itemizing)> = [0.]
                                            self_employment_income<2025, (not_itemizing)> = [0.]
                                          sstb_self_employment_income<2025-06, (not_itemizing)> = [0.]
                                            sstb_self_employment_income<2025, (not_itemizing)> = [0.]
                                          dividend_income<2025-06, (not_itemizing)> = [0.]
                                            dividend_income<2025, (not_itemizing)> = [0.]
                                          interest_income<2025-06, (not_itemizing)> = [833.3333]
                                            interest_income<2025, (not_itemizing)> = [10000.]
                                          rental_income<2025-06, (not_itemizing)> = [0.]
                                            rental_income<2025, (not_itemizing)> = [0.]
                                          pension_income<2025-06, (not_itemizing)> = [0.]
                                            pension_income<2025, (not_itemizing)> = [0.]
                                          alimony_income<2025-06, (not_itemizing)> = [0.]
                                            alimony_income<2025, (not_itemizing)> = [0.]
                                        hhs_smi<2025-06, (not_itemizing)> = [4472.5635]
                                          hhs_smi<2025, (not_itemizing)> = [53670.76]
                                      tx_ccs_asset_eligible<2025-06, (not_itemizing)> = [ True]
                                        TX<2025-06, (not_itemizing)> = [ True]
                                        spm_unit_assets<2025, (not_itemizing)> = [0.]
                                      tx_ccs_work_requirement_eligible<2025-06, (not_itemizing)> = [False]
                                        TX<2025-06, (not_itemizing)> = [ True]
                                        is_tax_unit_head_or_spouse<2025-06, (not_itemizing)> = [ True]
                                        tx_ccs_work_exempt<2025-06, (not_itemizing)> = [False]
                                        weekly_hours_worked<2025, (not_itemizing)> = [0.]
                                      tx_ccs_eligible_child<2025-06, (not_itemizing)> = [False]
                                        TX<2025-06, (not_itemizing)> = [ True]
                                        age<2025, (not_itemizing)> = [40.]
                                        is_disabled<2025-06, (not_itemizing)> = [False]
                                        is_tax_unit_dependent<2025-06, (not_itemizing)> = [False]
                                        is_citizen_or_legal_immigrant<2025, (not_itemizing)> = [ True]
                                  tx_ccs<2025-07, (not_itemizing)> = [0.]
                                    tx_ccs_eligible<2025-07, (not_itemizing)> = [False]
                                      TX<2025-07, (not_itemizing)> = [ True]
                                      tx_ccs_income_eligible<2025-07, (not_itemizing)> = [False]
                                        TX<2025-07, (not_itemizing)> = [ True]
                                        tx_ccs_countable_income<2025-07, (not_itemizing)> = [12500.]
                                          TX<2025-07, (not_itemizing)> = [ True]
                                          employment_income<2025-07, (not_itemizing)> = [11666.667]
                                            employment_income<2025, (not_itemizing)> = [140000.]
                                          self_employment_income<2025-07, (not_itemizing)> = [0.]
                                            self_employment_income<2025, (not_itemizing)> = [0.]
                                          sstb_self_employment_income<2025-07, (not_itemizing)> = [0.]
                                            sstb_self_employment_income<2025, (not_itemizing)> = [0.]
                                          dividend_income<2025-07, (not_itemizing)> = [0.]
                                            dividend_income<2025, (not_itemizing)> = [0.]
                                          interest_income<2025-07, (not_itemizing)> = [833.3333]
                                            interest_income<2025, (not_itemizing)> = [10000.]
                                          rental_income<2025-07, (not_itemizing)> = [0.]
                                            rental_income<2025, (not_itemizing)> = [0.]
                                          pension_income<2025-07, (not_itemizing)> = [0.]
                                            pension_income<2025, (not_itemizing)> = [0.]
                                          alimony_income<2025-07, (not_itemizing)> = [0.]
                                            alimony_income<2025, (not_itemizing)> = [0.]
                                        hhs_smi<2025-07, (not_itemizing)> = [4472.5635]
                                          hhs_smi<2025, (not_itemizing)> = [53670.76]
                                      tx_ccs_asset_eligible<2025-07, (not_itemizing)> = [ True]
                                        TX<2025-07, (not_itemizing)> = [ True]
                                        spm_unit_assets<2025, (not_itemizing)> = [0.]
                                      tx_ccs_work_requirement_eligible<2025-07, (not_itemizing)> = [False]
                                        TX<2025-07, (not_itemizing)> = [ True]
                                        is_tax_unit_head_or_spouse<2025-07, (not_itemizing)> = [ True]
                                        tx_ccs_work_exempt<2025-07, (not_itemizing)> = [False]
                                        weekly_hours_worked<2025, (not_itemizing)> = [0.]
                                      tx_ccs_eligible_child<2025-07, (not_itemizing)> = [False]
                                        TX<2025-07, (not_itemizing)> = [ True]
                                        age<2025, (not_itemizing)> = [40.]
                                        is_disabled<2025-07, (not_itemizing)> = [False]
                                        is_tax_unit_dependent<2025-07, (not_itemizing)> = [False]
                                        is_citizen_or_legal_immigrant<2025, (not_itemizing)> = [ True]
                                  tx_ccs<2025-08, (not_itemizing)> = [0.]
                                    tx_ccs_eligible<2025-08, (not_itemizing)> = [False]
                                      TX<2025-08, (not_itemizing)> = [ True]
                                      tx_ccs_income_eligible<2025-08, (not_itemizing)> = [False]
                                        TX<2025-08, (not_itemizing)> = [ True]
                                        tx_ccs_countable_income<2025-08, (not_itemizing)> = [12500.]
                                          TX<2025-08, (not_itemizing)> = [ True]
                                          employment_income<2025-08, (not_itemizing)> = [11666.667]
                                            employment_income<2025, (not_itemizing)> = [140000.]
                                          self_employment_income<2025-08, (not_itemizing)> = [0.]
                                            self_employment_income<2025, (not_itemizing)> = [0.]
                                          sstb_self_employment_income<2025-08, (not_itemizing)> = [0.]
                                            sstb_self_employment_income<2025, (not_itemizing)> = [0.]
                                          dividend_income<2025-08, (not_itemizing)> = [0.]
                                            dividend_income<2025, (not_itemizing)> = [0.]
                                          interest_income<2025-08, (not_itemizing)> = [833.3333]
                                            interest_income<2025, (not_itemizing)> = [10000.]
                                          rental_income<2025-08, (not_itemizing)> = [0.]
                                            rental_income<2025, (not_itemizing)> = [0.]
                                          pension_income<2025-08, (not_itemizing)> = [0.]
                                            pension_income<2025, (not_itemizing)> = [0.]
                                          alimony_income<2025-08, (not_itemizing)> = [0.]
                                            alimony_income<2025, (not_itemizing)> = [0.]
                                        hhs_smi<2025-08, (not_itemizing)> = [4472.5635]
                                          hhs_smi<2025, (not_itemizing)> = [53670.76]
                                      tx_ccs_asset_eligible<2025-08, (not_itemizing)> = [ True]
                                        TX<2025-08, (not_itemizing)> = [ True]
                                        spm_unit_assets<2025, (not_itemizing)> = [0.]
                                      tx_ccs_work_requirement_eligible<2025-08, (not_itemizing)> = [False]
                                        TX<2025-08, (not_itemizing)> = [ True]
                                        is_tax_unit_head_or_spouse<2025-08, (not_itemizing)> = [ True]
                                        tx_ccs_work_exempt<2025-08, (not_itemizing)> = [False]
                                        weekly_hours_worked<2025, (not_itemizing)> = [0.]
                                      tx_ccs_eligible_child<2025-08, (not_itemizing)> = [False]
                                        TX<2025-08, (not_itemizing)> = [ True]
                                        age<2025, (not_itemizing)> = [40.]
                                        is_disabled<2025-08, (not_itemizing)> = [False]
                                        is_tax_unit_dependent<2025-08, (not_itemizing)> = [False]
                                        is_citizen_or_legal_immigrant<2025, (not_itemizing)> = [ True]
                                  tx_ccs<2025-09, (not_itemizing)> = [0.]
                                    tx_ccs_eligible<2025-09, (not_itemizing)> = [False]
                                      TX<2025-09, (not_itemizing)> = [ True]
                                      tx_ccs_income_eligible<2025-09, (not_itemizing)> = [False]
                                        TX<2025-09, (not_itemizing)> = [ True]
                                        tx_ccs_countable_income<2025-09, (not_itemizing)> = [12500.]
                                          TX<2025-09, (not_itemizing)> = [ True]
                                          employment_income<2025-09, (not_itemizing)> = [11666.667]
                                            employment_income<2025, (not_itemizing)> = [140000.]
                                          self_employment_income<2025-09, (not_itemizing)> = [0.]
                                            self_employment_income<2025, (not_itemizing)> = [0.]
                                          sstb_self_employment_income<2025-09, (not_itemizing)> = [0.]
                                            sstb_self_employment_income<2025, (not_itemizing)> = [0.]
                                          dividend_income<2025-09, (not_itemizing)> = [0.]
                                            dividend_income<2025, (not_itemizing)> = [0.]
                                          interest_income<2025-09, (not_itemizing)> = [833.3333]
                                            interest_income<2025, (not_itemizing)> = [10000.]
                                          rental_income<2025-09, (not_itemizing)> = [0.]
                                            rental_income<2025, (not_itemizing)> = [0.]
                                          pension_income<2025-09, (not_itemizing)> = [0.]
                                            pension_income<2025, (not_itemizing)> = [0.]
                                          alimony_income<2025-09, (not_itemizing)> = [0.]
                                            alimony_income<2025, (not_itemizing)> = [0.]
                                        hhs_smi<2025-09, (not_itemizing)> = [4472.5635]
                                          hhs_smi<2025, (not_itemizing)> = [53670.76]
                                      tx_ccs_asset_eligible<2025-09, (not_itemizing)> = [ True]
                                        TX<2025-09, (not_itemizing)> = [ True]
                                        spm_unit_assets<2025, (not_itemizing)> = [0.]
                                      tx_ccs_work_requirement_eligible<2025-09, (not_itemizing)> = [False]
                                        TX<2025-09, (not_itemizing)> = [ True]
                                        is_tax_unit_head_or_spouse<2025-09, (not_itemizing)> = [ True]
                                        tx_ccs_work_exempt<2025-09, (not_itemizing)> = [False]
                                        weekly_hours_worked<2025, (not_itemizing)> = [0.]
                                      tx_ccs_eligible_child<2025-09, (not_itemizing)> = [False]
                                        TX<2025-09, (not_itemizing)> = [ True]
                                        age<2025, (not_itemizing)> = [40.]
                                        is_disabled<2025-09, (not_itemizing)> = [False]
                                        is_tax_unit_dependent<2025-09, (not_itemizing)> = [False]
                                        is_citizen_or_legal_immigrant<2025, (not_itemizing)> = [ True]
                                  tx_ccs<2025-10, (not_itemizing)> = [0.]
                                    tx_ccs_eligible<2025-10, (not_itemizing)> = [False]
                                      TX<2025-10, (not_itemizing)> = [ True]
                                      tx_ccs_income_eligible<2025-10, (not_itemizing)> = [False]
                                        TX<2025-10, (not_itemizing)> = [ True]
                                        tx_ccs_countable_income<2025-10, (not_itemizing)> = [12500.]
                                          TX<2025-10, (not_itemizing)> = [ True]
                                          employment_income<2025-10, (not_itemizing)> = [11666.667]
                                            employment_income<2025, (not_itemizing)> = [140000.]
                                          self_employment_income<2025-10, (not_itemizing)> = [0.]
                                            self_employment_income<2025, (not_itemizing)> = [0.]
                                          sstb_self_employment_income<2025-10, (not_itemizing)> = [0.]
                                            sstb_self_employment_income<2025, (not_itemizing)> = [0.]
                                          dividend_income<2025-10, (not_itemizing)> = [0.]
                                            dividend_income<2025, (not_itemizing)> = [0.]
                                          interest_income<2025-10, (not_itemizing)> = [833.3333]
                                            interest_income<2025, (not_itemizing)> = [10000.]
                                          rental_income<2025-10, (not_itemizing)> = [0.]
                                            rental_income<2025, (not_itemizing)> = [0.]
                                          pension_income<2025-10, (not_itemizing)> = [0.]
                                            pension_income<2025, (not_itemizing)> = [0.]
                                          alimony_income<2025-10, (not_itemizing)> = [0.]
                                            alimony_income<2025, (not_itemizing)> = [0.]
                                        hhs_smi<2025-10, (not_itemizing)> = [4472.5635]
                                          hhs_smi<2025, (not_itemizing)> = [53670.76]
                                      tx_ccs_asset_eligible<2025-10, (not_itemizing)> = [ True]
                                        TX<2025-10, (not_itemizing)> = [ True]
                                        spm_unit_assets<2025, (not_itemizing)> = [0.]
                                      tx_ccs_work_requirement_eligible<2025-10, (not_itemizing)> = [False]
                                        TX<2025-10, (not_itemizing)> = [ True]
                                        is_tax_unit_head_or_spouse<2025-10, (not_itemizing)> = [ True]
                                        tx_ccs_work_exempt<2025-10, (not_itemizing)> = [False]
                                        weekly_hours_worked<2025, (not_itemizing)> = [0.]
                                      tx_ccs_eligible_child<2025-10, (not_itemizing)> = [False]
                                        TX<2025-10, (not_itemizing)> = [ True]
                                        age<2025, (not_itemizing)> = [40.]
                                        is_disabled<2025-10, (not_itemizing)> = [False]
                                        is_tax_unit_dependent<2025-10, (not_itemizing)> = [False]
                                        is_citizen_or_legal_immigrant<2025, (not_itemizing)> = [ True]
                                  tx_ccs<2025-11, (not_itemizing)> = [0.]
                                    tx_ccs_eligible<2025-11, (not_itemizing)> = [False]
                                      TX<2025-11, (not_itemizing)> = [ True]
                                      tx_ccs_income_eligible<2025-11, (not_itemizing)> = [False]
                                        TX<2025-11, (not_itemizing)> = [ True]
                                        tx_ccs_countable_income<2025-11, (not_itemizing)> = [12500.]
                                          TX<2025-11, (not_itemizing)> = [ True]
                                          employment_income<2025-11, (not_itemizing)> = [11666.667]
                                            employment_income<2025, (not_itemizing)> = [140000.]
                                          self_employment_income<2025-11, (not_itemizing)> = [0.]
                                            self_employment_income<2025, (not_itemizing)> = [0.]
                                          sstb_self_employment_income<2025-11, (not_itemizing)> = [0.]
                                            sstb_self_employment_income<2025, (not_itemizing)> = [0.]
                                          dividend_income<2025-11, (not_itemizing)> = [0.]
                                            dividend_income<2025, (not_itemizing)> = [0.]
                                          interest_income<2025-11, (not_itemizing)> = [833.3333]
                                            interest_income<2025, (not_itemizing)> = [10000.]
                                          rental_income<2025-11, (not_itemizing)> = [0.]
                                            rental_income<2025, (not_itemizing)> = [0.]
                                          pension_income<2025-11, (not_itemizing)> = [0.]
                                            pension_income<2025, (not_itemizing)> = [0.]
                                          alimony_income<2025-11, (not_itemizing)> = [0.]
                                            alimony_income<2025, (not_itemizing)> = [0.]
                                        hhs_smi<2025-11, (not_itemizing)> = [4472.5635]
                                          hhs_smi<2025, (not_itemizing)> = [53670.76]
                                      tx_ccs_asset_eligible<2025-11, (not_itemizing)> = [ True]
                                        TX<2025-11, (not_itemizing)> = [ True]
                                        spm_unit_assets<2025, (not_itemizing)> = [0.]
                                      tx_ccs_work_requirement_eligible<2025-11, (not_itemizing)> = [False]
                                        TX<2025-11, (not_itemizing)> = [ True]
                                        is_tax_unit_head_or_spouse<2025-11, (not_itemizing)> = [ True]
                                        tx_ccs_work_exempt<2025-11, (not_itemizing)> = [False]
                                        weekly_hours_worked<2025, (not_itemizing)> = [0.]
                                      tx_ccs_eligible_child<2025-11, (not_itemizing)> = [False]
                                        TX<2025-11, (not_itemizing)> = [ True]
                                        age<2025, (not_itemizing)> = [40.]
                                        is_disabled<2025-11, (not_itemizing)> = [False]
                                        is_tax_unit_dependent<2025-11, (not_itemizing)> = [False]
                                        is_citizen_or_legal_immigrant<2025, (not_itemizing)> = [ True]
                                  tx_ccs<2025-12, (not_itemizing)> = [0.]
                                    tx_ccs_eligible<2025-12, (not_itemizing)> = [False]
                                      TX<2025-12, (not_itemizing)> = [ True]
                                      tx_ccs_income_eligible<2025-12, (not_itemizing)> = [False]
                                        TX<2025-12, (not_itemizing)> = [ True]
                                        tx_ccs_countable_income<2025-12, (not_itemizing)> = [12500.]
                                          TX<2025-12, (not_itemizing)> = [ True]
                                          employment_income<2025-12, (not_itemizing)> = [11666.667]
                                            employment_income<2025, (not_itemizing)> = [140000.]
                                          self_employment_income<2025-12, (not_itemizing)> = [0.]
                                            self_employment_income<2025, (not_itemizing)> = [0.]
                                          sstb_self_employment_income<2025-12, (not_itemizing)> = [0.]
                                            sstb_self_employment_income<2025, (not_itemizing)> = [0.]
                                          dividend_income<2025-12, (not_itemizing)> = [0.]
                                            dividend_income<2025, (not_itemizing)> = [0.]
                                          interest_income<2025-12, (not_itemizing)> = [833.3333]
                                            interest_income<2025, (not_itemizing)> = [10000.]
                                          rental_income<2025-12, (not_itemizing)> = [0.]
                                            rental_income<2025, (not_itemizing)> = [0.]
                                          pension_income<2025-12, (not_itemizing)> = [0.]
                                            pension_income<2025, (not_itemizing)> = [0.]
                                          alimony_income<2025-12, (not_itemizing)> = [0.]
                                            alimony_income<2025, (not_itemizing)> = [0.]
                                        hhs_smi<2025-12, (not_itemizing)> = [4472.5635]
                                          hhs_smi<2025, (not_itemizing)> = [53670.76]
                                      tx_ccs_asset_eligible<2025-12, (not_itemizing)> = [ True]
                                        TX<2025-12, (not_itemizing)> = [ True]
                                        spm_unit_assets<2025, (not_itemizing)> = [0.]
                                      tx_ccs_work_requirement_eligible<2025-12, (not_itemizing)> = [False]
                                        TX<2025-12, (not_itemizing)> = [ True]
                                        is_tax_unit_head_or_spouse<2025-12, (not_itemizing)> = [ True]
                                        tx_ccs_work_exempt<2025-12, (not_itemizing)> = [False]
                                        weekly_hours_worked<2025, (not_itemizing)> = [0.]
                                      tx_ccs_eligible_child<2025-12, (not_itemizing)> = [False]
                                        TX<2025-12, (not_itemizing)> = [ True]
                                        age<2025, (not_itemizing)> = [40.]
                                        is_disabled<2025-12, (not_itemizing)> = [False]
                                        is_tax_unit_dependent<2025-12, (not_itemizing)> = [False]
                                        is_citizen_or_legal_immigrant<2025, (not_itemizing)> = [ True]
                              ny_child_care_subsidies<2025, (not_itemizing)> = [0.]
                                NY<2025, (not_itemizing)> = [False]
                          is_child<2025, (not_itemizing)> = [False]
                          is_child<2025, (not_itemizing)> = [False]
                        care_expenses<2025, (not_itemizing)> = [0.]
                          pre_subsidy_care_expenses<2025, (not_itemizing)> = [0.]
                        cdcc_limit<2025, (not_itemizing)> = [0.]
                          capped_count_cdcc_eligible<2025, (not_itemizing)> = [0]
                            count_cdcc_eligible<2025, (not_itemizing)> = [0]
                              is_cdcc_eligible<2025, (not_itemizing)> = [False]
                                age<2025, (not_itemizing)> = [40.]
                                is_tax_unit_dependent<2025, (not_itemizing)> = [False]
                                is_tax_unit_head_or_spouse<2025, (not_itemizing)> = [ True]
                                is_incapable_of_self_care<2025, (not_itemizing)> = [False]
                                tax_unit_married<2025, (not_itemizing)> = [False]
                              is_tax_unit_head_or_spouse<2025, (not_itemizing)> = [ True]
                          dependent_care_assistance_exclusion<2025, (not_itemizing)> = [0.]
                            dependent_care_employer_benefits<2025, (not_itemizing)> = [0.]
                            filing_status<2025, (not_itemizing)> = ['SINGLE']
                            min_head_spouse_earned<2025, (not_itemizing)> = [140000.]
                              tax_unit_is_joint<2025, (not_itemizing)> = [False]
                              is_tax_unit_head<2025, (not_itemizing)> = [ True]
                              is_tax_unit_spouse<2025, (not_itemizing)> = [False]
                              cdcc_income_floor_eligible<2025, (not_itemizing)> = [False]
                                is_tax_unit_head_or_spouse<2025, (not_itemizing)> = [ True]
                                tax_unit_married<2025, (not_itemizing)> = [False]
                                is_full_time_student<2025, (not_itemizing)> = [False]
                                is_incapable_of_self_care<2025, (not_itemizing)> = [False]
                              head_earned<2025, (not_itemizing)> = [140000.]
                                adjusted_earnings<2025, (not_itemizing)> = [140000.]
                                is_tax_unit_head<2025, (not_itemizing)> = [ True]
                              spouse_earned<2025, (not_itemizing)> = [0.]
                                adjusted_earnings<2025, (not_itemizing)> = [140000.]
                                is_tax_unit_spouse<2025, (not_itemizing)> = [False]
                              count_cdcc_eligible<2025, (not_itemizing)> = [0]
                        min_head_spouse_earned<2025, (not_itemizing)> = [140000.]
                      cdcc_rate<2025, (not_itemizing)> = [0.2]
                        adjusted_gross_income<2025, (not_itemizing)> = [150000.]
                      cdcc_filing_status_eligible<2025, (not_itemizing)> = [ True]
                        filing_status<2025, (not_itemizing)> = ['SINGLE']
                        is_tax_unit_head_or_spouse<2025, (not_itemizing)> = [ True]
                        is_separated<2025, (not_itemizing)> = [False]
                        is_cdcc_eligible<2025, (not_itemizing)> = [False]
                        is_tax_unit_head_or_spouse<2025, (not_itemizing)> = [ True]
                  elderly_disabled_credit<2025, (not_itemizing)> = [0.]
                    elderly_disabled_credit_credit_limit<2025, (not_itemizing)> = [25067.]
                      income_tax_before_credits<2025, (not_itemizing)> = [25067.]
                      foreign_tax_credit<2025, (not_itemizing)> = [0.]
                      cdcc<2025, (not_itemizing)> = [0.]
                    elderly_disabled_credit_potential<2025, (not_itemizing)> = [0.]
                      section_22_income<2025, (not_itemizing)> = [0.]
                        filing_status<2025, (not_itemizing)> = ['SINGLE']
                        qualifies_for_elderly_or_disabled_credit<2025, (not_itemizing)> = [False]
                          age<2025, (not_itemizing)> = [40.]
                          retired_on_total_disability<2025, (not_itemizing)> = [False]
                        age<2025, (not_itemizing)> = [40.]
                        is_tax_unit_dependent<2025, (not_itemizing)> = [False]
                        total_disability_payments<2025, (not_itemizing)> = [0.]
                        pension_income<2025, (not_itemizing)> = [0.]
                        taxable_pension_income<2025, (not_itemizing)> = [0.]
                        tax_unit_social_security<2025, (not_itemizing)> = [0.]
                        tax_unit_taxable_social_security<2025, (not_itemizing)> = [0.]
                        adjusted_gross_income<2025, (not_itemizing)> = [150000.]
                  non_refundable_american_opportunity_credit<2025, (not_itemizing)> = [0.]
                    non_refundable_american_opportunity_credit_credit_limit<2025, (not_itemizing)> = [25067.]
                      income_tax_before_credits<2025, (not_itemizing)> = [25067.]
                      foreign_tax_credit<2025, (not_itemizing)> = [0.]
                      cdcc<2025, (not_itemizing)> = [0.]
                      elderly_disabled_credit<2025, (not_itemizing)> = [0.]
                    non_refundable_american_opportunity_credit_potential<2025, (not_itemizing)> = [0.]
                      american_opportunity_credit<2025, (not_itemizing)> = [0.]
                        is_eligible_for_american_opportunity_credit<2025, (not_itemizing)> = [False]
                          filing_status<2025, (not_itemizing)> = ['SINGLE']
                          has_american_opportunity_credit_1098_t_or_exception<2025, (not_itemizing)> = [False]
                          has_american_opportunity_credit_institution_ein<2025, (not_itemizing)> = [False]
                          is_pursuing_credential_for_american_opportunity_credit<2025, (not_itemizing)> = [False]
                          attends_eligible_educational_institution_for_american_opportunity_credit<2025, (not_itemizing)> = [False]
                          is_enrolled_at_least_half_time_for_american_opportunity_credit<2025, (not_itemizing)> = [False]
                          has_completed_first_four_years_of_postsecondary_education<2025, (not_itemizing)> = [False]
                          american_opportunity_credit_claimed_prior_years<2025, (not_itemizing)> = [0]
                          has_felony_drug_conviction<2025, (not_itemizing)> = [False]
                          meets_american_opportunity_credit_identification_requirements<2025, (not_itemizing)> = [ True]
                            has_tin<2025, (not_itemizing)> = [ True]
                          filer_meets_american_opportunity_credit_identification_requirements<2025, (not_itemizing)> = [ True]
                            is_tax_unit_head_or_spouse<2025, (not_itemizing)> = [ True]
                            meets_american_opportunity_credit_identification_requirements<2025, (not_itemizing)> = [ True]
                          is_nonresident_alien_for_american_opportunity_credit<2025, (not_itemizing)> = [False]
                          is_barred_from_american_opportunity_credit_due_to_improper_claims<2025, (not_itemizing)> = [False]
                        qualified_tuition_expenses<2025, (not_itemizing)> = [0.]
                        education_credit_phase_out<2025, (not_itemizing)> = [1.]
                          adjusted_gross_income<2025, (not_itemizing)> = [150000.]
                          tax_unit_is_joint<2025, (not_itemizing)> = [False]
                      refundable_american_opportunity_credit<2025, (not_itemizing)> = [0.]
                        american_opportunity_credit<2025, (not_itemizing)> = [0.]
                  lifetime_learning_credit<2025, (not_itemizing)> = [0.]
                    lifetime_learning_credit_credit_limit<2025, (not_itemizing)> = [25067.]
                      income_tax_before_credits<2025, (not_itemizing)> = [25067.]
                      foreign_tax_credit<2025, (not_itemizing)> = [0.]
                      cdcc<2025, (not_itemizing)> = [0.]
                      elderly_disabled_credit<2025, (not_itemizing)> = [0.]
                      non_refundable_american_opportunity_credit<2025, (not_itemizing)> = [0.]
                    lifetime_learning_credit_potential<2025, (not_itemizing)> = [0.]
                      is_eligible_for_american_opportunity_credit<2025, (not_itemizing)> = [False]
                      is_eligible_for_lifetime_learning_credit<2025, (not_itemizing)> = [False]
                        filing_status<2025, (not_itemizing)> = ['SINGLE']
                        has_lifetime_learning_credit_1098_t_or_exception<2025, (not_itemizing)> = [False]
                        attends_eligible_educational_institution_for_lifetime_learning_credit<2025, (not_itemizing)> = [False]
                        meets_lifetime_learning_credit_identification_requirements<2025, (not_itemizing)> = [ True]
                          has_tin<2025, (not_itemizing)> = [ True]
                        filer_meets_lifetime_learning_credit_identification_requirements<2025, (not_itemizing)> = [ True]
                          is_tax_unit_head_or_spouse<2025, (not_itemizing)> = [ True]
                          meets_lifetime_learning_credit_identification_requirements<2025, (not_itemizing)> = [ True]
                        is_nonresident_alien_for_lifetime_learning_credit<2025, (not_itemizing)> = [False]
                      qualified_tuition_expenses<2025, (not_itemizing)> = [0.]
                      lifetime_learning_credit_phase_out<2025, (not_itemizing)> = [1.]
                        adjusted_gross_income<2025, (not_itemizing)> = [150000.]
                        tax_unit_is_joint<2025, (not_itemizing)> = [False]
                  savers_credit<2025, (not_itemizing)> = [0.]
                    savers_credit_credit_limit<2025, (not_itemizing)> = [25067.]
                      income_tax_before_credits<2025, (not_itemizing)> = [25067.]
                      foreign_tax_credit<2025, (not_itemizing)> = [0.]
                      cdcc<2025, (not_itemizing)> = [0.]
                      elderly_disabled_credit<2025, (not_itemizing)> = [0.]
                      non_refundable_american_opportunity_credit<2025, (not_itemizing)> = [0.]
                      lifetime_learning_credit<2025, (not_itemizing)> = [0.]
                    savers_credit_potential<2025, (not_itemizing)> = [0.]
                      savers_credit_person<2025, (not_itemizing)> = [0.]
                        savers_credit_eligible_person<2025, (not_itemizing)> = [ True]
                          age<2025, (not_itemizing)> = [40.]
                          is_full_time_student<2025, (not_itemizing)> = [False]
                          claimed_as_dependent_on_another_return<2025, (not_itemizing)> = [False]
                          is_tax_unit_head_or_spouse<2025, (not_itemizing)> = [ True]
                        savers_credit_qualified_contributions<2025, (not_itemizing)> = [0.]
                          traditional_ira_contributions<2025, (not_itemizing)> = [0.]
                          roth_ira_contributions<2025, (not_itemizing)> = [0.]
                            roth_ira_contributions_desired<2025, (not_itemizing)> = [0.]
                            ira_contribution_scale<2025, (not_itemizing)> = [1.]
                          traditional_401k_contributions<2025, (not_itemizing)> = [0.]
                          traditional_403b_contributions<2025, (not_itemizing)> = [0.]
                          roth_401k_contributions<2025, (not_itemizing)> = [0.]
                            roth_401k_contributions_desired<2025, (not_itemizing)> = [0.]
                            elective_deferral_contribution_scale<2025, (not_itemizing)> = [1.]
                          roth_403b_contributions<2025, (not_itemizing)> = [0.]
                            roth_403b_contributions_desired<2025, (not_itemizing)> = [0.]
                            elective_deferral_contribution_scale<2025, (not_itemizing)> = [1.]
                          self_employed_pension_contributions<2025, (not_itemizing)> = [0.]
                          able_contributions_person<2025, (not_itemizing)> = [0.]
                          retirement_distributions<2025, (not_itemizing)> = [0.]
                            taxable_retirement_distributions<2025, (not_itemizing)> = [0.]
                            tax_exempt_retirement_distributions<2025, (not_itemizing)> = [0.]
                              tax_exempt_ira_distributions<2025, (not_itemizing)> = [0.]
                              tax_exempt_401k_distributions<2025, (not_itemizing)> = [0.]
                              tax_exempt_sep_distributions<2025, (not_itemizing)> = [0.]
                              tax_exempt_403b_distributions<2025, (not_itemizing)> = [0.]
                        adjusted_gross_income<2025, (not_itemizing)> = [150000.]
                        filing_status<2025, (not_itemizing)> = ['SINGLE']
                  energy_efficient_home_improvement_credit<2025, (not_itemizing)> = [0.]
                    energy_efficient_home_improvement_credit_credit_limit<2025, (not_itemizing)> = [25067.]
                      income_tax_before_credits<2025, (not_itemizing)> = [25067.]
                      foreign_tax_credit<2025, (not_itemizing)> = [0.]
                      cdcc<2025, (not_itemizing)> = [0.]
                      elderly_disabled_credit<2025, (not_itemizing)> = [0.]
                      non_refundable_american_opportunity_credit<2025, (not_itemizing)> = [0.]
                      lifetime_learning_credit<2025, (not_itemizing)> = [0.]
                      savers_credit<2025, (not_itemizing)> = [0.]
                    energy_efficient_home_improvement_credit_potential<2025, (not_itemizing)> = [0.]
                      capped_heat_pump_heat_pump_water_heater_biomass_stove_boiler_credit<2025, (not_itemizing)> = [0.]
                        heat_pump_expenditures<2025, (not_itemizing)> = [0.]
                        heat_pump_water_heater_expenditures<2025, (not_itemizing)> = [0.]
                        biomass_stove_boiler_expenditures<2025, (not_itemizing)> = [0.]
                        capped_heat_pump_rebate<2025, (not_itemizing)> = [0.]
                          high_efficiency_electric_home_rebate_percent_covered<2025, (not_itemizing)> = [1.]
                            tax_unit_income_ami_ratio<2025, (not_itemizing)> = [0.]
                          heat_pump_expenditures<2025, (not_itemizing)> = [0.]
                        capped_heat_pump_water_heater_rebate<2025, (not_itemizing)> = [0.]
                          high_efficiency_electric_home_rebate_percent_covered<2025, (not_itemizing)> = [1.]
                          heat_pump_water_heater_expenditures<2025, (not_itemizing)> = [0.]
                      capped_energy_efficient_door_credit<2025, (not_itemizing)> = [0.]
                        energy_efficient_door_expenditures<2025, (not_itemizing)> = [0.]
                      capped_energy_efficient_insulation_credit<2025, (not_itemizing)> = [0.]
                        energy_efficient_insulation_expenditures<2025, (not_itemizing)> = [0.]
                        capped_insulation_air_sealing_ventilation_rebate<2025, (not_itemizing)> = [0.]
                          high_efficiency_electric_home_rebate_percent_covered<2025, (not_itemizing)> = [1.]
                          energy_efficient_insulation_expenditures<2025, (not_itemizing)> = [0.]
                          air_sealing_ventilation_expenditures<2025, (not_itemizing)> = [0.]
                      capped_energy_efficient_window_credit<2025, (not_itemizing)> = [0.]
                        energy_efficient_window_expenditures<2025, (not_itemizing)> = [0.]
                        prior_energy_efficient_window_credits<2025, (not_itemizing)> = [0.]
                      capped_advanced_main_air_circulating_fan_credit<2025, (not_itemizing)> = [0.]
                        advanced_main_air_circulating_fan_expenditures<2025, (not_itemizing)> = [0.]
                      capped_qualified_furnace_or_hot_water_boiler_credit<2025, (not_itemizing)> = [0.]
                        qualified_furnace_or_hot_water_boiler_expenditures<2025, (not_itemizing)> = [0.]
                      capped_advanced_main_air_circulating_fan_credit<2025, (not_itemizing)> = [0.]
                      capped_energy_efficient_central_air_conditioner_credit<2025, (not_itemizing)> = [0.]
                        energy_efficient_central_air_conditioner_expenditures<2025, (not_itemizing)> = [0.]
                      capped_heat_pump_heat_pump_water_heater_biomass_stove_boiler_credit<2025, (not_itemizing)> = [0.]
                      capped_qualified_furnace_or_hot_water_boiler_credit<2025, (not_itemizing)> = [0.]
                      capped_home_energy_audit_credit<2025, (not_itemizing)> = [0.]
                        home_energy_audit_expenditures<2025, (not_itemizing)> = [0.]
                      prior_energy_efficient_home_improvement_credits<2025, (not_itemizing)> = [0.]
                  used_clean_vehicle_credit<2025, (not_itemizing)> = [0.]
                    used_clean_vehicle_credit_eligible<2025, (not_itemizing)> = [False]
                      purchased_qualifying_used_clean_vehicle<2025, (not_itemizing)> = [False]
                  new_clean_vehicle_credit<2025, (not_itemizing)> = [0.]
                    new_clean_vehicle_credit_eligible<2025, (not_itemizing)> = [False]
                      purchased_qualifying_new_clean_vehicle<2025, (not_itemizing)> = [False]
                  non_refundable_ctc<2025, (not_itemizing)> = [0.]
                    ctc<2025, (not_itemizing)> = [0.]
                      filer_meets_ctc_identification_requirements<2025, (not_itemizing)> = [ True]
                        is_tax_unit_head_or_spouse<2025, (not_itemizing)> = [ True]
                        has_tin<2025, (not_itemizing)> = [ True]
                      ctc_maximum_with_arpa_addition<2025, (not_itemizing)> = [0.]
                        ctc_maximum<2025, (not_itemizing)> = [0.]
                          ctc_individual_maximum<2025, (not_itemizing)> = [0.]
                            ctc_child_individual_maximum<2025, (not_itemizing)> = [0.]
                              is_tax_unit_dependent<2025, (not_itemizing)> = [False]
                            ctc_adult_individual_maximum<2025, (not_itemizing)> = [0.]
                              is_tax_unit_dependent<2025, (not_itemizing)> = [False]
                        ctc_arpa_addition<2025, (not_itemizing)> = [0.]
                          ctc_arpa_max_addition<2025, (not_itemizing)> = [0.]
                          ctc_arpa_phase_out<2025, (not_itemizing)> = [0.]
                            ctc_arpa_phase_out_cap<2025, (not_itemizing)> = [0.]
                            ctc_arpa_uncapped_phase_out<2025, (not_itemizing)> = [0.]
                      ctc_phase_out<2025, (not_itemizing)> = [0.]
                        adjusted_gross_income<2025, (not_itemizing)> = [150000.]
                        ctc_phase_out_threshold<2025, (not_itemizing)> = [200000.]
                          filing_status<2025, (not_itemizing)> = ['SINGLE']
                    refundable_ctc<2025, (not_itemizing)> = [0.]
                      ctc_refundable_maximum<2025, (not_itemizing)> = [0.]
                        ctc_child_individual_maximum<2025, (not_itemizing)> = [0.]
                        ctc_child_individual_maximum_arpa<2025, (not_itemizing)> = [0.]
                          ctc_qualifying_child<2025, (not_itemizing)> = [False]
                            is_tax_unit_dependent<2025, (not_itemizing)> = [False]
                      ctc<2025, (not_itemizing)> = [0.]
                      ctc_phase_in<2025, (not_itemizing)> = [20625.]
                        ctc_phase_in_relevant_earnings<2025, (not_itemizing)> = [20625.]
                          eitc_earned_income<2025, (not_itemizing)> = [140000.]
                            employment_income<2025, (not_itemizing)> = [140000.]
                            is_tax_unit_dependent<2025, (not_itemizing)> = [False]
                            self_employment_income<2025, (not_itemizing)> = [0.]
                            is_tax_unit_dependent<2025, (not_itemizing)> = [False]
                            sstb_self_employment_income<2025, (not_itemizing)> = [0.]
                            is_tax_unit_dependent<2025, (not_itemizing)> = [False]
                            farm_operations_income<2025, (not_itemizing)> = [0.]
                            is_tax_unit_dependent<2025, (not_itemizing)> = [False]
                            partnership_self_employment_net_earnings<2025, (not_itemizing)> = [0.]
                            is_tax_unit_dependent<2025, (not_itemizing)> = [False]
                            self_employment_tax_ald_person<2025, (not_itemizing)> = [0.]
                            is_tax_unit_dependent<2025, (not_itemizing)> = [False]
                        ctc_social_security_tax<2025, (not_itemizing)> = [10710.]
                          employee_social_security_tax<2025, (not_itemizing)> = [8680.]
                            taxable_earnings_for_social_security<2025, (not_itemizing)> = [140000.]
                          is_tax_unit_dependent<2025, (not_itemizing)> = [False]
                          employee_medicare_tax<2025, (not_itemizing)> = [2030.]
                            payroll_tax_gross_wages<2025, (not_itemizing)> = [140000.]
                          is_tax_unit_dependent<2025, (not_itemizing)> = [False]
                          self_employment_tax_ald_person<2025, (not_itemizing)> = [0.]
                          is_tax_unit_dependent<2025, (not_itemizing)> = [False]
                          unreported_payroll_tax<2025, (not_itemizing)> = [0.]
                          additional_medicare_tax<2025, (not_itemizing)> = [0.]
                            payroll_tax_gross_wages<2025, (not_itemizing)> = [140000.]
                            is_tax_unit_dependent<2025, (not_itemizing)> = [False]
                            taxable_self_employment_income<2025, (not_itemizing)> = [0.]
                            is_tax_unit_dependent<2025, (not_itemizing)> = [False]
                            filing_status<2025, (not_itemizing)> = ['SINGLE']
                          excess_payroll_tax_withheld<2025, (not_itemizing)> = [0.]
                        eitc<2025, (not_itemizing)> = [0.]
                          eitc_eligible<2025, (not_itemizing)> = [ True]
                            eitc_investment_income_eligible<2025, (not_itemizing)> = [ True]
                              eitc_relevant_investment_income<2025, (not_itemizing)> = [10000.]
                                taxable_interest_income<2025, (not_itemizing)> = [10000.]
                                tax_exempt_interest_income<2025, (not_itemizing)> = [0.]
                                dividend_income<2025, (not_itemizing)> = [0.]
                                net_capital_gains<2025, (not_itemizing)> = [0.]
                                  long_term_capital_gains<2025, (not_itemizing)> = [0.]
                                  short_term_capital_gains<2025, (not_itemizing)> = [0.]
                                non_sch_d_capital_gains<2025, (not_itemizing)> = [0.]
                                rental_income<2025, (not_itemizing)> = [0.]
                                passive_partnership_s_corp_income<2025, (not_itemizing)> = [0.]
                            eitc_demographic_eligible<2025, (not_itemizing)> = [ True]
                              eitc_child_count<2025, (not_itemizing)> = [0]
                                is_tax_unit_dependent<2025, (not_itemizing)> = [False]
                                is_permanently_and_totally_disabled<2025, (not_itemizing)> = [False]
                                is_qualifying_child_dependent<2025, (not_itemizing)> = [False]
                                meets_eitc_identification_requirements<2025, (not_itemizing)> = [ True]
                                  ssn_card_type<2025, (not_itemizing)> = ['CITIZEN']
                              age<2025, (not_itemizing)> = [40.]
                              is_full_time_student<2025, (not_itemizing)> = [False]
                              is_tax_unit_dependent<2025, (not_itemizing)> = [False]
                            filer_meets_eitc_identification_requirements<2025, (not_itemizing)> = [ True]
                              is_tax_unit_head_or_spouse<2025, (not_itemizing)> = [ True]
                              meets_eitc_identification_requirements<2025, (not_itemizing)> = [ True]
                          takes_up_eitc<2025, (not_itemizing)> = [ True]
                          eitc_maximum<2025, (not_itemizing)> = [649.]
                            eitc_child_count<2025, (not_itemizing)> = [0]
                          eitc_phased_in<2025, (not_itemizing)> = [649.]
                            eitc_maximum<2025, (not_itemizing)> = [649.]
                            eitc_phase_in_rate<2025, (not_itemizing)> = [0.0765]
                              eitc_child_count<2025, (not_itemizing)> = [0]
                            eitc_earned_income<2025, (not_itemizing)> = [140000.]
                          eitc_reduction<2025, (not_itemizing)> = [10662.569]
                            eitc_earned_income<2025, (not_itemizing)> = [140000.]
                            adjusted_gross_income<2025, (not_itemizing)> = [150000.]
                            eitc_phase_out_start<2025, (not_itemizing)> = [10620.]
                              eitc_child_count<2025, (not_itemizing)> = [0]
                              tax_unit_is_joint<2025, (not_itemizing)> = [False]
                            eitc_phase_out_rate<2025, (not_itemizing)> = [0.0765]
                              eitc_child_count<2025, (not_itemizing)> = [0]
                          tax_unit_is_required_to_file<2025, (not_itemizing)> = [ True]
                            irs_gross_income<2025, (not_itemizing)> = [150000.]
                            filing_status<2025, (not_itemizing)> = ['SINGLE']
                            standard_deduction<2025, (not_itemizing)> = [15750.]
                            additional_standard_deduction<2025, (not_itemizing)> = [0.]
                            earned_income<2025, (not_itemizing)> = [140000.]
                          would_file_taxes_voluntarily<2025, (not_itemizing)> = [False]
                          would_file_if_eligible_for_refundable_credit<2025, (not_itemizing)> = [ True]
                        ctc_qualifying_children<2025, (not_itemizing)> = [0]
                          ctc_qualifying_child<2025, (not_itemizing)> = [False]
                      ctc_limiting_tax_liability<2025, (not_itemizing)> = [25067.]
                        ctc_tax_liability_after_preceding_credits<2025, (not_itemizing)> = [25067.]
                          income_tax_before_credits<2025, (not_itemizing)> = [25067.]
                          foreign_tax_credit<2025, (not_itemizing)> = [0.]
                          cdcc<2025, (not_itemizing)> = [0.]
                          elderly_disabled_credit<2025, (not_itemizing)> = [0.]
                          non_refundable_american_opportunity_credit<2025, (not_itemizing)> = [0.]
                          lifetime_learning_credit<2025, (not_itemizing)> = [0.]
                          savers_credit<2025, (not_itemizing)> = [0.]
                          energy_efficient_home_improvement_credit<2025, (not_itemizing)> = [0.]
                          used_clean_vehicle_credit<2025, (not_itemizing)> = [0.]
                          new_clean_vehicle_credit<2025, (not_itemizing)> = [0.]
                        residential_clean_energy_credit<2025, (not_itemizing)> = [0.]
                          residential_clean_energy_credit_credit_limit<2025, (not_itemizing)> = [25067.]
                            income_tax_before_credits<2025, (not_itemizing)> = [25067.]
                            foreign_tax_credit<2025, (not_itemizing)> = [0.]
                            cdcc<2025, (not_itemizing)> = [0.]
                            elderly_disabled_credit<2025, (not_itemizing)> = [0.]
                            non_refundable_american_opportunity_credit<2025, (not_itemizing)> = [0.]
                            lifetime_learning_credit<2025, (not_itemizing)> = [0.]
                            savers_credit<2025, (not_itemizing)> = [0.]
                            energy_efficient_home_improvement_credit<2025, (not_itemizing)> = [0.]
                            used_clean_vehicle_credit<2025, (not_itemizing)> = [0.]
                            new_clean_vehicle_credit<2025, (not_itemizing)> = [0.]
                            ctc<2025, (not_itemizing)> = [0.]
                            ctc_credit_limit_worksheet_b_applies<2025, (not_itemizing)> = [False]
                              ctc_qualifying_children<2025, (not_itemizing)> = [0]
                              foreign_earned_income_exclusion<2025, (not_itemizing)> = [0.]
                            ctc_non_refundable_minimum<2025, (not_itemizing)> = [0.]
                              ctc<2025, (not_itemizing)> = [0.]
                              ctc_refundable_maximum<2025, (not_itemizing)> = [0.]
                              ctc_phase_in<2025, (not_itemizing)> = [20625.]
                          residential_clean_energy_credit_potential<2025, (not_itemizing)> = [0.]
                            geothermal_heat_pump_property_expenditures<2025, (not_itemizing)> = [0.]
                            small_wind_energy_property_expenditures<2025, (not_itemizing)> = [0.]
                            solar_electric_property_expenditures<2025, (not_itemizing)> = [0.]
                            solar_water_heating_property_expenditures<2025, (not_itemizing)> = [0.]
                            qualified_battery_storage_technology_expenditures<2025, (not_itemizing)> = [0.]
                            fuel_cell_property_expenditures<2025, (not_itemizing)> = [0.]
                            fuel_cell_property_capacity<2025, (not_itemizing)> = [0.]
                        ctc_credit_limit_worksheet_b_applies<2025, (not_itemizing)> = [False]
                  residential_clean_energy_credit<2025, (not_itemizing)> = [0.]
                income_tax_unavailable_non_refundable_credits<2025, (not_itemizing)> = [0.]
                  income_tax_before_credits<2025, (not_itemizing)> = [25067.]
                  income_tax_non_refundable_credits<2025, (not_itemizing)> = [0.]
                  income_tax_non_refundable_credits<2025, (not_itemizing)> = [0.]
            income_tax_refundable_credits<2025, (not_itemizing)> = [0.]
              eitc<2025, (not_itemizing)> = [0.]
              refundable_american_opportunity_credit<2025, (not_itemizing)> = [0.]
              refundable_ctc<2025, (not_itemizing)> = [0.]
              recovery_rebate_credit<2025, (not_itemizing)> = [0.]
                rrc_cares<2025, (not_itemizing)> = [0.]
                  filing_status<2025, (not_itemizing)> = ['SINGLE']
                  adjusted_gross_income<2025, (not_itemizing)> = [150000.]
                  rrc_adult_count_with_valid_ssn<2025, (not_itemizing)> = [1]
                    is_tax_unit_head_or_spouse<2025, (not_itemizing)> = [ True]
                    meets_eitc_identification_requirements<2025, (not_itemizing)> = [ True]
                  rrc_qualifies_for_armed_forces_exception<2025, (not_itemizing)> = [False]
                    tax_unit_is_joint<2025, (not_itemizing)> = [False]
                    is_tax_unit_head_or_spouse<2025, (not_itemizing)> = [ True]
                    is_military<2025, (not_itemizing)> = [False]
                    meets_eitc_identification_requirements<2025, (not_itemizing)> = [ True]
                  tax_unit_is_joint<2025, (not_itemizing)> = [False]
                  rrc_cares_qualifying_children_with_valid_ssn<2025, (not_itemizing)> = [0]
                    ctc_qualifying_child<2025, (not_itemizing)> = [False]
                    meets_eitc_identification_requirements<2025, (not_itemizing)> = [ True]
                rrc_caa<2025, (not_itemizing)> = [0.]
                  filing_status<2025, (not_itemizing)> = ['SINGLE']
                  adjusted_gross_income<2025, (not_itemizing)> = [150000.]
                  rrc_adult_count_with_valid_ssn<2025, (not_itemizing)> = [1]
                  rrc_qualifies_for_armed_forces_exception<2025, (not_itemizing)> = [False]
                  tax_unit_is_joint<2025, (not_itemizing)> = [False]
                  rrc_cares_qualifying_children_with_valid_ssn<2025, (not_itemizing)> = [0]
                rrc_arpa<2025, (not_itemizing)> = [0.]
                  filing_status<2025, (not_itemizing)> = ['SINGLE']
                  adjusted_gross_income<2025, (not_itemizing)> = [150000.]
                  rrc_arpa_dependents_with_valid_ssn<2025, (not_itemizing)> = [0]
                    is_tax_unit_dependent<2025, (not_itemizing)> = [False]
                    meets_eitc_identification_requirements<2025, (not_itemizing)> = [ True]
                  rrc_qualifies_for_armed_forces_exception<2025, (not_itemizing)> = [False]
                  tax_unit_is_joint<2025, (not_itemizing)> = [False]
                  rrc_adult_count_with_valid_ssn<2025, (not_itemizing)> = [1]
              refundable_payroll_tax_credit<2025, (not_itemizing)> = [0.]
      taxable_income_deductions_if_itemizing<2025, (default)> = [30000.]
        qualified_business_income_deduction<2025, (default)> = [0.]
          qbid_amount<2025, (default)> = [0.]
            taxable_income_less_qbid<2025, (default)> = [120000.]
              adjusted_gross_income<2025, (default)> = [150000.]
              wagering_losses_deduction<2025, (default)> = [0.]
                gambling_losses<2025, (default)> = [0.]
                gambling_winnings<2025, (default)> = [0.]
              itemized_taxable_income_deductions<2025, (default)> = [30000.]
              tip_income_deduction<2025, (default)> = [0.]
                tip_income_deduction_ssn_requirement_met<2025, (default)> = [ True]
                  ssn_card_type<2025, (default)> = ['CITIZEN']
                  tax_unit_is_joint<2025, (default)> = [False]
                    filing_status<2025, (default)> = ['SINGLE']
                  is_tax_unit_head_or_spouse<2025, (default)> = [ True]
                tip_income<2025, (default)> = [0.]
                tip_income_deduction_occupation_requirement_met<2025, (default)> = [False]
                  treasury_tipped_occupation_code<2025, (default)> = [0]
                  business_is_sstb<2025, (default)> = [False]
                  sstb_self_employment_income<2025, (default)> = [0.]
                adjusted_gross_income<2025, (default)> = [150000.]
                filing_status<2025, (default)> = ['SINGLE']
              overtime_income_deduction<2025, (default)> = [0.]
                overtime_income_deduction_ssn_requirement_met<2025, (default)> = [ True]
                  ssn_card_type<2025, (default)> = ['CITIZEN']
                  tax_unit_is_joint<2025, (default)> = [False]
                  is_tax_unit_head_or_spouse<2025, (default)> = [ True]
                fsla_overtime_premium<2025, (default)> = [0.]
                adjusted_gross_income<2025, (default)> = [150000.]
                filing_status<2025, (default)> = ['SINGLE']
              additional_senior_deduction<2025, (default)> = [0.]
                additional_senior_deduction_eligible_person<2025, (default)> = [False]
                  ssn_card_type<2025, (default)> = ['CITIZEN']
                  filing_status<2025, (default)> = ['SINGLE']
                  is_tax_unit_head_or_spouse<2025, (default)> = [ True]
                  age<2025, (default)> = [40.]
                additional_senior_deduction_magi<2025, (default)> = [150000.]
                  adjusted_gross_income<2025, (default)> = [150000.]
                  foreign_earned_income_exclusion<2025, (default)> = [0.]
                  specified_possession_income<2025, (default)> = [0.]
                  puerto_rico_income<2025, (default)> = [0.]
                filing_status<2025, (default)> = ['SINGLE']
              auto_loan_interest_deduction<2025, (default)> = [0.]
                qualified_passenger_vehicle_loan_interest<2025, (default)> = [0.]
                filing_status<2025, (default)> = ['SINGLE']
                adjusted_gross_income<2025, (default)> = [150000.]
              charitable_deduction_for_non_itemizers<2025, (default)> = [0.]
                charitable_cash_donations<2025, (default)> = [0.]
                filing_status<2025, (default)> = ['SINGLE']
              standard_deduction<2025, (default)> = [15750.]
              tip_income_deduction<2025, (default)> = [0.]
              overtime_income_deduction<2025, (default)> = [0.]
              additional_senior_deduction<2025, (default)> = [0.]
              auto_loan_interest_deduction<2025, (default)> = [0.]
              tax_unit_itemizes<2025, (default)> = [ True]
            filing_status<2025, (default)> = ['SINGLE']
            w2_wages_from_qualified_business<2025, (default)> = [0.]
            unadjusted_basis_qualified_property<2025, (default)> = [0.]
            qualified_business_income<2025, (default)> = [0.]
              business_is_qualified<2025, (default)> = [ True]
              self_employment_income<2025, (default)> = [0.]
              self_employment_income_would_be_qualified<2025, (default)> = [ True]
              partnership_s_corp_income<2025, (default)> = [0.]
              partnership_s_corp_income_would_be_qualified<2025, (default)> = [ True]
              farm_rent_income<2025, (default)> = [0.]
              farm_rent_income_would_be_qualified<2025, (default)> = [ True]
              farm_operations_income<2025, (default)> = [0.]
              farm_operations_income_would_be_qualified<2025, (default)> = [ True]
              rental_income<2025, (default)> = [0.]
              rental_income_would_be_qualified<2025, (default)> = [ True]
              estate_income<2025, (default)> = [0.]
              estate_income_would_be_qualified<2025, (default)> = [ True]
              sstb_self_employment_income<2025, (default)> = [0.]
              sstb_self_employment_income_would_be_qualified<2025, (default)> = [ True]
              self_employment_tax_ald_person<2025, (default)> = [0.]
              self_employed_health_insurance_ald_person<2025, (default)> = [0.]
              self_employed_pension_contribution_ald_person<2025, (default)> = [0.]
            sstb_qualified_business_income<2025, (default)> = [0.]
              self_employment_income<2025, (default)> = [0.]
              self_employment_income_would_be_qualified<2025, (default)> = [ True]
              partnership_s_corp_income<2025, (default)> = [0.]
              partnership_s_corp_income_would_be_qualified<2025, (default)> = [ True]
              farm_rent_income<2025, (default)> = [0.]
              farm_rent_income_would_be_qualified<2025, (default)> = [ True]
              farm_operations_income<2025, (default)> = [0.]
              farm_operations_income_would_be_qualified<2025, (default)> = [ True]
              rental_income<2025, (default)> = [0.]
              rental_income_would_be_qualified<2025, (default)> = [ True]
              estate_income<2025, (default)> = [0.]
              estate_income_would_be_qualified<2025, (default)> = [ True]
              sstb_self_employment_income<2025, (default)> = [0.]
              sstb_self_employment_income_would_be_qualified<2025, (default)> = [ True]
              self_employment_tax_ald_person<2025, (default)> = [0.]
              self_employed_health_insurance_ald_person<2025, (default)> = [0.]
              self_employed_pension_contribution_ald_person<2025, (default)> = [0.]
            business_is_sstb<2025, (default)> = [False]
            self_employment_income<2025, (default)> = [0.]
            self_employment_income_would_be_qualified<2025, (default)> = [ True]
            partnership_s_corp_income<2025, (default)> = [0.]
            partnership_s_corp_income_would_be_qualified<2025, (default)> = [ True]
            farm_rent_income<2025, (default)> = [0.]
            farm_rent_income_would_be_qualified<2025, (default)> = [ True]
            farm_operations_income<2025, (default)> = [0.]
            farm_operations_income_would_be_qualified<2025, (default)> = [ True]
            rental_income<2025, (default)> = [0.]
            rental_income_would_be_qualified<2025, (default)> = [ True]
            estate_income<2025, (default)> = [0.]
            estate_income_would_be_qualified<2025, (default)> = [ True]
            sstb_self_employment_income<2025, (default)> = [0.]
            sstb_self_employment_income_would_be_qualified<2025, (default)> = [ True]
            sstb_w2_wages_from_qualified_business<2025, (default)> = [0.]
            sstb_unadjusted_basis_qualified_property<2025, (default)> = [0.]
            qualified_reit_and_ptp_income<2025, (default)> = [0.]
          taxable_income_less_qbid<2025, (default)> = [120000.]
          adjusted_net_capital_gain<2025, (default)> = [0.]
            net_capital_gain<2025, (default)> = [0.]
              long_term_capital_gains<2025, (default)> = [0.]
              is_tax_unit_dependent<2025, (default)> = [False]
              form_4952_capital_gain_distributions<2025, (default)> = [0.]
              short_term_capital_gains<2025, (default)> = [0.]
              is_tax_unit_dependent<2025, (default)> = [False]
              form_4952_elected_investment_income<2025, (default)> = [0.]
              form_4952_net_capital_gain<2025, (default)> = [0.]
              form_4952_qualified_dividends<2025, (default)> = [0.]
            dividend_income_reduced_by_investment_income<2025, (default)> = [0.]
              form_4952_qualified_dividends<2025, (default)> = [0.]
              long_term_capital_gains<2025, (default)> = [0.]
              is_tax_unit_dependent<2025, (default)> = [False]
              short_term_capital_gains<2025, (default)> = [0.]
              is_tax_unit_dependent<2025, (default)> = [False]
              form_4952_capital_gain_distributions<2025, (default)> = [0.]
              form_4952_elected_investment_income<2025, (default)> = [0.]
              form_4952_net_capital_gain<2025, (default)> = [0.]
            schedule_d_unrecaptured_section_1250_gain<2025, (default)> = [0.]
              unrecaptured_section_1250_gain<2025, (default)> = [0.]
              unrecaptured_section_1250_gain_before_losses<2025, (default)> = [0.]
              capital_gains_28_percent_rate_gain<2025, (default)> = [0.]
                long_term_capital_gains_on_collectibles<2025, (default)> = [0.]
                long_term_capital_gains_on_small_business_stock<2025, (default)> = [0.]
                collectibles_gain_or_loss<2025, (default)> = [0.]
                section_1202_gain<2025, (default)> = [0.]
                short_term_capital_gains<2025, (default)> = [0.]
                long_term_capital_loss_carryover<2025, (default)> = [0.]
              collectibles_gain_or_loss<2025, (default)> = [0.]
              section_1202_gain<2025, (default)> = [0.]
              short_term_capital_gains<2025, (default)> = [0.]
              long_term_capital_loss_carryover<2025, (default)> = [0.]
            capital_gains_28_percent_rate_gain<2025, (default)> = [0.]
        wagering_losses_deduction<2025, (default)> = [0.]
        itemized_taxable_income_deductions<2025, (default)> = [30000.]
        tip_income_deduction<2025, (default)> = [0.]
        overtime_income_deduction<2025, (default)> = [0.]
        additional_senior_deduction<2025, (default)> = [0.]
        auto_loan_interest_deduction<2025, (default)> = [0.]
      taxable_income_deductions_if_not_itemizing<2025, (default)> = [15750.]
        charitable_deduction_for_non_itemizers<2025, (default)> = [0.]
        standard_deduction<2025, (default)> = [15750.]
        qualified_business_income_deduction<2025, (default)> = [0.]
        tip_income_deduction<2025, (default)> = [0.]
        overtime_income_deduction<2025, (default)> = [0.]
        additional_senior_deduction<2025, (default)> = [0.]
        auto_loan_interest_deduction<2025, (default)> = [0.]
  income_tax<2025, (default)> = [21647.]
    income_tax_before_refundable_credits<2025, (default)> = [21647.]
      income_tax_before_credits<2025, (default)> = [21647.]
        income_tax_main_rates<2025, (default)> = [21647.]
          taxable_income_plus_section_911_exclusion<2025, (default)> = [120000.]
            taxable_income<2025, (default)> = [120000.]
            foreign_earned_income_exclusion<2025, (default)> = [0.]
          capital_gains_excluded_from_taxable_income<2025, (default)> = [0.]
            section_911_net_capital_gain<2025, (default)> = [0.]
              net_capital_gain<2025, (default)> = [0.]
              section_911_capital_gain_excess<2025, (default)> = [0.]
                foreign_earned_income_exclusion<2025, (default)> = [0.]
                net_capital_gain<2025, (default)> = [0.]
                taxable_income<2025, (default)> = [120000.]
            section_911_adjusted_net_capital_gain<2025, (default)> = [0.]
              section_911_capital_gain_excess<2025, (default)> = [0.]
              net_capital_gain<2025, (default)> = [0.]
              dividend_income_reduced_by_investment_income<2025, (default)> = [0.]
              section_911_capital_gain_excess<2025, (default)> = [0.]
              section_911_qualified_dividend_income<2025, (default)> = [0.]
                net_capital_gain<2025, (default)> = [0.]
                dividend_income_reduced_by_investment_income<2025, (default)> = [0.]
                section_911_capital_gain_excess<2025, (default)> = [0.]
              section_911_unrecaptured_section_1250_gain<2025, (default)> = [0.]
                schedule_d_unrecaptured_section_1250_gain<2025, (default)> = [0.]
                capital_gains_28_percent_rate_gain<2025, (default)> = [0.]
                section_911_capital_gain_excess<2025, (default)> = [0.]
              section_911_28_percent_rate_gain<2025, (default)> = [0.]
                capital_gains_28_percent_rate_gain<2025, (default)> = [0.]
                section_911_capital_gain_excess<2025, (default)> = [0.]
              adjusted_net_capital_gain<2025, (default)> = [0.]
            taxable_income_plus_section_911_exclusion<2025, (default)> = [120000.]
            taxable_income_taxed_below_25_percent<2025, (default)> = [120000.]
              taxable_income_plus_section_911_exclusion<2025, (default)> = [120000.]
              filing_status<2025, (default)> = ['SINGLE']
          filing_status<2025, (default)> = ['SINGLE']
          foreign_earned_income_exclusion<2025, (default)> = [0.]
        capital_gains_tax<2025, (default)> = [0.]
          section_911_net_capital_gain<2025, (default)> = [0.]
          taxable_income_plus_section_911_exclusion<2025, (default)> = [120000.]
          section_911_adjusted_net_capital_gain<2025, (default)> = [0.]
          capital_gains_excluded_from_taxable_income<2025, (default)> = [0.]
          filing_status<2025, (default)> = ['SINGLE']
          section_911_unrecaptured_section_1250_gain<2025, (default)> = [0.]
          net_capital_gain<2025, (default)> = [0.]
          dividend_income_reduced_by_investment_income<2025, (default)> = [0.]
          section_911_capital_gain_excess<2025, (default)> = [0.]
          section_911_28_percent_rate_gain<2025, (default)> = [0.]
          tax_on_taxable_income_at_main_rates<2025, (default)> = [21647.]
            taxable_income_plus_section_911_exclusion<2025, (default)> = [120000.]
            filing_status<2025, (default)> = ['SINGLE']
            foreign_earned_income_exclusion<2025, (default)> = [0.]
          income_tax_main_rates<2025, (default)> = [21647.]
        alternative_minimum_tax<2025, (default)> = [0.]
          amt_base_tax<2025, (default)> = [8294.]
            amt_lower_base_tax<2025, (default)> = [8294.]
              filing_status<2025, (default)> = ['SINGLE']
              amt_income_less_exemptions_plus_section_911_exclusion<2025, (default)> = [31900.]
                amt_income_less_exemptions<2025, (default)> = [31900.]
                  amt_income<2025, (default)> = [120000.]
                    taxable_income<2025, (default)> = [120000.]
                    amt_excluded_deductions<2025, (default)> = [0.]
                      tax_unit_itemizes<2025, (default)> = [ True]
                      standard_deduction<2025, (default)> = [15750.]
                      salt_deduction<2025, (default)> = [0.]
                      misc_deduction<2025, (default)> = [0.]
                    amt_separate_addition<2025, (default)> = [0.]
                      taxable_income<2025, (default)> = [120000.]
                      amt_excluded_deductions<2025, (default)> = [0.]
                      filing_status<2025, (default)> = ['SINGLE']
                    exemptions<2025, (default)> = [0.]
                  taxable_income<2025, (default)> = [120000.]
                  amt_kiddie_tax_applies<2025, (default)> = [False]
                    is_full_time_student<2025, (default)> = [False]
                      is_full_time_college_student<2025, (default)> = [False]
                      is_in_k12_school<2025, (default)> = [False]
                        age<2025, (default)> = [40.]
                    is_tax_unit_head<2025, (default)> = [ True]
                    is_tax_unit_spouse<2025, (default)> = [False]
                    age_head<2025, (default)> = [40]
                    age_spouse<2025, (default)> = [0]
                  amt_exemption<2025, (default)> = [88100.]
                    filing_status<2025, (default)> = ['SINGLE']
                    amt_income<2025, (default)> = [120000.]
                    amt_kiddie_tax_applies<2025, (default)> = [False]
                    filer_adjusted_earnings<2025, (default)> = [140000.]
                      adjusted_earnings<2025, (default)> = [140000.]
                        self_employment_tax<2025, (default)> = [0.]
                        earned_income<2025, (default)> = [140000.]
                      is_tax_unit_dependent<2025, (default)> = [False]
                foreign_earned_income_exclusion<2025, (default)> = [0.]
            amt_higher_base_tax<2025, (default)> = [0.]
              filing_status<2025, (default)> = ['SINGLE']
              amt_income_less_exemptions_plus_section_911_exclusion<2025, (default)> = [31900.]
          amt_part_iii_required<2025, (default)> = [False]
            dwks10<2025, (default)> = [0.]
              dividend_income_reduced_by_investment_income<2025, (default)> = [0.]
              dwks09<2025, (default)> = [0.]
                long_term_capital_gains<2025, (default)> = [0.]
                is_tax_unit_dependent<2025, (default)> = [False]
                short_term_capital_gains<2025, (default)> = [0.]
                is_tax_unit_dependent<2025, (default)> = [False]
                form_4952_capital_gain_distributions<2025, (default)> = [0.]
                form_4952_elected_investment_income<2025, (default)> = [0.]
                form_4952_net_capital_gain<2025, (default)> = [0.]
            dwks13<2025, (default)> = [0.]
              capital_gains_28_percent_rate_gain<2025, (default)> = [0.]
              schedule_d_unrecaptured_section_1250_gain<2025, (default)> = [0.]
              dwks09<2025, (default)> = [0.]
              dwks10<2025, (default)> = [0.]
              has_qdiv_or_ltcg<2025, (default)> = [False]
                qualified_dividend_income<2025, (default)> = [0.]
                is_tax_unit_dependent<2025, (default)> = [False]
                non_sch_d_capital_gains<2025, (default)> = [0.]
                long_term_capital_gains<2025, (default)> = [0.]
                is_tax_unit_dependent<2025, (default)> = [False]
                short_term_capital_gains<2025, (default)> = [0.]
                is_tax_unit_dependent<2025, (default)> = [False]
            dwks14<2025, (default)> = [0.]
              taxable_income_plus_section_911_exclusion<2025, (default)> = [120000.]
              taxable_income<2025, (default)> = [120000.]
              dwks09<2025, (default)> = [0.]
              dwks10<2025, (default)> = [0.]
              dwks13<2025, (default)> = [0.]
              foreign_earned_income_exclusion<2025, (default)> = [0.]
              schedule_d_unrecaptured_section_1250_gain<2025, (default)> = [0.]
              capital_gains_28_percent_rate_gain<2025, (default)> = [0.]
              dividend_income_reduced_by_investment_income<2025, (default)> = [0.]
              has_qdiv_or_ltcg<2025, (default)> = [False]
              has_qdiv_or_ltcg<2025, (default)> = [False]
            dwks19<2025, (default)> = [0.]
              dwks14<2025, (default)> = [0.]
              taxable_income_plus_section_911_exclusion<2025, (default)> = [120000.]
              taxable_income<2025, (default)> = [120000.]
              dwks09<2025, (default)> = [0.]
              dwks10<2025, (default)> = [0.]
              dwks13<2025, (default)> = [0.]
              foreign_earned_income_exclusion<2025, (default)> = [0.]
              schedule_d_unrecaptured_section_1250_gain<2025, (default)> = [0.]
              capital_gains_28_percent_rate_gain<2025, (default)> = [0.]
              dividend_income_reduced_by_investment_income<2025, (default)> = [0.]
              has_qdiv_or_ltcg<2025, (default)> = [False]
              taxable_income_taxed_below_25_percent<2025, (default)> = [120000.]
              has_qdiv_or_ltcg<2025, (default)> = [False]
            schedule_d_unrecaptured_section_1250_gain<2025, (default)> = [0.]
          amt_tax_including_cg<2025, (default)> = [8294.]
            amt_income_less_exemptions_plus_section_911_exclusion<2025, (default)> = [31900.]
            amt_income_less_exemptions<2025, (default)> = [31900.]
            dwks09<2025, (default)> = [0.]
            dwks10<2025, (default)> = [0.]
            dwks13<2025, (default)> = [0.]
            foreign_earned_income_exclusion<2025, (default)> = [0.]
            schedule_d_unrecaptured_section_1250_gain<2025, (default)> = [0.]
            capital_gains_28_percent_rate_gain<2025, (default)> = [0.]
            dividend_income_reduced_by_investment_income<2025, (default)> = [0.]
            has_qdiv_or_ltcg<2025, (default)> = [False]
            filing_status<2025, (default)> = ['SINGLE']
            dwks14<2025, (default)> = [0.]
            dwks19<2025, (default)> = [0.]
          filing_status<2025, (default)> = ['SINGLE']
          amt_income_less_exemptions<2025, (default)> = [31900.]
          foreign_earned_income_exclusion<2025, (default)> = [0.]
          foreign_tax_credit_potential<2025, (default)> = [0.]
          regular_tax_before_credits<2025, (default)> = [21647.]
            income_tax_main_rates<2025, (default)> = [21647.]
            capital_gains_tax<2025, (default)> = [0.]
          form_4972_lumpsum_distributions<2025, (default)> = [0.]
      net_investment_income_tax<2025, (default)> = [0.]
        filing_status<2025, (default)> = ['SINGLE']
        niit_magi<2025, (default)> = [150000.]
          is_tax_unit_dependent<2025, (default)> = [False]
          estate_income_niit_magi_adjustment<2025, (default)> = [0.]
            estate_income_net_investment_income_adjustment<2025, (default)> = [0.]
          niit_magi_section_911_addition<2025, (default)> = [0.]
            foreign_earned_income_exclusion<2025, (default)> = [0.]
          adjusted_gross_income<2025, (default)> = [150000.]
        net_investment_income<2025, (default)> = [10000.]
          taxable_interest_income<2025, (default)> = [10000.]
          is_tax_unit_dependent<2025, (default)> = [False]
          dividend_income<2025, (default)> = [0.]
          is_tax_unit_dependent<2025, (default)> = [False]
          rental_income<2025, (default)> = [0.]
          is_tax_unit_dependent<2025, (default)> = [False]
          passive_partnership_s_corp_income<2025, (default)> = [0.]
          is_tax_unit_dependent<2025, (default)> = [False]
          estate_net_investment_income<2025, (default)> = [0.]
            estate_income<2025, (default)> = [0.]
            estate_income_net_investment_income_adjustment<2025, (default)> = [0.]
            is_tax_unit_dependent<2025, (default)> = [False]
          is_tax_unit_dependent<2025, (default)> = [False]
          filer_loss_limited_net_capital_gains<2025, (default)> = [0.]
            filing_status<2025, (default)> = ['SINGLE']
            long_term_capital_gains<2025, (default)> = [0.]
            is_tax_unit_dependent<2025, (default)> = [False]
            short_term_capital_gains<2025, (default)> = [0.]
            is_tax_unit_dependent<2025, (default)> = [False]
            is_tax_unit_dependent<2025, (default)> = [False]
            non_sch_d_capital_gains<2025, (default)> = [0.]
      recapture_of_investment_credit<2025, (default)> = [0.]
      unreported_payroll_tax<2025, (default)> = [0.]
      qualified_retirement_penalty<2025, (default)> = [0.]
      income_tax_capped_non_refundable_credits<2025, (default)> = [0.]
        income_tax_non_refundable_credits<2025, (default)> = [0.]
          foreign_tax_credit<2025, (default)> = [0.]
            foreign_tax_credit_potential<2025, (default)> = [0.]
            foreign_tax_credit_credit_limit<2025, (default)> = [21647.]
              income_tax_before_credits<2025, (default)> = [21647.]
          cdcc<2025, (default)> = [0.]
            cdcc_credit_limit<2025, (default)> = [21647.]
              income_tax_before_credits<2025, (default)> = [21647.]
              foreign_tax_credit<2025, (default)> = [0.]
            cdcc_potential<2025, (default)> = [0.]
              cdcc_relevant_expenses<2025, (default)> = [0.]
                tax_unit_childcare_expenses<2025, (default)> = [0.]
                  childcare_expenses<2025, (default)> = [0.]
                    pre_subsidy_childcare_expenses<2025, (default)> = [0.]
                      spm_unit_pre_subsidy_childcare_expenses<2025, (default)> = [0.]
                      is_child<2025, (default)> = [False]
                      is_child<2025, (default)> = [False]
                    child_care_subsidies<2025, (default)> = [0.]
                      ak_child_care_subsidies<2025, (default)> = [0.]
                        AK<2025, (default)> = [False]
                      ar_child_care_subsidies<2025, (default)> = [0.]
                        AR<2025, (default)> = [False]
                      al_child_care_subsidies<2025, (default)> = [0.]
                        AL<2025, (default)> = [False]
                      az_child_care_subsidies<2025, (default)> = [0.]
                        AZ<2025, (default)> = [False]
                      ca_child_care_subsidies<2025, (default)> = [0.]
                        ca_child_care_subsidies<2025-01, (default)> = [0.]
                          CA<2025-01, (default)> = [False]
                        ca_child_care_subsidies<2025-02, (default)> = [0.]
                          CA<2025-02, (default)> = [False]
                        ca_child_care_subsidies<2025-03, (default)> = [0.]
                          CA<2025-03, (default)> = [False]
                        ca_child_care_subsidies<2025-04, (default)> = [0.]
                          CA<2025-04, (default)> = [False]
                        ca_child_care_subsidies<2025-05, (default)> = [0.]
                          CA<2025-05, (default)> = [False]
                        ca_child_care_subsidies<2025-06, (default)> = [0.]
                          CA<2025-06, (default)> = [False]
                        ca_child_care_subsidies<2025-07, (default)> = [0.]
                          CA<2025-07, (default)> = [False]
                        ca_child_care_subsidies<2025-08, (default)> = [0.]
                          CA<2025-08, (default)> = [False]
                        ca_child_care_subsidies<2025-09, (default)> = [0.]
                          CA<2025-09, (default)> = [False]
                        ca_child_care_subsidies<2025-10, (default)> = [0.]
                          CA<2025-10, (default)> = [False]
                        ca_child_care_subsidies<2025-11, (default)> = [0.]
                          CA<2025-11, (default)> = [False]
                        ca_child_care_subsidies<2025-12, (default)> = [0.]
                          CA<2025-12, (default)> = [False]
                      co_child_care_subsidies<2025, (default)> = [0.]
                        CO<2025, (default)> = [False]
                      ct_child_care_subsidies<2025, (default)> = [0.]
                        CT<2025, (default)> = [False]
                      de_child_care_subsidies<2025, (default)> = [0.]
                        DE<2025, (default)> = [False]
                      fl_child_care_subsidies<2025, (default)> = [0.]
                        FL<2025, (default)> = [False]
                          state_code_str<2025, (default)> = ['TX']
                      ga_child_care_subsidies<2025, (default)> = [0.]
                        GA<2025, (default)> = [False]
                      hi_child_care_subsidies<2025, (default)> = [0.]
                        HI<2025, (default)> = [False]
                      ia_child_care_subsidies<2025, (default)> = [0.]
                        IA<2025, (default)> = [False]
                      id_child_care_subsidies<2025, (default)> = [0.]
                        ID<2025, (default)> = [False]
                      il_child_care_subsidies<2025, (default)> = [0.]
                        IL<2025, (default)> = [False]
                      in_child_care_subsidies<2025, (default)> = [0.]
                        IN<2025, (default)> = [False]
                      ks_child_care_subsidies<2025, (default)> = [0.]
                        KS<2025, (default)> = [False]
                      ky_child_care_subsidies<2025, (default)> = [0.]
                        KY<2025, (default)> = [False]
                      la_child_care_subsidies<2025, (default)> = [0.]
                        LA<2025, (default)> = [False]
                      ma_child_care_subsidies<2025, (default)> = [0.]
                        MA<2025, (default)> = [False]
                      md_child_care_subsidies<2025, (default)> = [0.]
                        MD<2025, (default)> = [False]
                      me_child_care_subsidies<2025, (default)> = [0.]
                        ME<2025, (default)> = [False]
                      mi_child_care_subsidies<2025, (default)> = [0.]
                        MI<2025, (default)> = [False]
                      mn_child_care_subsidies<2025, (default)> = [0.]
                        MN<2025, (default)> = [False]
                      mo_child_care_subsidies<2025, (default)> = [0.]
                        MO<2025, (default)> = [False]
                      ms_child_care_subsidies<2025, (default)> = [0.]
                        MS<2025, (default)> = [False]
                      mt_child_care_subsidies<2025, (default)> = [0.]
                        MT<2025, (default)> = [False]
                      ne_child_care_subsidies<2025, (default)> = [0.]
                        NE<2025, (default)> = [False]
                      nm_child_care_subsidies<2025, (default)> = [0.]
                        NM<2025, (default)> = [False]
                      vt_child_care_subsidies<2025, (default)> = [0.]
                        VT<2025, (default)> = [False]
                      nh_child_care_subsidies<2025, (default)> = [0.]
                        NH<2025, (default)> = [False]
                          state_code_str<2025, (default)> = ['TX']
                      pa_child_care_subsidies<2025, (default)> = [0.]
                        PA<2025, (default)> = [False]
                      nj_child_care_subsidies<2025, (default)> = [0.]
                        NJ<2025, (default)> = [False]
                      oh_child_care_subsidies<2025, (default)> = [0.]
                        OH<2025, (default)> = [False]
                      nv_child_care_subsidies<2025, (default)> = [0.]
                        NV<2025, (default)> = [False]
                          state_code_str<2025, (default)> = ['TX']
                      or_child_care_subsidies<2025, (default)> = [0.]
                        OR<2025, (default)> = [False]
                      ri_child_care_subsidies<2025, (default)> = [0.]
                        RI<2025, (default)> = [False]
                      sc_child_care_subsidies<2025, (default)> = [0.]
                        SC<2025, (default)> = [False]
                      ut_child_care_subsidies<2025, (default)> = [0.]
                        UT<2025, (default)> = [False]
                      va_child_care_subsidies<2025, (default)> = [0.]
                        VA<2025, (default)> = [False]
                      wa_child_care_subsidies<2025, (default)> = [0.]
                        WA<2025, (default)> = [False]
                          state_code_str<2025, (default)> = ['TX']
                      wi_child_care_subsidies<2025, (default)> = [0.]
                        WI<2025, (default)> = [False]
                      wv_child_care_subsidies<2025, (default)> = [0.]
                        WV<2025, (default)> = [False]
                      nd_child_care_subsidies<2025, (default)> = [0.]
                        ND<2025, (default)> = [False]
                      ok_child_care_subsidies<2025, (default)> = [0.]
                        OK<2025, (default)> = [False]
                      sd_child_care_subsidies<2025, (default)> = [0.]
                        SD<2025, (default)> = [False]
                          state_code_str<2025, (default)> = ['TX']
                      nc_child_care_subsidies<2025, (default)> = [0.]
                        NC<2025, (default)> = [False]
                      dc_child_care_subsidies<2025, (default)> = [0.]
                        DC<2025, (default)> = [False]
                      tn_child_care_subsidies<2025, (default)> = [0.]
                        TN<2025, (default)> = [False]
                          state_code_str<2025, (default)> = ['TX']
                      wy_child_care_subsidies<2025, (default)> = [0.]
                        WY<2025, (default)> = [False]
                          state_code_str<2025, (default)> = ['TX']
                      tx_child_care_subsidies<2025, (default)> = [0.]
                        TX<2025, (default)> = [ True]
                          state_code_str<2025, (default)> = ['TX']
                        tx_ccs<2025, (default)> = [0.]
                          tx_ccs<2025-01, (default)> = [0.]
                            tx_ccs_eligible<2025-01, (default)> = [False]
                              TX<2025-01, (default)> = [ True]
                              tx_ccs_income_eligible<2025-01, (default)> = [False]
                                TX<2025-01, (default)> = [ True]
                                tx_ccs_countable_income<2025-01, (default)> = [12500.]
                                  TX<2025-01, (default)> = [ True]
                                  employment_income<2025-01, (default)> = [11666.667]
                                    employment_income<2025, (default)> = [140000.]
                                  self_employment_income<2025-01, (default)> = [0.]
                                    self_employment_income<2025, (default)> = [0.]
                                  sstb_self_employment_income<2025-01, (default)> = [0.]
                                    sstb_self_employment_income<2025, (default)> = [0.]
                                  dividend_income<2025-01, (default)> = [0.]
                                    dividend_income<2025, (default)> = [0.]
                                  interest_income<2025-01, (default)> = [833.3333]
                                    interest_income<2025, (default)> = [10000.]
                                      tax_exempt_interest_income<2025, (default)> = [0.]
                                      taxable_interest_income<2025, (default)> = [10000.]
                                  rental_income<2025-01, (default)> = [0.]
                                    rental_income<2025, (default)> = [0.]
                                  pension_income<2025-01, (default)> = [0.]
                                    pension_income<2025, (default)> = [0.]
                                      tax_exempt_pension_income<2025, (default)> = [0.]
                                        tax_exempt_public_pension_income<2025, (default)> = [0.]
                                        tax_exempt_private_pension_income<2025, (default)> = [0.]
                                      taxable_pension_income<2025, (default)> = [0.]
                                  alimony_income<2025-01, (default)> = [0.]
                                    alimony_income<2025, (default)> = [0.]
                                hhs_smi<2025-01, (default)> = [4472.5635]
                                  hhs_smi<2025, (default)> = [53670.76]
                                    spm_unit_size<2025, (default)> = [1]
                                    state_code_str<2025, (default)> = ['TX']
                              tx_ccs_asset_eligible<2025-01, (default)> = [ True]
                                TX<2025-01, (default)> = [ True]
                                spm_unit_assets<2025, (default)> = [0.]
                              tx_ccs_work_requirement_eligible<2025-01, (default)> = [False]
                                TX<2025-01, (default)> = [ True]
                                is_tax_unit_head_or_spouse<2025-01, (default)> = [ True]
                                tx_ccs_work_exempt<2025-01, (default)> = [False]
                                  TX<2025, (default)> = [ True]
                                  is_full_time_student<2025, (default)> = [False]
                                  is_disabled<2025, (default)> = [False]
                                weekly_hours_worked<2025, (default)> = [0.]
                                  weekly_hours_worked_before_lsr<2025, (default)> = [0.]
                                  weekly_hours_worked_behavioural_response<2025, (default)> = [0.]
                                    weekly_hours_worked_behavioural_response_income_elasticity<2025, (default)> = [0.]
                                      weekly_hours_worked_before_lsr<2025, (default)> = [0.]
                                      labor_supply_behavioral_response<2025, (default)> = [0.]
                                      employment_income_before_lsr<2025, (default)> = [0.]
                                      self_employment_income_before_lsr<2025, (default)> = [0.]
                                      sstb_self_employment_income_before_lsr<2025, (default)> = [0.]
                                    weekly_hours_worked_behavioural_response_substitution_elasticity<2025, (default)> = [0.]
                                      weekly_hours_worked_before_lsr<2025, (default)> = [0.]
                                      labor_supply_behavioral_response<2025, (default)> = [0.]
                                      employment_income_before_lsr<2025, (default)> = [0.]
                                      self_employment_income_before_lsr<2025, (default)> = [0.]
                                      sstb_self_employment_income_before_lsr<2025, (default)> = [0.]
                              tx_ccs_eligible_child<2025-01, (default)> = [False]
                                TX<2025-01, (default)> = [ True]
                                age<2025, (default)> = [40.]
                                is_disabled<2025-01, (default)> = [False]
                                is_tax_unit_dependent<2025-01, (default)> = [False]
                                is_citizen_or_legal_immigrant<2025, (default)> = [ True]
                                  immigration_status<2025, (default)> = ['CITIZEN']
                                    immigration_status_str<2025, (default)> = ['CITIZEN']
                          tx_ccs<2025-02, (default)> = [0.]
                            tx_ccs_eligible<2025-02, (default)> = [False]
                              TX<2025-02, (default)> = [ True]
                              tx_ccs_income_eligible<2025-02, (default)> = [False]
                                TX<2025-02, (default)> = [ True]
                                tx_ccs_countable_income<2025-02, (default)> = [12500.]
                                  TX<2025-02, (default)> = [ True]
                                  employment_income<2025-02, (default)> = [11666.667]
                                    employment_income<2025, (default)> = [140000.]
                                  self_employment_income<2025-02, (default)> = [0.]
                                    self_employment_income<2025, (default)> = [0.]
                                  sstb_self_employment_income<2025-02, (default)> = [0.]
                                    sstb_self_employment_income<2025, (default)> = [0.]
                                  dividend_income<2025-02, (default)> = [0.]
                                    dividend_income<2025, (default)> = [0.]
                                  interest_income<2025-02, (default)> = [833.3333]
                                    interest_income<2025, (default)> = [10000.]
                                  rental_income<2025-02, (default)> = [0.]
                                    rental_income<2025, (default)> = [0.]
                                  pension_income<2025-02, (default)> = [0.]
                                    pension_income<2025, (default)> = [0.]
                                  alimony_income<2025-02, (default)> = [0.]
                                    alimony_income<2025, (default)> = [0.]
                                hhs_smi<2025-02, (default)> = [4472.5635]
                                  hhs_smi<2025, (default)> = [53670.76]
                              tx_ccs_asset_eligible<2025-02, (default)> = [ True]
                                TX<2025-02, (default)> = [ True]
                                spm_unit_assets<2025, (default)> = [0.]
                              tx_ccs_work_requirement_eligible<2025-02, (default)> = [False]
                                TX<2025-02, (default)> = [ True]
                                is_tax_unit_head_or_spouse<2025-02, (default)> = [ True]
                                tx_ccs_work_exempt<2025-02, (default)> = [False]
                                weekly_hours_worked<2025, (default)> = [0.]
                              tx_ccs_eligible_child<2025-02, (default)> = [False]
                                TX<2025-02, (default)> = [ True]
                                age<2025, (default)> = [40.]
                                is_disabled<2025-02, (default)> = [False]
                                is_tax_unit_dependent<2025-02, (default)> = [False]
                                is_citizen_or_legal_immigrant<2025, (default)> = [ True]
                          tx_ccs<2025-03, (default)> = [0.]
                            tx_ccs_eligible<2025-03, (default)> = [False]
                              TX<2025-03, (default)> = [ True]
                              tx_ccs_income_eligible<2025-03, (default)> = [False]
                                TX<2025-03, (default)> = [ True]
                                tx_ccs_countable_income<2025-03, (default)> = [12500.]
                                  TX<2025-03, (default)> = [ True]
                                  employment_income<2025-03, (default)> = [11666.667]
                                    employment_income<2025, (default)> = [140000.]
                                  self_employment_income<2025-03, (default)> = [0.]
                                    self_employment_income<2025, (default)> = [0.]
                                  sstb_self_employment_income<2025-03, (default)> = [0.]
                                    sstb_self_employment_income<2025, (default)> = [0.]
                                  dividend_income<2025-03, (default)> = [0.]
                                    dividend_income<2025, (default)> = [0.]
                                  interest_income<2025-03, (default)> = [833.3333]
                                    interest_income<2025, (default)> = [10000.]
                                  rental_income<2025-03, (default)> = [0.]
                                    rental_income<2025, (default)> = [0.]
                                  pension_income<2025-03, (default)> = [0.]
                                    pension_income<2025, (default)> = [0.]
                                  alimony_income<2025-03, (default)> = [0.]
                                    alimony_income<2025, (default)> = [0.]
                                hhs_smi<2025-03, (default)> = [4472.5635]
                                  hhs_smi<2025, (default)> = [53670.76]
                              tx_ccs_asset_eligible<2025-03, (default)> = [ True]
                                TX<2025-03, (default)> = [ True]
                                spm_unit_assets<2025, (default)> = [0.]
                              tx_ccs_work_requirement_eligible<2025-03, (default)> = [False]
                                TX<2025-03, (default)> = [ True]
                                is_tax_unit_head_or_spouse<2025-03, (default)> = [ True]
                                tx_ccs_work_exempt<2025-03, (default)> = [False]
                                weekly_hours_worked<2025, (default)> = [0.]
                              tx_ccs_eligible_child<2025-03, (default)> = [False]
                                TX<2025-03, (default)> = [ True]
                                age<2025, (default)> = [40.]
                                is_disabled<2025-03, (default)> = [False]
                                is_tax_unit_dependent<2025-03, (default)> = [False]
                                is_citizen_or_legal_immigrant<2025, (default)> = [ True]
                          tx_ccs<2025-04, (default)> = [0.]
                            tx_ccs_eligible<2025-04, (default)> = [False]
                              TX<2025-04, (default)> = [ True]
                              tx_ccs_income_eligible<2025-04, (default)> = [False]
                                TX<2025-04, (default)> = [ True]
                                tx_ccs_countable_income<2025-04, (default)> = [12500.]
                                  TX<2025-04, (default)> = [ True]
                                  employment_income<2025-04, (default)> = [11666.667]
                                    employment_income<2025, (default)> = [140000.]
                                  self_employment_income<2025-04, (default)> = [0.]
                                    self_employment_income<2025, (default)> = [0.]
                                  sstb_self_employment_income<2025-04, (default)> = [0.]
                                    sstb_self_employment_income<2025, (default)> = [0.]
                                  dividend_income<2025-04, (default)> = [0.]
                                    dividend_income<2025, (default)> = [0.]
                                  interest_income<2025-04, (default)> = [833.3333]
                                    interest_income<2025, (default)> = [10000.]
                                  rental_income<2025-04, (default)> = [0.]
                                    rental_income<2025, (default)> = [0.]
                                  pension_income<2025-04, (default)> = [0.]
                                    pension_income<2025, (default)> = [0.]
                                  alimony_income<2025-04, (default)> = [0.]
                                    alimony_income<2025, (default)> = [0.]
                                hhs_smi<2025-04, (default)> = [4472.5635]
                                  hhs_smi<2025, (default)> = [53670.76]
                              tx_ccs_asset_eligible<2025-04, (default)> = [ True]
                                TX<2025-04, (default)> = [ True]
                                spm_unit_assets<2025, (default)> = [0.]
                              tx_ccs_work_requirement_eligible<2025-04, (default)> = [False]
                                TX<2025-04, (default)> = [ True]
                                is_tax_unit_head_or_spouse<2025-04, (default)> = [ True]
                                tx_ccs_work_exempt<2025-04, (default)> = [False]
                                weekly_hours_worked<2025, (default)> = [0.]
                              tx_ccs_eligible_child<2025-04, (default)> = [False]
                                TX<2025-04, (default)> = [ True]
                                age<2025, (default)> = [40.]
                                is_disabled<2025-04, (default)> = [False]
                                is_tax_unit_dependent<2025-04, (default)> = [False]
                                is_citizen_or_legal_immigrant<2025, (default)> = [ True]
                          tx_ccs<2025-05, (default)> = [0.]
                            tx_ccs_eligible<2025-05, (default)> = [False]
                              TX<2025-05, (default)> = [ True]
                              tx_ccs_income_eligible<2025-05, (default)> = [False]
                                TX<2025-05, (default)> = [ True]
                                tx_ccs_countable_income<2025-05, (default)> = [12500.]
                                  TX<2025-05, (default)> = [ True]
                                  employment_income<2025-05, (default)> = [11666.667]
                                    employment_income<2025, (default)> = [140000.]
                                  self_employment_income<2025-05, (default)> = [0.]
                                    self_employment_income<2025, (default)> = [0.]
                                  sstb_self_employment_income<2025-05, (default)> = [0.]
                                    sstb_self_employment_income<2025, (default)> = [0.]
                                  dividend_income<2025-05, (default)> = [0.]
                                    dividend_income<2025, (default)> = [0.]
                                  interest_income<2025-05, (default)> = [833.3333]
                                    interest_income<2025, (default)> = [10000.]
                                  rental_income<2025-05, (default)> = [0.]
                                    rental_income<2025, (default)> = [0.]
                                  pension_income<2025-05, (default)> = [0.]
                                    pension_income<2025, (default)> = [0.]
                                  alimony_income<2025-05, (default)> = [0.]
                                    alimony_income<2025, (default)> = [0.]
                                hhs_smi<2025-05, (default)> = [4472.5635]
                                  hhs_smi<2025, (default)> = [53670.76]
                              tx_ccs_asset_eligible<2025-05, (default)> = [ True]
                                TX<2025-05, (default)> = [ True]
                                spm_unit_assets<2025, (default)> = [0.]
                              tx_ccs_work_requirement_eligible<2025-05, (default)> = [False]
                                TX<2025-05, (default)> = [ True]
                                is_tax_unit_head_or_spouse<2025-05, (default)> = [ True]
                                tx_ccs_work_exempt<2025-05, (default)> = [False]
                                weekly_hours_worked<2025, (default)> = [0.]
                              tx_ccs_eligible_child<2025-05, (default)> = [False]
                                TX<2025-05, (default)> = [ True]
                                age<2025, (default)> = [40.]
                                is_disabled<2025-05, (default)> = [False]
                                is_tax_unit_dependent<2025-05, (default)> = [False]
                                is_citizen_or_legal_immigrant<2025, (default)> = [ True]
                          tx_ccs<2025-06, (default)> = [0.]
                            tx_ccs_eligible<2025-06, (default)> = [False]
                              TX<2025-06, (default)> = [ True]
                              tx_ccs_income_eligible<2025-06, (default)> = [False]
                                TX<2025-06, (default)> = [ True]
                                tx_ccs_countable_income<2025-06, (default)> = [12500.]
                                  TX<2025-06, (default)> = [ True]
                                  employment_income<2025-06, (default)> = [11666.667]
                                    employment_income<2025, (default)> = [140000.]
                                  self_employment_income<2025-06, (default)> = [0.]
                                    self_employment_income<2025, (default)> = [0.]
                                  sstb_self_employment_income<2025-06, (default)> = [0.]
                                    sstb_self_employment_income<2025, (default)> = [0.]
                                  dividend_income<2025-06, (default)> = [0.]
                                    dividend_income<2025, (default)> = [0.]
                                  interest_income<2025-06, (default)> = [833.3333]
                                    interest_income<2025, (default)> = [10000.]
                                  rental_income<2025-06, (default)> = [0.]
                                    rental_income<2025, (default)> = [0.]
                                  pension_income<2025-06, (default)> = [0.]
                                    pension_income<2025, (default)> = [0.]
                                  alimony_income<2025-06, (default)> = [0.]
                                    alimony_income<2025, (default)> = [0.]
                                hhs_smi<2025-06, (default)> = [4472.5635]
                                  hhs_smi<2025, (default)> = [53670.76]
                              tx_ccs_asset_eligible<2025-06, (default)> = [ True]
                                TX<2025-06, (default)> = [ True]
                                spm_unit_assets<2025, (default)> = [0.]
                              tx_ccs_work_requirement_eligible<2025-06, (default)> = [False]
                                TX<2025-06, (default)> = [ True]
                                is_tax_unit_head_or_spouse<2025-06, (default)> = [ True]
                                tx_ccs_work_exempt<2025-06, (default)> = [False]
                                weekly_hours_worked<2025, (default)> = [0.]
                              tx_ccs_eligible_child<2025-06, (default)> = [False]
                                TX<2025-06, (default)> = [ True]
                                age<2025, (default)> = [40.]
                                is_disabled<2025-06, (default)> = [False]
                                is_tax_unit_dependent<2025-06, (default)> = [False]
                                is_citizen_or_legal_immigrant<2025, (default)> = [ True]
                          tx_ccs<2025-07, (default)> = [0.]
                            tx_ccs_eligible<2025-07, (default)> = [False]
                              TX<2025-07, (default)> = [ True]
                              tx_ccs_income_eligible<2025-07, (default)> = [False]
                                TX<2025-07, (default)> = [ True]
                                tx_ccs_countable_income<2025-07, (default)> = [12500.]
                                  TX<2025-07, (default)> = [ True]
                                  employment_income<2025-07, (default)> = [11666.667]
                                    employment_income<2025, (default)> = [140000.]
                                  self_employment_income<2025-07, (default)> = [0.]
                                    self_employment_income<2025, (default)> = [0.]
                                  sstb_self_employment_income<2025-07, (default)> = [0.]
                                    sstb_self_employment_income<2025, (default)> = [0.]
                                  dividend_income<2025-07, (default)> = [0.]
                                    dividend_income<2025, (default)> = [0.]
                                  interest_income<2025-07, (default)> = [833.3333]
                                    interest_income<2025, (default)> = [10000.]
                                  rental_income<2025-07, (default)> = [0.]
                                    rental_income<2025, (default)> = [0.]
                                  pension_income<2025-07, (default)> = [0.]
                                    pension_income<2025, (default)> = [0.]
                                  alimony_income<2025-07, (default)> = [0.]
                                    alimony_income<2025, (default)> = [0.]
                                hhs_smi<2025-07, (default)> = [4472.5635]
                                  hhs_smi<2025, (default)> = [53670.76]
                              tx_ccs_asset_eligible<2025-07, (default)> = [ True]
                                TX<2025-07, (default)> = [ True]
                                spm_unit_assets<2025, (default)> = [0.]
                              tx_ccs_work_requirement_eligible<2025-07, (default)> = [False]
                                TX<2025-07, (default)> = [ True]
                                is_tax_unit_head_or_spouse<2025-07, (default)> = [ True]
                                tx_ccs_work_exempt<2025-07, (default)> = [False]
                                weekly_hours_worked<2025, (default)> = [0.]
                              tx_ccs_eligible_child<2025-07, (default)> = [False]
                                TX<2025-07, (default)> = [ True]
                                age<2025, (default)> = [40.]
                                is_disabled<2025-07, (default)> = [False]
                                is_tax_unit_dependent<2025-07, (default)> = [False]
                                is_citizen_or_legal_immigrant<2025, (default)> = [ True]
                          tx_ccs<2025-08, (default)> = [0.]
                            tx_ccs_eligible<2025-08, (default)> = [False]
                              TX<2025-08, (default)> = [ True]
                              tx_ccs_income_eligible<2025-08, (default)> = [False]
                                TX<2025-08, (default)> = [ True]
                                tx_ccs_countable_income<2025-08, (default)> = [12500.]
                                  TX<2025-08, (default)> = [ True]
                                  employment_income<2025-08, (default)> = [11666.667]
                                    employment_income<2025, (default)> = [140000.]
                                  self_employment_income<2025-08, (default)> = [0.]
                                    self_employment_income<2025, (default)> = [0.]
                                  sstb_self_employment_income<2025-08, (default)> = [0.]
                                    sstb_self_employment_income<2025, (default)> = [0.]
                                  dividend_income<2025-08, (default)> = [0.]
                                    dividend_income<2025, (default)> = [0.]
                                  interest_income<2025-08, (default)> = [833.3333]
                                    interest_income<2025, (default)> = [10000.]
                                  rental_income<2025-08, (default)> = [0.]
                                    rental_income<2025, (default)> = [0.]
                                  pension_income<2025-08, (default)> = [0.]
                                    pension_income<2025, (default)> = [0.]
                                  alimony_income<2025-08, (default)> = [0.]
                                    alimony_income<2025, (default)> = [0.]
                                hhs_smi<2025-08, (default)> = [4472.5635]
                                  hhs_smi<2025, (default)> = [53670.76]
                              tx_ccs_asset_eligible<2025-08, (default)> = [ True]
                                TX<2025-08, (default)> = [ True]
                                spm_unit_assets<2025, (default)> = [0.]
                              tx_ccs_work_requirement_eligible<2025-08, (default)> = [False]
                                TX<2025-08, (default)> = [ True]
                                is_tax_unit_head_or_spouse<2025-08, (default)> = [ True]
                                tx_ccs_work_exempt<2025-08, (default)> = [False]
                                weekly_hours_worked<2025, (default)> = [0.]
                              tx_ccs_eligible_child<2025-08, (default)> = [False]
                                TX<2025-08, (default)> = [ True]
                                age<2025, (default)> = [40.]
                                is_disabled<2025-08, (default)> = [False]
                                is_tax_unit_dependent<2025-08, (default)> = [False]
                                is_citizen_or_legal_immigrant<2025, (default)> = [ True]
                          tx_ccs<2025-09, (default)> = [0.]
                            tx_ccs_eligible<2025-09, (default)> = [False]
                              TX<2025-09, (default)> = [ True]
                              tx_ccs_income_eligible<2025-09, (default)> = [False]
                                TX<2025-09, (default)> = [ True]
                                tx_ccs_countable_income<2025-09, (default)> = [12500.]
                                  TX<2025-09, (default)> = [ True]
                                  employment_income<2025-09, (default)> = [11666.667]
                                    employment_income<2025, (default)> = [140000.]
                                  self_employment_income<2025-09, (default)> = [0.]
                                    self_employment_income<2025, (default)> = [0.]
                                  sstb_self_employment_income<2025-09, (default)> = [0.]
                                    sstb_self_employment_income<2025, (default)> = [0.]
                                  dividend_income<2025-09, (default)> = [0.]
                                    dividend_income<2025, (default)> = [0.]
                                  interest_income<2025-09, (default)> = [833.3333]
                                    interest_income<2025, (default)> = [10000.]
                                  rental_income<2025-09, (default)> = [0.]
                                    rental_income<2025, (default)> = [0.]
                                  pension_income<2025-09, (default)> = [0.]
                                    pension_income<2025, (default)> = [0.]
                                  alimony_income<2025-09, (default)> = [0.]
                                    alimony_income<2025, (default)> = [0.]
                                hhs_smi<2025-09, (default)> = [4472.5635]
                                  hhs_smi<2025, (default)> = [53670.76]
                              tx_ccs_asset_eligible<2025-09, (default)> = [ True]
                                TX<2025-09, (default)> = [ True]
                                spm_unit_assets<2025, (default)> = [0.]
                              tx_ccs_work_requirement_eligible<2025-09, (default)> = [False]
                                TX<2025-09, (default)> = [ True]
                                is_tax_unit_head_or_spouse<2025-09, (default)> = [ True]
                                tx_ccs_work_exempt<2025-09, (default)> = [False]
                                weekly_hours_worked<2025, (default)> = [0.]
                              tx_ccs_eligible_child<2025-09, (default)> = [False]
                                TX<2025-09, (default)> = [ True]
                                age<2025, (default)> = [40.]
                                is_disabled<2025-09, (default)> = [False]
                                is_tax_unit_dependent<2025-09, (default)> = [False]
                                is_citizen_or_legal_immigrant<2025, (default)> = [ True]
                          tx_ccs<2025-10, (default)> = [0.]
                            tx_ccs_eligible<2025-10, (default)> = [False]
                              TX<2025-10, (default)> = [ True]
                              tx_ccs_income_eligible<2025-10, (default)> = [False]
                                TX<2025-10, (default)> = [ True]
                                tx_ccs_countable_income<2025-10, (default)> = [12500.]
                                  TX<2025-10, (default)> = [ True]
                                  employment_income<2025-10, (default)> = [11666.667]
                                    employment_income<2025, (default)> = [140000.]
                                  self_employment_income<2025-10, (default)> = [0.]
                                    self_employment_income<2025, (default)> = [0.]
                                  sstb_self_employment_income<2025-10, (default)> = [0.]
                                    sstb_self_employment_income<2025, (default)> = [0.]
                                  dividend_income<2025-10, (default)> = [0.]
                                    dividend_income<2025, (default)> = [0.]
                                  interest_income<2025-10, (default)> = [833.3333]
                                    interest_income<2025, (default)> = [10000.]
                                  rental_income<2025-10, (default)> = [0.]
                                    rental_income<2025, (default)> = [0.]
                                  pension_income<2025-10, (default)> = [0.]
                                    pension_income<2025, (default)> = [0.]
                                  alimony_income<2025-10, (default)> = [0.]
                                    alimony_income<2025, (default)> = [0.]
                                hhs_smi<2025-10, (default)> = [4472.5635]
                                  hhs_smi<2025, (default)> = [53670.76]
                              tx_ccs_asset_eligible<2025-10, (default)> = [ True]
                                TX<2025-10, (default)> = [ True]
                                spm_unit_assets<2025, (default)> = [0.]
                              tx_ccs_work_requirement_eligible<2025-10, (default)> = [False]
                                TX<2025-10, (default)> = [ True]
                                is_tax_unit_head_or_spouse<2025-10, (default)> = [ True]
                                tx_ccs_work_exempt<2025-10, (default)> = [False]
                                weekly_hours_worked<2025, (default)> = [0.]
                              tx_ccs_eligible_child<2025-10, (default)> = [False]
                                TX<2025-10, (default)> = [ True]
                                age<2025, (default)> = [40.]
                                is_disabled<2025-10, (default)> = [False]
                                is_tax_unit_dependent<2025-10, (default)> = [False]
                                is_citizen_or_legal_immigrant<2025, (default)> = [ True]
                          tx_ccs<2025-11, (default)> = [0.]
                            tx_ccs_eligible<2025-11, (default)> = [False]
                              TX<2025-11, (default)> = [ True]
                              tx_ccs_income_eligible<2025-11, (default)> = [False]
                                TX<2025-11, (default)> = [ True]
                                tx_ccs_countable_income<2025-11, (default)> = [12500.]
                                  TX<2025-11, (default)> = [ True]
                                  employment_income<2025-11, (default)> = [11666.667]
                                    employment_income<2025, (default)> = [140000.]
                                  self_employment_income<2025-11, (default)> = [0.]
                                    self_employment_income<2025, (default)> = [0.]
                                  sstb_self_employment_income<2025-11, (default)> = [0.]
                                    sstb_self_employment_income<2025, (default)> = [0.]
                                  dividend_income<2025-11, (default)> = [0.]
                                    dividend_income<2025, (default)> = [0.]
                                  interest_income<2025-11, (default)> = [833.3333]
                                    interest_income<2025, (default)> = [10000.]
                                  rental_income<2025-11, (default)> = [0.]
                                    rental_income<2025, (default)> = [0.]
                                  pension_income<2025-11, (default)> = [0.]
                                    pension_income<2025, (default)> = [0.]
                                  alimony_income<2025-11, (default)> = [0.]
                                    alimony_income<2025, (default)> = [0.]
                                hhs_smi<2025-11, (default)> = [4472.5635]
                                  hhs_smi<2025, (default)> = [53670.76]
                              tx_ccs_asset_eligible<2025-11, (default)> = [ True]
                                TX<2025-11, (default)> = [ True]
                                spm_unit_assets<2025, (default)> = [0.]
                              tx_ccs_work_requirement_eligible<2025-11, (default)> = [False]
                                TX<2025-11, (default)> = [ True]
                                is_tax_unit_head_or_spouse<2025-11, (default)> = [ True]
                                tx_ccs_work_exempt<2025-11, (default)> = [False]
                                weekly_hours_worked<2025, (default)> = [0.]
                              tx_ccs_eligible_child<2025-11, (default)> = [False]
                                TX<2025-11, (default)> = [ True]
                                age<2025, (default)> = [40.]
                                is_disabled<2025-11, (default)> = [False]
                                is_tax_unit_dependent<2025-11, (default)> = [False]
                                is_citizen_or_legal_immigrant<2025, (default)> = [ True]
                          tx_ccs<2025-12, (default)> = [0.]
                            tx_ccs_eligible<2025-12, (default)> = [False]
                              TX<2025-12, (default)> = [ True]
                              tx_ccs_income_eligible<2025-12, (default)> = [False]
                                TX<2025-12, (default)> = [ True]
                                tx_ccs_countable_income<2025-12, (default)> = [12500.]
                                  TX<2025-12, (default)> = [ True]
                                  employment_income<2025-12, (default)> = [11666.667]
                                    employment_income<2025, (default)> = [140000.]
                                  self_employment_income<2025-12, (default)> = [0.]
                                    self_employment_income<2025, (default)> = [0.]
                                  sstb_self_employment_income<2025-12, (default)> = [0.]
                                    sstb_self_employment_income<2025, (default)> = [0.]
                                  dividend_income<2025-12, (default)> = [0.]
                                    dividend_income<2025, (default)> = [0.]
                                  interest_income<2025-12, (default)> = [833.3333]
                                    interest_income<2025, (default)> = [10000.]
                                  rental_income<2025-12, (default)> = [0.]
                                    rental_income<2025, (default)> = [0.]
                                  pension_income<2025-12, (default)> = [0.]
                                    pension_income<2025, (default)> = [0.]
                                  alimony_income<2025-12, (default)> = [0.]
                                    alimony_income<2025, (default)> = [0.]
                                hhs_smi<2025-12, (default)> = [4472.5635]
                                  hhs_smi<2025, (default)> = [53670.76]
                              tx_ccs_asset_eligible<2025-12, (default)> = [ True]
                                TX<2025-12, (default)> = [ True]
                                spm_unit_assets<2025, (default)> = [0.]
                              tx_ccs_work_requirement_eligible<2025-12, (default)> = [False]
                                TX<2025-12, (default)> = [ True]
                                is_tax_unit_head_or_spouse<2025-12, (default)> = [ True]
                                tx_ccs_work_exempt<2025-12, (default)> = [False]
                                weekly_hours_worked<2025, (default)> = [0.]
                              tx_ccs_eligible_child<2025-12, (default)> = [False]
                                TX<2025-12, (default)> = [ True]
                                age<2025, (default)> = [40.]
                                is_disabled<2025-12, (default)> = [False]
                                is_tax_unit_dependent<2025-12, (default)> = [False]
                                is_citizen_or_legal_immigrant<2025, (default)> = [ True]
                      ny_child_care_subsidies<2025, (default)> = [0.]
                        NY<2025, (default)> = [False]
                  is_child<2025, (default)> = [False]
                  is_child<2025, (default)> = [False]
                care_expenses<2025, (default)> = [0.]
                  pre_subsidy_care_expenses<2025, (default)> = [0.]
                cdcc_limit<2025, (default)> = [0.]
                  capped_count_cdcc_eligible<2025, (default)> = [0]
                    count_cdcc_eligible<2025, (default)> = [0]
                      is_cdcc_eligible<2025, (default)> = [False]
                        age<2025, (default)> = [40.]
                        is_tax_unit_dependent<2025, (default)> = [False]
                        is_tax_unit_head_or_spouse<2025, (default)> = [ True]
                        is_incapable_of_self_care<2025, (default)> = [False]
                        tax_unit_married<2025, (default)> = [False]
                      is_tax_unit_head_or_spouse<2025, (default)> = [ True]
                  dependent_care_assistance_exclusion<2025, (default)> = [0.]
                    dependent_care_employer_benefits<2025, (default)> = [0.]
                    filing_status<2025, (default)> = ['SINGLE']
                    min_head_spouse_earned<2025, (default)> = [140000.]
                      tax_unit_is_joint<2025, (default)> = [False]
                      is_tax_unit_head<2025, (default)> = [ True]
                      is_tax_unit_spouse<2025, (default)> = [False]
                      cdcc_income_floor_eligible<2025, (default)> = [False]
                        is_tax_unit_head_or_spouse<2025, (default)> = [ True]
                        tax_unit_married<2025, (default)> = [False]
                        is_full_time_student<2025, (default)> = [False]
                        is_incapable_of_self_care<2025, (default)> = [False]
                      head_earned<2025, (default)> = [140000.]
                        adjusted_earnings<2025, (default)> = [140000.]
                        is_tax_unit_head<2025, (default)> = [ True]
                      spouse_earned<2025, (default)> = [0.]
                        adjusted_earnings<2025, (default)> = [140000.]
                        is_tax_unit_spouse<2025, (default)> = [False]
                      count_cdcc_eligible<2025, (default)> = [0]
                min_head_spouse_earned<2025, (default)> = [140000.]
              cdcc_rate<2025, (default)> = [0.2]
                adjusted_gross_income<2025, (default)> = [150000.]
              cdcc_filing_status_eligible<2025, (default)> = [ True]
                filing_status<2025, (default)> = ['SINGLE']
                is_tax_unit_head_or_spouse<2025, (default)> = [ True]
                is_separated<2025, (default)> = [False]
                is_cdcc_eligible<2025, (default)> = [False]
                is_tax_unit_head_or_spouse<2025, (default)> = [ True]
          elderly_disabled_credit<2025, (default)> = [0.]
            elderly_disabled_credit_credit_limit<2025, (default)> = [21647.]
              income_tax_before_credits<2025, (default)> = [21647.]
              foreign_tax_credit<2025, (default)> = [0.]
              cdcc<2025, (default)> = [0.]
            elderly_disabled_credit_potential<2025, (default)> = [0.]
              section_22_income<2025, (default)> = [0.]
                filing_status<2025, (default)> = ['SINGLE']
                qualifies_for_elderly_or_disabled_credit<2025, (default)> = [False]
                  age<2025, (default)> = [40.]
                  retired_on_total_disability<2025, (default)> = [False]
                age<2025, (default)> = [40.]
                is_tax_unit_dependent<2025, (default)> = [False]
                total_disability_payments<2025, (default)> = [0.]
                pension_income<2025, (default)> = [0.]
                taxable_pension_income<2025, (default)> = [0.]
                tax_unit_social_security<2025, (default)> = [0.]
                tax_unit_taxable_social_security<2025, (default)> = [0.]
                adjusted_gross_income<2025, (default)> = [150000.]
          non_refundable_american_opportunity_credit<2025, (default)> = [0.]
            non_refundable_american_opportunity_credit_credit_limit<2025, (default)> = [21647.]
              income_tax_before_credits<2025, (default)> = [21647.]
              foreign_tax_credit<2025, (default)> = [0.]
              cdcc<2025, (default)> = [0.]
              elderly_disabled_credit<2025, (default)> = [0.]
            non_refundable_american_opportunity_credit_potential<2025, (default)> = [0.]
              american_opportunity_credit<2025, (default)> = [0.]
                is_eligible_for_american_opportunity_credit<2025, (default)> = [False]
                  filing_status<2025, (default)> = ['SINGLE']
                  has_american_opportunity_credit_1098_t_or_exception<2025, (default)> = [False]
                  has_american_opportunity_credit_institution_ein<2025, (default)> = [False]
                  is_pursuing_credential_for_american_opportunity_credit<2025, (default)> = [False]
                  attends_eligible_educational_institution_for_american_opportunity_credit<2025, (default)> = [False]
                  is_enrolled_at_least_half_time_for_american_opportunity_credit<2025, (default)> = [False]
                  has_completed_first_four_years_of_postsecondary_education<2025, (default)> = [False]
                  american_opportunity_credit_claimed_prior_years<2025, (default)> = [0]
                  has_felony_drug_conviction<2025, (default)> = [False]
                  meets_american_opportunity_credit_identification_requirements<2025, (default)> = [ True]
                    has_tin<2025, (default)> = [ True]
                  filer_meets_american_opportunity_credit_identification_requirements<2025, (default)> = [ True]
                    is_tax_unit_head_or_spouse<2025, (default)> = [ True]
                    meets_american_opportunity_credit_identification_requirements<2025, (default)> = [ True]
                  is_nonresident_alien_for_american_opportunity_credit<2025, (default)> = [False]
                  is_barred_from_american_opportunity_credit_due_to_improper_claims<2025, (default)> = [False]
                qualified_tuition_expenses<2025, (default)> = [0.]
                education_credit_phase_out<2025, (default)> = [1.]
                  adjusted_gross_income<2025, (default)> = [150000.]
                  tax_unit_is_joint<2025, (default)> = [False]
              refundable_american_opportunity_credit<2025, (default)> = [0.]
                american_opportunity_credit<2025, (default)> = [0.]
          lifetime_learning_credit<2025, (default)> = [0.]
            lifetime_learning_credit_credit_limit<2025, (default)> = [21647.]
              income_tax_before_credits<2025, (default)> = [21647.]
              foreign_tax_credit<2025, (default)> = [0.]
              cdcc<2025, (default)> = [0.]
              elderly_disabled_credit<2025, (default)> = [0.]
              non_refundable_american_opportunity_credit<2025, (default)> = [0.]
            lifetime_learning_credit_potential<2025, (default)> = [0.]
              is_eligible_for_american_opportunity_credit<2025, (default)> = [False]
              is_eligible_for_lifetime_learning_credit<2025, (default)> = [False]
                filing_status<2025, (default)> = ['SINGLE']
                has_lifetime_learning_credit_1098_t_or_exception<2025, (default)> = [False]
                attends_eligible_educational_institution_for_lifetime_learning_credit<2025, (default)> = [False]
                meets_lifetime_learning_credit_identification_requirements<2025, (default)> = [ True]
                  has_tin<2025, (default)> = [ True]
                filer_meets_lifetime_learning_credit_identification_requirements<2025, (default)> = [ True]
                  is_tax_unit_head_or_spouse<2025, (default)> = [ True]
                  meets_lifetime_learning_credit_identification_requirements<2025, (default)> = [ True]
                is_nonresident_alien_for_lifetime_learning_credit<2025, (default)> = [False]
              qualified_tuition_expenses<2025, (default)> = [0.]
              lifetime_learning_credit_phase_out<2025, (default)> = [1.]
                adjusted_gross_income<2025, (default)> = [150000.]
                tax_unit_is_joint<2025, (default)> = [False]
          savers_credit<2025, (default)> = [0.]
            savers_credit_credit_limit<2025, (default)> = [21647.]
              income_tax_before_credits<2025, (default)> = [21647.]
              foreign_tax_credit<2025, (default)> = [0.]
              cdcc<2025, (default)> = [0.]
              elderly_disabled_credit<2025, (default)> = [0.]
              non_refundable_american_opportunity_credit<2025, (default)> = [0.]
              lifetime_learning_credit<2025, (default)> = [0.]
            savers_credit_potential<2025, (default)> = [0.]
              savers_credit_person<2025, (default)> = [0.]
                savers_credit_eligible_person<2025, (default)> = [ True]
                  age<2025, (default)> = [40.]
                  is_full_time_student<2025, (default)> = [False]
                  claimed_as_dependent_on_another_return<2025, (default)> = [False]
                  is_tax_unit_head_or_spouse<2025, (default)> = [ True]
                savers_credit_qualified_contributions<2025, (default)> = [0.]
                  traditional_ira_contributions<2025, (default)> = [0.]
                  roth_ira_contributions<2025, (default)> = [0.]
                    roth_ira_contributions_desired<2025, (default)> = [0.]
                    ira_contribution_scale<2025, (default)> = [1.]
                  traditional_401k_contributions<2025, (default)> = [0.]
                  traditional_403b_contributions<2025, (default)> = [0.]
                  roth_401k_contributions<2025, (default)> = [0.]
                    roth_401k_contributions_desired<2025, (default)> = [0.]
                    elective_deferral_contribution_scale<2025, (default)> = [1.]
                  roth_403b_contributions<2025, (default)> = [0.]
                    roth_403b_contributions_desired<2025, (default)> = [0.]
                    elective_deferral_contribution_scale<2025, (default)> = [1.]
                  self_employed_pension_contributions<2025, (default)> = [0.]
                  able_contributions_person<2025, (default)> = [0.]
                  retirement_distributions<2025, (default)> = [0.]
                    taxable_retirement_distributions<2025, (default)> = [0.]
                    tax_exempt_retirement_distributions<2025, (default)> = [0.]
                      tax_exempt_ira_distributions<2025, (default)> = [0.]
                      tax_exempt_401k_distributions<2025, (default)> = [0.]
                      tax_exempt_sep_distributions<2025, (default)> = [0.]
                      tax_exempt_403b_distributions<2025, (default)> = [0.]
                adjusted_gross_income<2025, (default)> = [150000.]
                filing_status<2025, (default)> = ['SINGLE']
          energy_efficient_home_improvement_credit<2025, (default)> = [0.]
            energy_efficient_home_improvement_credit_credit_limit<2025, (default)> = [21647.]
              income_tax_before_credits<2025, (default)> = [21647.]
              foreign_tax_credit<2025, (default)> = [0.]
              cdcc<2025, (default)> = [0.]
              elderly_disabled_credit<2025, (default)> = [0.]
              non_refundable_american_opportunity_credit<2025, (default)> = [0.]
              lifetime_learning_credit<2025, (default)> = [0.]
              savers_credit<2025, (default)> = [0.]
            energy_efficient_home_improvement_credit_potential<2025, (default)> = [0.]
              capped_heat_pump_heat_pump_water_heater_biomass_stove_boiler_credit<2025, (default)> = [0.]
                heat_pump_expenditures<2025, (default)> = [0.]
                heat_pump_water_heater_expenditures<2025, (default)> = [0.]
                biomass_stove_boiler_expenditures<2025, (default)> = [0.]
                capped_heat_pump_rebate<2025, (default)> = [0.]
                  high_efficiency_electric_home_rebate_percent_covered<2025, (default)> = [1.]
                    tax_unit_income_ami_ratio<2025, (default)> = [0.]
                  heat_pump_expenditures<2025, (default)> = [0.]
                capped_heat_pump_water_heater_rebate<2025, (default)> = [0.]
                  high_efficiency_electric_home_rebate_percent_covered<2025, (default)> = [1.]
                  heat_pump_water_heater_expenditures<2025, (default)> = [0.]
              capped_energy_efficient_door_credit<2025, (default)> = [0.]
                energy_efficient_door_expenditures<2025, (default)> = [0.]
              capped_energy_efficient_insulation_credit<2025, (default)> = [0.]
                energy_efficient_insulation_expenditures<2025, (default)> = [0.]
                capped_insulation_air_sealing_ventilation_rebate<2025, (default)> = [0.]
                  high_efficiency_electric_home_rebate_percent_covered<2025, (default)> = [1.]
                  energy_efficient_insulation_expenditures<2025, (default)> = [0.]
                  air_sealing_ventilation_expenditures<2025, (default)> = [0.]
              capped_energy_efficient_window_credit<2025, (default)> = [0.]
                energy_efficient_window_expenditures<2025, (default)> = [0.]
                prior_energy_efficient_window_credits<2025, (default)> = [0.]
              capped_advanced_main_air_circulating_fan_credit<2025, (default)> = [0.]
                advanced_main_air_circulating_fan_expenditures<2025, (default)> = [0.]
              capped_qualified_furnace_or_hot_water_boiler_credit<2025, (default)> = [0.]
                qualified_furnace_or_hot_water_boiler_expenditures<2025, (default)> = [0.]
              capped_advanced_main_air_circulating_fan_credit<2025, (default)> = [0.]
              capped_energy_efficient_central_air_conditioner_credit<2025, (default)> = [0.]
                energy_efficient_central_air_conditioner_expenditures<2025, (default)> = [0.]
              capped_heat_pump_heat_pump_water_heater_biomass_stove_boiler_credit<2025, (default)> = [0.]
              capped_qualified_furnace_or_hot_water_boiler_credit<2025, (default)> = [0.]
              capped_home_energy_audit_credit<2025, (default)> = [0.]
                home_energy_audit_expenditures<2025, (default)> = [0.]
              prior_energy_efficient_home_improvement_credits<2025, (default)> = [0.]
          used_clean_vehicle_credit<2025, (default)> = [0.]
            used_clean_vehicle_credit_eligible<2025, (default)> = [False]
              purchased_qualifying_used_clean_vehicle<2025, (default)> = [False]
          new_clean_vehicle_credit<2025, (default)> = [0.]
            new_clean_vehicle_credit_eligible<2025, (default)> = [False]
              purchased_qualifying_new_clean_vehicle<2025, (default)> = [False]
          non_refundable_ctc<2025, (default)> = [0.]
            ctc<2025, (default)> = [0.]
              filer_meets_ctc_identification_requirements<2025, (default)> = [ True]
                is_tax_unit_head_or_spouse<2025, (default)> = [ True]
                has_tin<2025, (default)> = [ True]
              ctc_maximum_with_arpa_addition<2025, (default)> = [0.]
                ctc_maximum<2025, (default)> = [0.]
                  ctc_individual_maximum<2025, (default)> = [0.]
                    ctc_child_individual_maximum<2025, (default)> = [0.]
                      is_tax_unit_dependent<2025, (default)> = [False]
                    ctc_adult_individual_maximum<2025, (default)> = [0.]
                      is_tax_unit_dependent<2025, (default)> = [False]
                ctc_arpa_addition<2025, (default)> = [0.]
                  ctc_arpa_max_addition<2025, (default)> = [0.]
                  ctc_arpa_phase_out<2025, (default)> = [0.]
                    ctc_arpa_phase_out_cap<2025, (default)> = [0.]
                    ctc_arpa_uncapped_phase_out<2025, (default)> = [0.]
              ctc_phase_out<2025, (default)> = [0.]
                adjusted_gross_income<2025, (default)> = [150000.]
                ctc_phase_out_threshold<2025, (default)> = [200000.]
                  filing_status<2025, (default)> = ['SINGLE']
            refundable_ctc<2025, (default)> = [0.]
              ctc_refundable_maximum<2025, (default)> = [0.]
                ctc_child_individual_maximum<2025, (default)> = [0.]
                ctc_child_individual_maximum_arpa<2025, (default)> = [0.]
                  ctc_qualifying_child<2025, (default)> = [False]
                    is_tax_unit_dependent<2025, (default)> = [False]
              ctc<2025, (default)> = [0.]
              ctc_phase_in<2025, (default)> = [20625.]
                ctc_phase_in_relevant_earnings<2025, (default)> = [20625.]
                  eitc_earned_income<2025, (default)> = [140000.]
                    employment_income<2025, (default)> = [140000.]
                    is_tax_unit_dependent<2025, (default)> = [False]
                    self_employment_income<2025, (default)> = [0.]
                    is_tax_unit_dependent<2025, (default)> = [False]
                    sstb_self_employment_income<2025, (default)> = [0.]
                    is_tax_unit_dependent<2025, (default)> = [False]
                    farm_operations_income<2025, (default)> = [0.]
                    is_tax_unit_dependent<2025, (default)> = [False]
                    partnership_self_employment_net_earnings<2025, (default)> = [0.]
                    is_tax_unit_dependent<2025, (default)> = [False]
                    self_employment_tax_ald_person<2025, (default)> = [0.]
                    is_tax_unit_dependent<2025, (default)> = [False]
                ctc_social_security_tax<2025, (default)> = [10710.]
                  employee_social_security_tax<2025, (default)> = [8680.]
                    taxable_earnings_for_social_security<2025, (default)> = [140000.]
                  is_tax_unit_dependent<2025, (default)> = [False]
                  employee_medicare_tax<2025, (default)> = [2030.]
                    payroll_tax_gross_wages<2025, (default)> = [140000.]
                  is_tax_unit_dependent<2025, (default)> = [False]
                  self_employment_tax_ald_person<2025, (default)> = [0.]
                  is_tax_unit_dependent<2025, (default)> = [False]
                  unreported_payroll_tax<2025, (default)> = [0.]
                  additional_medicare_tax<2025, (default)> = [0.]
                    payroll_tax_gross_wages<2025, (default)> = [140000.]
                    is_tax_unit_dependent<2025, (default)> = [False]
                    taxable_self_employment_income<2025, (default)> = [0.]
                    is_tax_unit_dependent<2025, (default)> = [False]
                    filing_status<2025, (default)> = ['SINGLE']
                  excess_payroll_tax_withheld<2025, (default)> = [0.]
                eitc<2025, (default)> = [0.]
                  eitc_eligible<2025, (default)> = [ True]
                    eitc_investment_income_eligible<2025, (default)> = [ True]
                      eitc_relevant_investment_income<2025, (default)> = [10000.]
                        taxable_interest_income<2025, (default)> = [10000.]
                        tax_exempt_interest_income<2025, (default)> = [0.]
                        dividend_income<2025, (default)> = [0.]
                        net_capital_gains<2025, (default)> = [0.]
                          long_term_capital_gains<2025, (default)> = [0.]
                          short_term_capital_gains<2025, (default)> = [0.]
                        non_sch_d_capital_gains<2025, (default)> = [0.]
                        rental_income<2025, (default)> = [0.]
                        passive_partnership_s_corp_income<2025, (default)> = [0.]
                    eitc_demographic_eligible<2025, (default)> = [ True]
                      eitc_child_count<2025, (default)> = [0]
                        is_tax_unit_dependent<2025, (default)> = [False]
                        is_permanently_and_totally_disabled<2025, (default)> = [False]
                        is_qualifying_child_dependent<2025, (default)> = [False]
                        meets_eitc_identification_requirements<2025, (default)> = [ True]
                          ssn_card_type<2025, (default)> = ['CITIZEN']
                      age<2025, (default)> = [40.]
                      is_full_time_student<2025, (default)> = [False]
                      is_tax_unit_dependent<2025, (default)> = [False]
                    filer_meets_eitc_identification_requirements<2025, (default)> = [ True]
                      is_tax_unit_head_or_spouse<2025, (default)> = [ True]
                      meets_eitc_identification_requirements<2025, (default)> = [ True]
                  takes_up_eitc<2025, (default)> = [ True]
                  eitc_maximum<2025, (default)> = [649.]
                    eitc_child_count<2025, (default)> = [0]
                  eitc_phased_in<2025, (default)> = [649.]
                    eitc_maximum<2025, (default)> = [649.]
                    eitc_phase_in_rate<2025, (default)> = [0.0765]
                      eitc_child_count<2025, (default)> = [0]
                    eitc_earned_income<2025, (default)> = [140000.]
                  eitc_reduction<2025, (default)> = [10662.569]
                    eitc_earned_income<2025, (default)> = [140000.]
                    adjusted_gross_income<2025, (default)> = [150000.]
                    eitc_phase_out_start<2025, (default)> = [10620.]
                      eitc_child_count<2025, (default)> = [0]
                      tax_unit_is_joint<2025, (default)> = [False]
                    eitc_phase_out_rate<2025, (default)> = [0.0765]
                      eitc_child_count<2025, (default)> = [0]
                  tax_unit_is_required_to_file<2025, (default)> = [ True]
                    irs_gross_income<2025, (default)> = [150000.]
                    filing_status<2025, (default)> = ['SINGLE']
                    standard_deduction<2025, (default)> = [15750.]
                    additional_standard_deduction<2025, (default)> = [0.]
                    earned_income<2025, (default)> = [140000.]
                  would_file_taxes_voluntarily<2025, (default)> = [False]
                  would_file_if_eligible_for_refundable_credit<2025, (default)> = [ True]
                ctc_qualifying_children<2025, (default)> = [0]
                  ctc_qualifying_child<2025, (default)> = [False]
              ctc_limiting_tax_liability<2025, (default)> = [21647.]
                ctc_tax_liability_after_preceding_credits<2025, (default)> = [21647.]
                  income_tax_before_credits<2025, (default)> = [21647.]
                  foreign_tax_credit<2025, (default)> = [0.]
                  cdcc<2025, (default)> = [0.]
                  elderly_disabled_credit<2025, (default)> = [0.]
                  non_refundable_american_opportunity_credit<2025, (default)> = [0.]
                  lifetime_learning_credit<2025, (default)> = [0.]
                  savers_credit<2025, (default)> = [0.]
                  energy_efficient_home_improvement_credit<2025, (default)> = [0.]
                  used_clean_vehicle_credit<2025, (default)> = [0.]
                  new_clean_vehicle_credit<2025, (default)> = [0.]
                residential_clean_energy_credit<2025, (default)> = [0.]
                  residential_clean_energy_credit_credit_limit<2025, (default)> = [21647.]
                    income_tax_before_credits<2025, (default)> = [21647.]
                    foreign_tax_credit<2025, (default)> = [0.]
                    cdcc<2025, (default)> = [0.]
                    elderly_disabled_credit<2025, (default)> = [0.]
                    non_refundable_american_opportunity_credit<2025, (default)> = [0.]
                    lifetime_learning_credit<2025, (default)> = [0.]
                    savers_credit<2025, (default)> = [0.]
                    energy_efficient_home_improvement_credit<2025, (default)> = [0.]
                    used_clean_vehicle_credit<2025, (default)> = [0.]
                    new_clean_vehicle_credit<2025, (default)> = [0.]
                    ctc<2025, (default)> = [0.]
                    ctc_credit_limit_worksheet_b_applies<2025, (default)> = [False]
                      ctc_qualifying_children<2025, (default)> = [0]
                      foreign_earned_income_exclusion<2025, (default)> = [0.]
                    ctc_non_refundable_minimum<2025, (default)> = [0.]
                      ctc<2025, (default)> = [0.]
                      ctc_refundable_maximum<2025, (default)> = [0.]
                      ctc_phase_in<2025, (default)> = [20625.]
                  residential_clean_energy_credit_potential<2025, (default)> = [0.]
                    geothermal_heat_pump_property_expenditures<2025, (default)> = [0.]
                    small_wind_energy_property_expenditures<2025, (default)> = [0.]
                    solar_electric_property_expenditures<2025, (default)> = [0.]
                    solar_water_heating_property_expenditures<2025, (default)> = [0.]
                    qualified_battery_storage_technology_expenditures<2025, (default)> = [0.]
                    fuel_cell_property_expenditures<2025, (default)> = [0.]
                    fuel_cell_property_capacity<2025, (default)> = [0.]
                ctc_credit_limit_worksheet_b_applies<2025, (default)> = [False]
          residential_clean_energy_credit<2025, (default)> = [0.]
        income_tax_unavailable_non_refundable_credits<2025, (default)> = [0.]
          income_tax_before_credits<2025, (default)> = [21647.]
          income_tax_non_refundable_credits<2025, (default)> = [0.]
          income_tax_non_refundable_credits<2025, (default)> = [0.]
    income_tax_refundable_credits<2025, (default)> = [0.]
      eitc<2025, (default)> = [0.]
      refundable_american_opportunity_credit<2025, (default)> = [0.]
      refundable_ctc<2025, (default)> = [0.]
      recovery_rebate_credit<2025, (default)> = [0.]
        rrc_cares<2025, (default)> = [0.]
          filing_status<2025, (default)> = ['SINGLE']
          adjusted_gross_income<2025, (default)> = [150000.]
          rrc_adult_count_with_valid_ssn<2025, (default)> = [1]
            is_tax_unit_head_or_spouse<2025, (default)> = [ True]
            meets_eitc_identification_requirements<2025, (default)> = [ True]
          rrc_qualifies_for_armed_forces_exception<2025, (default)> = [False]
            tax_unit_is_joint<2025, (default)> = [False]
            is_tax_unit_head_or_spouse<2025, (default)> = [ True]
            is_military<2025, (default)> = [False]
            meets_eitc_identification_requirements<2025, (default)> = [ True]
          tax_unit_is_joint<2025, (default)> = [False]
          rrc_cares_qualifying_children_with_valid_ssn<2025, (default)> = [0]
            ctc_qualifying_child<2025, (default)> = [False]
            meets_eitc_identification_requirements<2025, (default)> = [ True]
        rrc_caa<2025, (default)> = [0.]
          filing_status<2025, (default)> = ['SINGLE']
          adjusted_gross_income<2025, (default)> = [150000.]
          rrc_adult_count_with_valid_ssn<2025, (default)> = [1]
          rrc_qualifies_for_armed_forces_exception<2025, (default)> = [False]
          tax_unit_is_joint<2025, (default)> = [False]
          rrc_cares_qualifying_children_with_valid_ssn<2025, (default)> = [0]
        rrc_arpa<2025, (default)> = [0.]
          filing_status<2025, (default)> = ['SINGLE']
          adjusted_gross_income<2025, (default)> = [150000.]
          rrc_arpa_dependents_with_valid_ssn<2025, (default)> = [0]
            is_tax_unit_dependent<2025, (default)> = [False]
            meets_eitc_identification_requirements<2025, (default)> = [ True]
          rrc_qualifies_for_armed_forces_exception<2025, (default)> = [False]
          tax_unit_is_joint<2025, (default)> = [False]
          rrc_adult_count_with_valid_ssn<2025, (default)> = [1]
      refundable_payroll_tax_credit<2025, (default)> = [0.]
.Computation log:
  form_4952_total_investment_interest_expense<2025, (default)> = [6000.]
    investment_interest_expense<2025, (default)> = [2000.]
    is_tax_unit_dependent<2025, (default)> = [False]
      is_tax_unit_head<2025, (default)> = [ True]
        is_child<2025, (default)> = [False]
          age<2025, (default)> = [40.]
        age<2025, (default)> = [40.]
      is_tax_unit_spouse<2025, (default)> = [False]
        is_separated<2025, (default)> = [False]
        is_child<2025, (default)> = [False]
        is_tax_unit_head<2025, (default)> = [ True]
        age<2025, (default)> = [40.]
    form_4952_disallowed_investment_interest_expense_prior_year<2025, (default)> = [4000.]
  investment_income_form_4952<2025, (default)> = [3000.]
    investment_interest_expense_deduction<2025, (default)> = [3000.]
      form_4952_total_investment_interest_expense<2025, (default)> = [6000.]
      form_4952_net_investment_income<2025, (default)> = [3000.]
        form_4952_investment_income<2025, (default)> = [3000.]
          form_4952_gross_investment_income<2025, (default)> = [3000.]
            taxable_interest_income<2025, (default)> = [3000.]
            is_tax_unit_dependent<2025, (default)> = [False]
            ordinary_dividend_income<2025, (default)> = [0.]
              qualified_dividend_income<2025, (default)> = [0.]
              non_qualified_dividend_income<2025, (default)> = [0.]
            is_tax_unit_dependent<2025, (default)> = [False]
          form_4952_qualified_dividends<2025, (default)> = [0.]
            qualified_dividend_income<2025, (default)> = [0.]
            is_tax_unit_dependent<2025, (default)> = [False]
          form_4952_net_investment_gain<2025, (default)> = [0.]
            long_term_capital_gains<2025, (default)> = [0.]
              long_term_capital_gains_before_response<2025, (default)> = [0.]
              capital_gains_behavioral_response<2025, (default)> = [0.]
            is_tax_unit_dependent<2025, (default)> = [False]
            short_term_capital_gains<2025, (default)> = [0.]
            is_tax_unit_dependent<2025, (default)> = [False]
            form_4952_capital_gain_distributions<2025, (default)> = [0.]
              is_tax_unit_dependent<2025, (default)> = [False]
              non_sch_d_capital_gains<2025, (default)> = [0.]
          form_4952_net_capital_gain<2025, (default)> = [0.]
            form_4952_net_investment_gain<2025, (default)> = [0.]
            long_term_capital_gains<2025, (default)> = [0.]
            is_tax_unit_dependent<2025, (default)> = [False]
            form_4952_capital_gain_distributions<2025, (default)> = [0.]
            short_term_capital_gains<2025, (default)> = [0.]
            is_tax_unit_dependent<2025, (default)> = [False]
          form_4952_elected_investment_income<2025, (default)> = [0.]
            investment_income_elected_form_4952<2025, (default)> = [0.]
            is_tax_unit_dependent<2025, (default)> = [False]
            form_4952_qualified_dividends<2025, (default)> = [0.]
            form_4952_net_capital_gain<2025, (default)> = [0.]
        form_4952_investment_expenses<2025, (default)> = [0.]
  investment_interest_expense_deduction<2025, (default)> = [3000.]
  form_4952_investment_interest_carryforward<2025, (default)> = [3000.]
    form_4952_total_investment_interest_expense<2025, (default)> = [6000.]
    form_4952_net_investment_income<2025, (default)> = [3000.]
  interest_deduction<2025, (default)> = [13000.]
    deductible_interest_expense<2025, (default)> = [12000.]
      deductible_mortgage_interest<2025, (default)> = [10000.]
      non_mortgage_interest<2025, (default)> = [2000.]
        investment_interest_expense<2025, (default)> = [2000.]
    investment_interest_expense<2025, (default)> = [2000.]
    investment_interest_expense_deduction<2025, (default)> = [3000.]
.Computation log:
  investment_interest_expense_deduction<2026, (default)> = [4000.]
    form_4952_total_investment_interest_expense<2026, (default)> = [4000.]
      investment_interest_expense<2026, (default)> = [0.]
      is_tax_unit_dependent<2026, (default)> = [False]
        is_tax_unit_head<2026, (default)> = [ True]
          is_child<2026, (default)> = [False]
            age<2026, (default)> = [40.]
          age<2026, (default)> = [40.]
        is_tax_unit_spouse<2026, (default)> = [False]
          is_separated<2026, (default)> = [False]
          is_child<2026, (default)> = [False]
          is_tax_unit_head<2026, (default)> = [ True]
          age<2026, (default)> = [40.]
      form_4952_disallowed_investment_interest_expense_prior_year<2026, (default)> = [4000.]
    form_4952_net_investment_income<2026, (default)> = [5000.]
      form_4952_investment_income<2026, (default)> = [5000.]
        form_4952_gross_investment_income<2026, (default)> = [5000.]
          taxable_interest_income<2026, (default)> = [5000.]
          is_tax_unit_dependent<2026, (default)> = [False]
          ordinary_dividend_income<2026, (default)> = [0.]
            qualified_dividend_income<2026, (default)> = [0.]
            non_qualified_dividend_income<2026, (default)> = [0.]
          is_tax_unit_dependent<2026, (default)> = [False]
        form_4952_qualified_dividends<2026, (default)> = [0.]
          qualified_dividend_income<2026, (default)> = [0.]
          is_tax_unit_dependent<2026, (default)> = [False]
        form_4952_net_investment_gain<2026, (default)> = [0.]
          long_term_capital_gains<2026, (default)> = [0.]
            long_term_capital_gains_before_response<2026, (default)> = [0.]
            capital_gains_behavioral_response<2026, (default)> = [0.]
          is_tax_unit_dependent<2026, (default)> = [False]
          short_term_capital_gains<2026, (default)> = [0.]
          is_tax_unit_dependent<2026, (default)> = [False]
          form_4952_capital_gain_distributions<2026, (default)> = [0.]
            is_tax_unit_dependent<2026, (default)> = [False]
            non_sch_d_capital_gains<2026, (default)> = [0.]
        form_4952_net_capital_gain<2026, (default)> = [0.]
          form_4952_net_investment_gain<2026, (default)> = [0.]
          long_term_capital_gains<2026, (default)> = [0.]
          is_tax_unit_dependent<2026, (default)> = [False]
          form_4952_capital_gain_distributions<2026, (default)> = [0.]
          short_term_capital_gains<2026, (default)> = [0.]
          is_tax_unit_dependent<2026, (default)> = [False]
        form_4952_elected_investment_income<2026, (default)> = [0.]
          investment_income_elected_form_4952<2026, (default)> = [0.]
          is_tax_unit_dependent<2026, (default)> = [False]
          form_4952_qualified_dividends<2026, (default)> = [0.]
          form_4952_net_capital_gain<2026, (default)> = [0.]
      form_4952_investment_expenses<2026, (default)> = [0.]
  form_4952_investment_interest_carryforward<2026, (default)> = [0.]
    form_4952_total_investment_interest_expense<2026, (default)> = [4000.]
    form_4952_net_investment_income<2026, (default)> = [5000.]
  interest_deduction<2026, (default)> = [4000.]
    deductible_interest_expense<2026, (default)> = [0.]
      deductible_mortgage_interest<2026, (default)> = [0.]
        deductible_mortgage_interest_tax_unit<2026, (default)> = [0.]
          first_home_mortgage_balance<2026, (default)> = [0.]
          second_home_mortgage_balance<2026, (default)> = [0.]
          first_home_mortgage_origination_year<2026, (default)> = [0]
          second_home_mortgage_origination_year<2026, (default)> = [0]
          home_mortgage_interest_tax_unit<2026, (default)> = [0.]
            home_mortgage_interest<2026, (default)> = [0.]
            first_home_mortgage_interest<2026, (default)> = [0.]
            second_home_mortgage_interest<2026, (default)> = [0.]
          filing_status<2026, (default)> = ['SINGLE']
            is_tax_unit_head_or_spouse<2026, (default)> = [ True]
              is_tax_unit_head<2026, (default)> = [ True]
              is_tax_unit_spouse<2026, (default)> = [False]
            is_separated<2026, (default)> = [False]
            tax_unit_married<2026, (default)> = [False]
              is_tax_unit_spouse<2026, (default)> = [False]
            surviving_spouse_eligible<2026, (default)> = [False]
              is_tax_unit_head<2026, (default)> = [ True]
              is_surviving_spouse<2026, (default)> = [False]
              tax_unit_child_dependents<2026, (default)> = [0]
                is_child_dependent<2026, (default)> = [False]
                  is_tax_unit_dependent<2026, (default)> = [False]
              tax_unit_married<2026, (default)> = [False]
            head_of_household_eligible<2026, (default)> = [False]
              tax_unit_married<2026, (default)> = [False]
              is_tax_unit_head_or_spouse<2026, (default)> = [ True]
              is_separated<2026, (default)> = [False]
              is_qualifying_child_dependent<2026, (default)> = [False]
                is_tax_unit_dependent<2026, (default)> = [False]
              is_permanently_and_totally_disabled<2026, (default)> = [False]
              is_tax_unit_dependent<2026, (default)> = [False]
              is_qualifying_relative_dependent<2026, (default)> = [False]
                is_tax_unit_dependent<2026, (default)> = [False]
                is_qualifying_child_dependent<2026, (default)> = [False]
                is_permanently_and_totally_disabled<2026, (default)> = [False]
                dependent_gross_income<2026, (default)> = [0.]
                  irs_employment_income<2026, (default)> = [0.]
                    employment_income<2026, (default)> = [0.]
                      employment_income_before_lsr<2026, (default)> = [0.]
                      employment_income_behavioral_response<2026, (default)> = [0.]
                        labor_supply_behavioral_response<2026, (default)> = [0.]
                        employment_income_before_lsr<2026, (default)> = [0.]
                        employment_income_before_lsr<2026, (default)> = [0.]
                        self_employment_income_before_lsr<2026, (default)> = [0.]
                        sstb_self_employment_income_before_lsr<2026, (default)> = [0.]
                    pre_tax_contributions<2026, (default)> = [0.]
                      traditional_401k_contributions<2026, (default)> = [0.]
                        traditional_401k_contributions_desired<2026, (default)> = [0.]
                        elective_deferral_contribution_scale<2026, (default)> = [1.]
                          traditional_401k_contributions_desired<2026, (default)> = [0.]
                          roth_401k_contributions_desired<2026, (default)> = [0.]
                          traditional_403b_contributions_desired<2026, (default)> = [0.]
                          roth_403b_contributions_desired<2026, (default)> = [0.]
                          elective_deferral_limit<2026, (default)> = [24500.]
                            k401_catch_up_limit<2026, (default)> = [0.]
                              k401_catch_up_eligible<2026, (default)> = [False]
                                age<2026, (default)> = [40.]
                      traditional_403b_contributions<2026, (default)> = [0.]
                        traditional_403b_contributions_desired<2026, (default)> = [0.]
                        elective_deferral_contribution_scale<2026, (default)> = [1.]
                      pre_tax_health_insurance_premiums<2026, (default)> = [0.]
                      health_savings_account_payroll_contributions<2026, (default)> = [0.]
                  self_employment_income<2026, (default)> = [0.]
                    self_employment_income_before_lsr<2026, (default)> = [0.]
                    self_employment_income_behavioral_response<2026, (default)> = [0.]
                      labor_supply_behavioral_response<2026, (default)> = [0.]
                      employment_income_behavioral_response<2026, (default)> = [0.]
                      self_employment_income_before_lsr<2026, (default)> = [0.]
                      sstb_self_employment_income_before_lsr<2026, (default)> = [0.]
                  sstb_self_employment_income<2026, (default)> = [0.]
                    sstb_self_employment_income_before_lsr<2026, (default)> = [0.]
                    sstb_self_employment_income_behavioral_response<2026, (default)> = [0.]
                      labor_supply_behavioral_response<2026, (default)> = [0.]
                      employment_income_behavioral_response<2026, (default)> = [0.]
                      self_employment_income_before_lsr<2026, (default)> = [0.]
                      sstb_self_employment_income_before_lsr<2026, (default)> = [0.]
                  partnership_s_corp_income<2026, (default)> = [0.]
                    partnership_income<2026, (default)> = [0.]
                    s_corp_income<2026, (default)> = [0.]
                  farm_operations_income<2026, (default)> = [0.]
                  farm_rent_income<2026, (default)> = [0.]
                  other_net_gain_gross_income<2026, (default)> = [0.]
                    is_tax_unit_head<2026, (default)> = [ True]
                    is_tax_unit_spouse<2026, (default)> = [False]
                    other_net_gain<2026, (default)> = [0.]
                  non_sch_d_capital_gains<2026, (default)> = [0.]
                  taxable_interest_income<2026, (default)> = [5000.]
                  rental_income<2026, (default)> = [0.]
                  dividend_income<2026, (default)> = [0.]
                    ordinary_dividend_income<2026, (default)> = [0.]
                  taxable_pension_income<2026, (default)> = [0.]
                    taxable_public_pension_income<2026, (default)> = [0.]
                    taxable_private_pension_income<2026, (default)> = [0.]
                  debt_relief<2026, (default)> = [0.]
                  estate_income<2026, (default)> = [0.]
                  unemployment_compensation<2026, (default)> = [0.]
                  illicit_income<2026, (default)> = [0.]
                  taxable_retirement_distributions<2026, (default)> = [0.]
                    taxable_ira_distributions<2026, (default)> = [0.]
                    taxable_401k_distributions<2026, (default)> = [0.]
                    taxable_sep_distributions<2026, (default)> = [0.]
                    taxable_403b_distributions<2026, (default)> = [0.]
                    keogh_distributions<2026, (default)> = [0.]
                  taxable_roth_conversions<2026, (default)> = [0.]
                  miscellaneous_income<2026, (default)> = [0.]
                  ak_permanent_fund_dividend<2026, (default)> = [0.]
                    AK<2026, (default)> = [False]
                      state_code_str<2026, (default)> = ['CA']
                        state_code<2026, (default)> = ['CA']
                          state_name<2026, (default)> = ['CA']
                            state_fips<2026, (default)> = [6]
                  taxable_alimony_income<2026, (default)> = [0.]
                    alimony_income<2026, (default)> = [0.]
                    divorce_year<2026, (default)> = [2010]
                  salt_refund_income<2026, (default)> = [0.]
                  long_term_capital_gains<2026, (default)> = [0.]
                  short_term_capital_gains<2026, (default)> = [0.]
                  capital_gains<2026, (default)> = [0.]
                    short_term_capital_gains<2026, (default)> = [0.]
                    long_term_capital_gains<2026, (default)> = [0.]
                  dependent_taxable_social_security<2026, (default)> = [0.]
                    is_tax_unit_dependent<2026, (default)> = [False]
                  is_tax_unit_head_or_spouse<2026, (default)> = [ True]
              is_related_to_head_or_spouse<2026, (default)> = [ True]
              surviving_spouse_eligible<2026, (default)> = [False]
        home_mortgage_interest_share<2026, (default)> = [1.]
          is_tax_unit_head_or_spouse<2026, (default)> = [ True]
          home_mortgage_interest<2026, (default)> = [0.]
      non_mortgage_interest<2026, (default)> = [0.]
        investment_interest_expense<2026, (default)> = [0.]
    investment_interest_expense<2026, (default)> = [0.]
    investment_interest_expense_deduction<2026, (default)> = [4000.]
.Computation log:
  form_4952_total_investment_interest_expense<2025, (default)> = [5000.]
    investment_interest_expense<2025, (default)> = [5000. 5000.]
    is_tax_unit_dependent<2025, (default)> = [False  True]
    form_4952_disallowed_investment_interest_expense_prior_year<2025, (default)> = [0.]
  form_4952_gross_investment_income<2025, (default)> = [1000.]
    taxable_interest_income<2025, (default)> = [ 1000. 50000.]
    is_tax_unit_dependent<2025, (default)> = [False  True]
    ordinary_dividend_income<2025, (default)> = [    0. 10000.]
      qualified_dividend_income<2025, (default)> = [    0. 10000.]
      non_qualified_dividend_income<2025, (default)> = [0. 0.]
    is_tax_unit_dependent<2025, (default)> = [False  True]
  form_4952_qualified_dividends<2025, (default)> = [0.]
    qualified_dividend_income<2025, (default)> = [    0. 10000.]
    is_tax_unit_dependent<2025, (default)> = [False  True]
  form_4952_net_investment_gain<2025, (default)> = [0.]
    long_term_capital_gains<2025, (default)> = [    0. 10000.]
    is_tax_unit_dependent<2025, (default)> = [False  True]
    short_term_capital_gains<2025, (default)> = [   0. 9000.]
    is_tax_unit_dependent<2025, (default)> = [False  True]
    form_4952_capital_gain_distributions<2025, (default)> = [0.]
      is_tax_unit_dependent<2025, (default)> = [False  True]
      non_sch_d_capital_gains<2025, (default)> = [0. 0.]
  form_4952_net_capital_gain<2025, (default)> = [0.]
    form_4952_net_investment_gain<2025, (default)> = [0.]
    long_term_capital_gains<2025, (default)> = [    0. 10000.]
    is_tax_unit_dependent<2025, (default)> = [False  True]
    form_4952_capital_gain_distributions<2025, (default)> = [0.]
    short_term_capital_gains<2025, (default)> = [   0. 9000.]
    is_tax_unit_dependent<2025, (default)> = [False  True]
  form_4952_elected_investment_income<2025, (default)> = [0.]
    investment_income_elected_form_4952<2025, (default)> = [    0. 20000.]
    is_tax_unit_dependent<2025, (default)> = [False  True]
    form_4952_qualified_dividends<2025, (default)> = [0.]
    form_4952_net_capital_gain<2025, (default)> = [0.]
  investment_interest_expense_deduction<2025, (default)> = [1000.]
    form_4952_total_investment_interest_expense<2025, (default)> = [5000.]
    form_4952_net_investment_income<2025, (default)> = [1000.]
      form_4952_investment_income<2025, (default)> = [1000.]
        form_4952_gross_investment_income<2025, (default)> = [1000.]
        form_4952_qualified_dividends<2025, (default)> = [0.]
        form_4952_net_investment_gain<2025, (default)> = [0.]
        form_4952_net_capital_gain<2025, (default)> = [0.]
        form_4952_elected_investment_income<2025, (default)> = [0.]
      form_4952_investment_expenses<2025, (default)> = [0.]
  form_4952_investment_interest_carryforward<2025, (default)> = [4000.]
    form_4952_total_investment_interest_expense<2025, (default)> = [5000.]
    form_4952_net_investment_income<2025, (default)> = [1000.]
  interest_deduction<2025, (default)> = [1000.]
    deductible_interest_expense<2025, (default)> = [5000. 5000.]
      deductible_mortgage_interest<2025, (default)> = [0. 0.]
        deductible_mortgage_interest_tax_unit<2025, (default)> = [0.]
          first_home_mortgage_balance<2025, (default)> = [0.]
          second_home_mortgage_balance<2025, (default)> = [0.]
          first_home_mortgage_origination_year<2025, (default)> = [0]
          second_home_mortgage_origination_year<2025, (default)> = [0]
          home_mortgage_interest_tax_unit<2025, (default)> = [0.]
            home_mortgage_interest<2025, (default)> = [0. 0.]
            first_home_mortgage_interest<2025, (default)> = [0.]
            second_home_mortgage_interest<2025, (default)> = [0.]
          filing_status<2025, (default)> = ['HEAD_OF_HOUSEHOLD']
            is_tax_unit_head_or_spouse<2025, (default)> = [ True False]
              is_tax_unit_head<2025, (default)> = [ True False]
              is_tax_unit_spouse<2025, (default)> = [False False]
                is_separated<2025, (default)> = [False False]
                is_child<2025, (default)> = [False  True]
                  age<2025, (default)> = [40. 12.]
                is_tax_unit_head<2025, (default)> = [ True False]
                age<2025, (default)> = [40. 12.]
            is_separated<2025, (default)> = [False False]
            tax_unit_married<2025, (default)> = [False]
              is_tax_unit_spouse<2025, (default)> = [False False]
            surviving_spouse_eligible<2025, (default)> = [False]
              is_tax_unit_head<2025, (default)> = [ True False]
              is_surviving_spouse<2025, (default)> = [False False]
              tax_unit_child_dependents<2025, (default)> = [1]
                is_child_dependent<2025, (default)> = [False  True]
                  is_tax_unit_dependent<2025, (default)> = [False  True]
                  is_qualifying_child_dependent<2025, (default)> = [False  True]
                    is_tax_unit_dependent<2025, (default)> = [False  True]
                    age<2025, (default)> = [40. 12.]
                    is_full_time_student<2025, (default)> = [False  True]
                      is_full_time_college_student<2025, (default)> = [False False]
                      is_in_k12_school<2025, (default)> = [False  True]
                        age<2025, (default)> = [40. 12.]
                  is_qualifying_relative_dependent<2025, (default)> = [False False]
                    is_tax_unit_dependent<2025, (default)> = [False  True]
                    is_qualifying_child_dependent<2025, (default)> = [False  True]
                    is_permanently_and_totally_disabled<2025, (default)> = [False False]
                    dependent_gross_income<2025, (default)> = [    0. 79000.]
                      irs_employment_income<2025, (default)> = [0. 0.]
                        employment_income<2025, (default)> = [0. 0.]
                          employment_income_before_lsr<2025, (default)> = [0. 0.]
                          employment_income_behavioral_response<2025, (default)> = [0. 0.]
                            labor_supply_behavioral_response<2025, (default)> = [0. 0.]
                            employment_income_before_lsr<2025, (default)> = [0. 0.]
                            employment_income_before_lsr<2025, (default)> = [0. 0.]
                            self_employment_income_before_lsr<2025, (default)> = [0. 0.]
                            sstb_self_employment_income_before_lsr<2025, (default)> = [0. 0.]
                        pre_tax_contributions<2025, (default)> = [0. 0.]
                          traditional_401k_contributions<2025, (default)> = [0. 0.]
                            traditional_401k_contributions_desired<2025, (default)> = [0. 0.]
                            elective_deferral_contribution_scale<2025, (default)> = [1. 1.]
                              traditional_401k_contributions_desired<2025, (default)> = [0. 0.]
                              roth_401k_contributions_desired<2025, (default)> = [0. 0.]
                              traditional_403b_contributions_desired<2025, (default)> = [0. 0.]
                              roth_403b_contributions_desired<2025, (default)> = [0. 0.]
                              elective_deferral_limit<2025, (default)> = [23500. 23500.]
                                k401_catch_up_limit<2025, (default)> = [0. 0.]
                                  k401_catch_up_eligible<2025, (default)> = [False False]
                                    age<2025, (default)> = [40. 12.]
                          traditional_403b_contributions<2025, (default)> = [0. 0.]
                            traditional_403b_contributions_desired<2025, (default)> = [0. 0.]
                            elective_deferral_contribution_scale<2025, (default)> = [1. 1.]
                          pre_tax_health_insurance_premiums<2025, (default)> = [0. 0.]
                          health_savings_account_payroll_contributions<2025, (default)> = [0. 0.]
                      self_employment_income<2025, (default)> = [0. 0.]
                        self_employment_income_before_lsr<2025, (default)> = [0. 0.]
                        self_employment_income_behavioral_response<2025, (default)> = [0. 0.]
                          labor_supply_behavioral_response<2025, (default)> = [0. 0.]
                          employment_income_behavioral_response<2025, (default)> = [0. 0.]
                          self_employment_income_before_lsr<2025, (default)> = [0. 0.]
                          sstb_self_employment_income_before_lsr<2025, (default)> = [0. 0.]
                      sstb_self_employment_income<2025, (default)> = [0. 0.]
                        sstb_self_employment_income_before_lsr<2025, (default)> = [0. 0.]
                        sstb_self_employment_income_behavioral_response<2025, (default)> = [0. 0.]
                          labor_supply_behavioral_response<2025, (default)> = [0. 0.]
                          employment_income_behavioral_response<2025, (default)> = [0. 0.]
                          self_employment_income_before_lsr<2025, (default)> = [0. 0.]
                          sstb_self_employment_income_before_lsr<2025, (default)> = [0. 0.]
                      partnership_s_corp_income<2025, (default)> = [0. 0.]
                        partnership_income<2025, (default)> = [0. 0.]
                        s_corp_income<2025, (default)> = [0. 0.]
                      farm_operations_income<2025, (default)> = [0. 0.]
                      farm_rent_income<2025, (default)> = [0. 0.]
                      other_net_gain_gross_income<2025, (default)> = [0. 0.]
                        is_tax_unit_head<2025, (default)> = [ True False]
                        is_tax_unit_spouse<2025, (default)> = [False False]
                        other_net_gain<2025, (default)> = [0.]
                      non_sch_d_capital_gains<2025, (default)> = [0. 0.]
                      taxable_interest_income<2025, (default)> = [ 1000. 50000.]
                      rental_income<2025, (default)> = [0. 0.]
                      dividend_income<2025, (default)> = [    0. 10000.]
                        ordinary_dividend_income<2025, (default)> = [    0. 10000.]
                      taxable_pension_income<2025, (default)> = [0. 0.]
                        taxable_public_pension_income<2025, (default)> = [0. 0.]
                        taxable_private_pension_income<2025, (default)> = [0. 0.]
                      debt_relief<2025, (default)> = [0. 0.]
                      estate_income<2025, (default)> = [0. 0.]
                      unemployment_compensation<2025, (default)> = [0. 0.]
                      illicit_income<2025, (default)> = [0. 0.]
                      taxable_retirement_distributions<2025, (default)> = [0. 0.]
                        taxable_ira_distributions<2025, (default)> = [0. 0.]
                        taxable_401k_distributions<2025, (default)> = [0. 0.]
                        taxable_sep_distributions<2025, (default)> = [0. 0.]
                        taxable_403b_distributions<2025, (default)> = [0. 0.]
                        keogh_distributions<2025, (default)> = [0. 0.]
                      taxable_roth_conversions<2025, (default)> = [0. 0.]
                      miscellaneous_income<2025, (default)> = [0. 0.]
                      ak_permanent_fund_dividend<2025, (default)> = [0. 0.]
                        AK<2025, (default)> = [False]
                          state_code_str<2025, (default)> = ['CA']
                            state_code<2025, (default)> = ['CA']
                              state_name<2025, (default)> = ['CA']
                                state_fips<2025, (default)> = [6]
                      taxable_alimony_income<2025, (default)> = [0. 0.]
                        alimony_income<2025, (default)> = [0. 0.]
                        divorce_year<2025, (default)> = [2010 2010]
                      salt_refund_income<2025, (default)> = [0. 0.]
                      long_term_capital_gains<2025, (default)> = [    0. 10000.]
                      short_term_capital_gains<2025, (default)> = [   0. 9000.]
                      capital_gains<2025, (default)> = [    0. 19000.]
                        short_term_capital_gains<2025, (default)> = [   0. 9000.]
                        long_term_capital_gains<2025, (default)> = [    0. 10000.]
                      dependent_taxable_social_security<2025, (default)> = [0. 0.]
                        is_tax_unit_dependent<2025, (default)> = [False  True]
                        social_security<2025, (default)> = [0. 0.]
                          social_security_dependents<2025, (default)> = [0. 0.]
                          social_security_disability<2025, (default)> = [0. 0.]
                          social_security_retirement<2025, (default)> = [0. 0.]
                          social_security_survivors<2025, (default)> = [0. 0.]
                        dependent_taxable_ss_magi<2025, (default)> = [    0. 79000.]
                          is_tax_unit_dependent<2025, (default)> = [False  True]
                          irs_employment_income<2025, (default)> = [0. 0.]
                          self_employment_income<2025, (default)> = [0. 0.]
                          sstb_self_employment_income<2025, (default)> = [0. 0.]
                          partnership_s_corp_income<2025, (default)> = [0. 0.]
                          farm_operations_income<2025, (default)> = [0. 0.]
                          farm_rent_income<2025, (default)> = [0. 0.]
                          other_net_gain_gross_income<2025, (default)> = [0. 0.]
                          taxable_interest_income<2025, (default)> = [ 1000. 50000.]
                          rental_income<2025, (default)> = [0. 0.]
                          dividend_income<2025, (default)> = [    0. 10000.]
                          taxable_pension_income<2025, (default)> = [0. 0.]
                          debt_relief<2025, (default)> = [0. 0.]
                          estate_income<2025, (default)> = [0. 0.]
                          unemployment_compensation<2025, (default)> = [0. 0.]
                          illicit_income<2025, (default)> = [0. 0.]
                          taxable_retirement_distributions<2025, (default)> = [0. 0.]
                          taxable_roth_conversions<2025, (default)> = [0. 0.]
                          miscellaneous_income<2025, (default)> = [0. 0.]
                          ak_permanent_fund_dividend<2025, (default)> = [0. 0.]
                          taxable_alimony_income<2025, (default)> = [0. 0.]
                          salt_refund_income<2025, (default)> = [0. 0.]
                          dependent_lives_with_spouse<2025, (default)> = [False False]
                            is_tax_unit_dependent<2025, (default)> = [False  True]
                            is_tax_unit_head_or_spouse<2025, (default)> = [ True False]
                            is_tax_unit_head_or_spouse<2025, (default)> = [ True False]
                            is_separated<2025, (default)> = [False False]
                          capital_gains<2025, (default)> = [    0. 19000.]
                          non_sch_d_capital_gains<2025, (default)> = [0. 0.]
                          self_employment_tax_ald_person<2025, (default)> = [0. 0.]
                            self_employment_tax<2025, (default)> = [0. 0.]
                              self_employment_social_security_tax<2025, (default)> = [0. 0.]
                                social_security_taxable_self_employment_income<2025, (default)> = [0. 0.]
                                  taxable_earnings_for_social_security<2025, (default)> = [0. 0.]
                                    payroll_tax_gross_wages<2025, (default)> = [0. 0.]
                                      employment_income<2025, (default)> = [0. 0.]
                                      fica_pre_tax_contributions<2025, (default)> = [0. 0.]
                                        pre_tax_health_insurance_premiums<2025, (default)> = [0. 0.]
                                        health_savings_account_payroll_contributions<2025, (default)> = [0. 0.]
                                  taxable_self_employment_income<2025, (default)> = [0. 0.]
                                    self_employment_income<2025, (default)> = [0. 0.]
                                    sstb_self_employment_income<2025, (default)> = [0. 0.]
                                    farm_operations_income<2025, (default)> = [0. 0.]
                                    partnership_self_employment_net_earnings<2025, (default)> = [0. 0.]
                              self_employment_medicare_tax<2025, (default)> = [0. 0.]
                                taxable_self_employment_income<2025, (default)> = [0. 0.]
                          early_withdrawal_penalty<2025, (default)> = [0. 0.]
                          alimony_expense_ald_person<2025, (default)> = [0. 0.]
                            divorce_year<2025, (default)> = [2010 2010]
                            alimony_expense<2025, (default)> = [0. 0.]
                          educator_expense_ald_person<2025, (default)> = [0. 0.]
                            educator_expense<2025, (default)> = [0. 0.]
                          self_employed_health_insurance_ald_person<2025, (default)> = [0. 0.]
                            total_self_employment_income<2025, (default)> = [0. 0.]
                              self_employment_income<2025, (default)> = [0. 0.]
                              sstb_self_employment_income<2025, (default)> = [0. 0.]
                            self_employed_health_insurance_premiums<2025, (default)> = [0. 0.]
                              is_self_employed<2025, (default)> = [False False]
                          self_employed_pension_contribution_ald_person<2025, (default)> = [0. 0.]
                            total_self_employment_income<2025, (default)> = [0. 0.]
                            self_employed_pension_contributions<2025, (default)> = [0. 0.]
                              self_employed_pension_contributions_desired<2025, (default)> = [0. 0.]
                              self_employed_pension_contribution_limit<2025, (default)> = [0. 0.]
                                total_self_employment_income<2025, (default)> = [0. 0.]
                          traditional_ira_contributions<2025, (default)> = [0. 0.]
                            traditional_ira_contributions_desired<2025, (default)> = [0. 0.]
                            ira_contribution_scale<2025, (default)> = [1. 1.]
                              traditional_ira_contributions_desired<2025, (default)> = [0. 0.]
                              roth_ira_contributions_desired<2025, (default)> = [0. 0.]
                              ira_contribution_limit<2025, (default)> = [7000. 7000.]
                                age<2025, (default)> = [40. 12.]
                          tax_exempt_interest_income<2025, (default)> = [0. 0.]
                        dependent_lives_with_spouse<2025, (default)> = [False False]
                      is_tax_unit_head_or_spouse<2025, (default)> = [ True False]
                  is_permanently_and_totally_disabled<2025, (default)> = [False False]
              tax_unit_married<2025, (default)> = [False]
            head_of_household_eligible<2025, (default)> = [ True]
              tax_unit_married<2025, (default)> = [False]
              is_tax_unit_head_or_spouse<2025, (default)> = [ True False]
              is_separated<2025, (default)> = [False False]
              is_qualifying_child_dependent<2025, (default)> = [False  True]
              is_permanently_and_totally_disabled<2025, (default)> = [False False]
              is_tax_unit_dependent<2025, (default)> = [False  True]
              is_qualifying_relative_dependent<2025, (default)> = [False False]
              is_related_to_head_or_spouse<2025, (default)> = [ True  True]
              surviving_spouse_eligible<2025, (default)> = [False]
        home_mortgage_interest_share<2025, (default)> = [1. 0.]
          is_tax_unit_head_or_spouse<2025, (default)> = [ True False]
          home_mortgage_interest<2025, (default)> = [0. 0.]
      non_mortgage_interest<2025, (default)> = [5000. 5000.]
        investment_interest_expense<2025, (default)> = [5000. 5000.]
    investment_interest_expense<2025, (default)> = [5000. 5000.]
    investment_interest_expense_deduction<2025, (default)> = [1000.]
  net_capital_gain<2025, (default)> = [0.]
    long_term_capital_gains<2025, (default)> = [    0. 10000.]
    is_tax_unit_dependent<2025, (default)> = [False  True]
    form_4952_capital_gain_distributions<2025, (default)> = [0.]
    short_term_capital_gains<2025, (default)> = [   0. 9000.]
    is_tax_unit_dependent<2025, (default)> = [False  True]
    form_4952_elected_investment_income<2025, (default)> = [0.]
    form_4952_net_capital_gain<2025, (default)> = [0.]
    form_4952_qualified_dividends<2025, (default)> = [0.]
  dividend_income_reduced_by_investment_income<2025, (default)> = [0.]
    form_4952_qualified_dividends<2025, (default)> = [0.]
    long_term_capital_gains<2025, (default)> = [    0. 10000.]
    is_tax_unit_dependent<2025, (default)> = [False  True]
    short_term_capital_gains<2025, (default)> = [   0. 9000.]
    is_tax_unit_dependent<2025, (default)> = [False  True]
    form_4952_capital_gain_distributions<2025, (default)> = [0.]
    form_4952_elected_investment_income<2025, (default)> = [0.]
    form_4952_net_capital_gain<2025, (default)> = [0.]
.Computation log:
  total_misc_deductions<2017, (default)> = [3000.]
    unreimbursed_business_employee_expenses<2017, (default)> = [0. 0.]
    tax_preparation_fees<2017, (default)> = [0. 0.]
    investment_expenses<2017, (default)> = [3000. 3000.]
    is_tax_unit_dependent<2017, (default)> = [False  True]
  misc_deduction<2017, (default)> = [1000.]
    total_misc_deductions<2017, (default)> = [3000.]
    positive_agi<2017, (default)> = [100000.]
      adjusted_gross_income<2017, (default)> = [100000.]
  form_4952_investment_expenses<2017, (default)> = [1000.]
    investment_expenses<2017, (default)> = [3000. 3000.]
    is_tax_unit_dependent<2017, (default)> = [False  True]
    unreimbursed_business_employee_expenses<2017, (default)> = [0. 0.]
    is_tax_unit_dependent<2017, (default)> = [False  True]
    tax_preparation_fees<2017, (default)> = [0. 0.]
    is_tax_unit_dependent<2017, (default)> = [False  True]
    investment_expenses<2017, (default)> = [3000. 3000.]
    is_tax_unit_dependent<2017, (default)> = [False  True]
    positive_agi<2017, (default)> = [100000.]
    misc_deduction<2017, (default)> = [1000.]
  investment_interest_expense_deduction<2017, (default)> = [11000.]
    form_4952_total_investment_interest_expense<2017, (default)> = [20000.]
      investment_interest_expense<2017, (default)> = [20000.     0.]
      is_tax_unit_dependent<2017, (default)> = [False  True]
      form_4952_disallowed_investment_interest_expense_prior_year<2017, (default)> = [0.]
    form_4952_net_investment_income<2017, (default)> = [11000.]
      form_4952_investment_income<2017, (default)> = [12000.]
        form_4952_gross_investment_income<2017, (default)> = [12000.]
          taxable_interest_income<2017, (default)> = [12000.     0.]
          is_tax_unit_dependent<2017, (default)> = [False  True]
          ordinary_dividend_income<2017, (default)> = [0. 0.]
            qualified_dividend_income<2017, (default)> = [0. 0.]
            non_qualified_dividend_income<2017, (default)> = [0. 0.]
          is_tax_unit_dependent<2017, (default)> = [False  True]
        form_4952_qualified_dividends<2017, (default)> = [0.]
          qualified_dividend_income<2017, (default)> = [0. 0.]
          is_tax_unit_dependent<2017, (default)> = [False  True]
        form_4952_net_investment_gain<2017, (default)> = [0.]
          long_term_capital_gains<2017, (default)> = [0. 0.]
            long_term_capital_gains_before_response<2017, (default)> = [0. 0.]
            capital_gains_behavioral_response<2017, (default)> = [0. 0.]
          is_tax_unit_dependent<2017, (default)> = [False  True]
          short_term_capital_gains<2017, (default)> = [0. 0.]
          is_tax_unit_dependent<2017, (default)> = [False  True]
          form_4952_capital_gain_distributions<2017, (default)> = [0.]
            is_tax_unit_dependent<2017, (default)> = [False  True]
            non_sch_d_capital_gains<2017, (default)> = [0. 0.]
        form_4952_net_capital_gain<2017, (default)> = [0.]
          form_4952_net_investment_gain<2017, (default)> = [0.]
          long_term_capital_gains<2017, (default)> = [0. 0.]
          is_tax_unit_dependent<2017, (default)> = [False  True]
          form_4952_capital_gain_distributions<2017, (default)> = [0.]
          short_term_capital_gains<2017, (default)> = [0. 0.]
          is_tax_unit_dependent<2017, (default)> = [False  True]
        form_4952_elected_investment_income<2017, (default)> = [0.]
          investment_income_elected_form_4952<2017, (default)> = [0. 0.]
          is_tax_unit_dependent<2017, (default)> = [False  True]
          form_4952_qualified_dividends<2017, (default)> = [0.]
          form_4952_net_capital_gain<2017, (default)> = [0.]
      form_4952_investment_expenses<2017, (default)> = [1000.]
.

=============================== warnings summary ===============================
../../../PolicyEngine/_worktrees/pe-us-backlog/main/.venv/lib/python3.13/site-packages/_pytest/config/__init__.py:1345
  /Users/maxghenis/PolicyEngine/_worktrees/pe-us-backlog/main/.venv/lib/python3.13/site-packages/_pytest/config/__init__.py:1345: PytestAssertRewriteWarning: Module already imported so cannot be rewritten; anyio
    self._mark_plugins_for_rewrite(hook, disable_autoload)

-- Docs: https://docs.pytest.org/en/stable/how-to/capture-warnings.html
======================== 25 passed, 1 warning in 28.64s ========================
      185.74 real        35.62 user         3.35 sys
time: sysctl kern.clockrate: Operation not permitted
